customer_id,transaction_count,total_amount,avg_amount,max_risk_score,avg_risk_score
C06075,15,2610.22,174.01466666666664,0.93,0.39066666666666666
C07096,407,51137.3,125.64447174447176,0.88,0.14584766584766584
C11919,974,48663.18,49.96219712525667,0.97,0.223911704312115
C07867,3166,380577.82,120.20777637397347,0.95,0.16118130132659508
C06743,33,3646.13,110.48878787878789,0.29,0.10818181818181817
C10193,348,34484.53,99.09347701149424,0.86,0.14514367816091953
C11923,10361,408787.93,39.45448605346974,0.97,0.18133963903098158
C08925,296,44950.06,151.8583108108108,0.66,0.12760135135135137
C09301,3006,369027.9,122.76377245508982,0.96,0.16294743845642048
C03218,10344,1340913.1,129.63197022428463,0.96,0.15427397525135345
C08945,3490,439395.48,125.90128366762177,0.98,0.1617134670487106
C06598,74,3564.83,48.17337837837838,0.84,0.22783783783783784
C08662,592,60362.67,101.96396959459459,0.92,0.15447635135135135
C11709,4209,519462.14,123.41699691138038,0.96,0.15813970064148253
C07648,3693,492297.51,133.30558082859463,0.94,0.1579989168697536
C03575,1998,245280.08,122.7628028028028,0.98,0.15706206206206205
C03847,5,402.53,80.506,0.15,0.086
C10234,20,5545.86,277.293,0.32,0.133
C09711,168,17854.35,106.27589285714285,0.49,0.12970238095238096
C09339,23,1003.98,43.65130434782609,0.6,0.18956521739130436
C03622,31,16652.24,537.1690322580646,0.48,0.12967741935483873
C05704,2988,542790.5,181.6567938420348,0.96,0.2592336010709505
C09947,151,15879.44,105.16185430463577,0.77,0.1374834437086093
C05283,190,20070.81,105.63584210526317,0.69,0.13542105263157894
C12942,1364,287703.55,210.92635630498532,0.94,0.2557844574780059
C01109,3929,637577.49,162.27474930007637,0.94,0.14299058284550778
C09363,2428,297786.2,122.64670510708403,0.95,0.14467462932454694
C01525,326,13303.58,40.80852760736196,0.95,0.207239263803681
C01909,2038,285152.11,139.91762021589793,0.93,0.15483807654563297
C10906,514,57272.74,111.42556420233463,0.86,0.1504863813229572
C12593,156,29154.8,186.88974358974357,0.49,0.13333333333333333
C12961,1799,487576.87,271.0266092273485,0.95,0.2032295719844358
C03363,1257,124746.14,99.2411614956245,0.91,0.15178202068416866
C02354,7091,1000859.91,141.1451008320406,0.94,0.15104639684106613
C10745,296,45424.88,153.46243243243242,0.95,0.14807432432432432
C04108,2506,603717.88,240.90897047086992,0.97,0.27305267358339985
C07870,280,34280.6,122.43071428571427,0.94,0.14075
C10333,104,14007.41,134.6866346153846,0.92,0.15307692307692308
C13171,928,50362.89,54.27035560344827,0.95,0.22127155172413793
C02231,695,181106.3,260.58460431654674,0.98,0.2986187050359712
C05362,253,64123.94,253.45430830039527,0.89,0.20300395256916995
C04960,39,4294.97,110.1274358974359,0.4,0.12512820512820513
C11000,3748,1048867.9,279.8473585912486,0.98,0.23189967982924226
C10679,88,6740.14,76.5925,0.59,0.1527272727272727
C01953,271,37473.72,138.27940959409594,0.89,0.13715867158671588
C09221,543,49420.87,91.01449355432781,0.94,0.15243093922651932
C12758,47,10026.63,213.33255319148935,0.88,0.2668085106382979
C08924,304,11989.67,39.43970394736842,0.8,0.1369407894736842
C11625,723,85670.66,118.49330567081604,0.77,0.14500691562932227
C04105,1461,167402.3,114.58062970568103,0.94,0.15299794661190966
C00750,4410,1193799.47,270.7028276643991,0.99,0.2362312925170068
C09486,71,7112.79,100.18014084507043,0.47,0.1263380281690141
C04597,2062,80057.62,38.82522793404461,0.97,0.19035402521823472
C12517,2067,247769.79,119.86927431059507,0.96,0.1429124334784712
C05854,194,32730.28,168.71278350515465,0.84,0.1518041237113402
C03230,64,6316.95,98.70234375,0.43,0.11109375
C12136,476,70176.76,147.43016806722687,0.87,0.14808823529411763
C06872,26,1795.42,69.05461538461539,0.9,0.22230769230769232
C06248,1,80.05,80.05,0.19,0.19
C12094,1722,197265.47,114.55602206736353,0.91,0.1490534262485482
C05312,50,6320.39,126.40780000000001,0.96,0.23900000000000002
C08742,454,46409.35,102.22323788546255,0.81,0.12993392070484583
C09276,59,6743.37,114.29440677966102,0.58,0.13576271186440678
C12234,504,61903.27,122.8239484126984,0.89,0.15089285714285713
C08842,788,129047.21,163.7654949238579,0.99,0.161002538071066
C07505,125,22964.86,183.71888,0.67,0.1384
C13001,332,62225.75,187.4269578313253,0.89,0.1647289156626506
C08037,286,29913.69,104.59332167832167,0.92,0.13744755244755247
C09936,31,1484.43,47.884838709677425,0.39,0.1267741935483871
C00259,60,3036.53,50.60883333333334,0.88,0.16116666666666665
C12863,77,20009.32,259.8612987012987,0.58,0.14402597402597403
C08841,101,18048.28,178.69584158415842,0.89,0.15594059405940594
C02515,404,34053.15,84.28997524752475,0.92,0.14
C08605,61,6722.33,110.20213114754098,0.72,0.13295081967213113
C09998,113,13127.61,116.17353982300885,0.84,0.1427433628318584
C05560,996,282053.98,283.1867269076305,0.97,0.2492971887550201
C01828,333,24246.39,72.81198198198199,0.96,0.23837837837837836
C09872,39,5964.2,152.92820512820512,0.9,0.28923076923076924
C09253,21,3671.9,174.85238095238097,0.39,0.10857142857142857
C08391,700,22434.21,32.048871428571424,0.93,0.17718571428571428
C01048,77,6722.7699999999995,87.3087012987013,0.68,0.15636363636363637
C03047,1790,182715.23,102.07554748603353,0.96,0.1584469273743017
C00272,47,6524.4800000000005,138.81872340425534,0.38,0.11404255319148937
C06791,22,2280.83,103.6740909090909,0.33,0.15545454545454546
C10656,29,3674.48,126.70620689655172,0.4,0.10172413793103449
C09405,54,9157.71,169.5872222222222,0.62,0.15574074074074074
C05622,175,18274.24,104.42422857142859,0.46,0.12
C03277,16,2522.12,157.6325,0.88,0.245625
C11464,782,84458.1,108.0026854219949,0.95,0.15080562659846547
C07212,2522,520071.13,206.21377081681206,0.98,0.27211736716891355
C02250,1651,445758.65,269.9931253785585,0.97,0.1819503331314355
C05689,702,82436.12,117.43037037037037,0.89,0.13821937321937322
C01154,339,109983.67,324.435604719764,0.99,0.3076401179941003
C02331,106,8635.94,81.4711320754717,0.5,0.13066037735849056
C10755,63,11833.11,187.82714285714286,0.89,0.24047619047619048
C05078,78,7049.96,90.38410256410256,0.52,0.13807692307692307
C11227,1060,298884.0,281.96603773584906,0.95,0.21024528301886794
C02342,580,99314.92,171.23262068965516,0.96,0.26163793103448274
C12907,36,2583.65,71.76805555555556,0.46,0.13416666666666666
C05996,167,6694.64,40.08766467065868,0.91,0.20359281437125748
C08027,110,16023.72,145.67018181818182,0.5,0.13390909090909092
C06055,47,3091.96,65.78638297872341,0.53,0.14829787234042552
C12682,364,89945.15,247.10206043956043,0.92,0.1814835164835165
C10270,48,7894.2300000000005,164.46312500000002,0.82,0.168125
C12598,728,83736.4,115.02252747252747,0.87,0.14574175824175822
C12982,262,14699.92,56.106564885496184,0.91,0.18656488549618322
C06147,2080,201066.48,96.66657692307693,0.93,0.1439951923076923
C13440,14932,1511269.75,101.21013594963836,0.98,0.14284958478435575
C03351,84,21319.79,253.80702380952383,0.9,0.15726190476190477
C12722,14,5478.85,391.3464285714286,0.78,0.16571428571428573
C04361,340,68224.18,200.65935294117645,0.93,0.18961764705882353
C00614,431,39274.9,91.12505800464038,0.86,0.14670533642691416
C10867,1383,171537.72,124.03305856832972,0.77,0.1372234273318872
C10852,213,48450.08,227.46516431924883,0.88,0.1847887323943662
C06885,124,15753.09,127.04104838709678,0.67,0.13516129032258065
C06811,83,14561.88,175.44433734939759,0.9,0.13180722891566266
C09671,49,11044.66,225.4012244897959,0.73,0.18326530612244898
C07033,111,10907.64,98.26702702702703,0.92,0.22405405405405407
C03771,20,1194.49,59.7245,0.32,0.1405
C09165,1681,392975.81,233.77502082093991,0.93,0.21262343842950626
C12084,673,56978.56,84.66353640416047,0.92,0.14338781575037146
C03851,506,46368.18,91.63671936758894,0.9,0.14837944664031621
C01333,1767,203428.17,115.126298811545,0.9,0.16601584606677985
C01521,411,23391.68,56.91406326034063,0.96,0.2686861313868613
C09750,66,9756.61,147.82742424242426,0.61,0.11257575757575757
C00844,51,11700.36,229.41882352941178,0.82,0.1737254901960784
C07220,206,7621.62,36.99815533980583,0.94,0.19839805825242718
C01563,73,16983.43,232.64972602739726,0.86,0.28616438356164386
C01954,146,21965.71,150.45006849315067,0.93,0.13726027397260274
C13449,140,14678.23,104.8445,0.75,0.14107142857142857
C10955,396,92978.11,234.79320707070707,0.95,0.20767676767676765
C10516,82,9900.539999999999,120.73829268292681,0.73,0.15000000000000002
C04582,39,8803.57,225.73256410256408,0.42,0.13076923076923075
C02134,285,40251.87,141.2346315789474,0.66,0.13621052631578948
C00331,310,34577.54,111.54045161290323,0.89,0.1454516129032258
C02608,142,12277.82,86.46352112676057,0.71,0.13190140845070422
C06403,1051,97241.71,92.52303520456708,0.91,0.1403520456707897
C05196,34,3519.2,103.50588235294117,0.49,0.15382352941176472
C00969,121,16228.49,134.1197520661157,0.8,0.14520661157024795
C00732,10,1121.45,112.14500000000001,0.76,0.22400000000000003
C00094,809,114727.91,141.81447466007418,0.92,0.15328800988875155
C02902,3152,382644.31,121.39730647208121,0.96,0.15433692893401016
C03412,101,31557.19,312.44742574257424,0.88,0.20554455445544556
C10239,19,4364.31,229.7005263157895,0.3,0.11473684210526316
C07058,54,4446.16,82.3362962962963,0.45,0.13092592592592592
C11883,2,250.17000000000002,125.08500000000001,0.72,0.38
C03474,303,56573.52,186.71128712871285,0.94,0.23887788778877886
C03649,18,1455.29,80.84944444444444,0.92,0.17722222222222223
C05958,77,21148.98,274.6620779220779,0.84,0.20363636363636364
C07803,8,972.1800000000001,121.52250000000001,0.29,0.07375
C12124,201,16767.97,83.42273631840797,0.56,0.14303482587064675
C07523,315,34579.82,109.77720634920635,0.86,0.1511111111111111
C09184,11,1346.49,122.40818181818182,0.4,0.17090909090909093
C05128,525,82181.62,156.53641904761903,0.82,0.13441904761904763
C04034,894,35552.35,39.767729306487695,0.98,0.2445413870246085
C03556,87,7988.63,91.82333333333334,0.47,0.13770114942528736
C08120,35,3007.26,85.92171428571429,0.45,0.14714285714285716
C05961,120,12811.69,106.76408333333333,0.64,0.15908333333333333
C05098,2,1243.92,621.96,0.03,0.03
C10778,16,1576.75,98.546875,0.76,0.2725
C05276,198,19539.49,98.68429292929294,0.83,0.1322222222222222
C11309,1538,310758.88,202.05388816644995,0.96,0.27195058517555265
C05277,11,1151.5,104.68181818181819,0.26,0.08636363636363636
C10397,62,7957.04,128.33935483870968,0.41,0.13016129032258064
C04313,92,16208.78,176.18239130434785,0.94,0.17456521739130434
C11873,369,72751.66,197.1589701897019,0.87,0.14734417344173442
C10553,682,207713.33,304.565,0.93,0.18548387096774194
C05010,11,3297.1,299.73636363636365,0.35,0.13454545454545455
C11929,560,61749.7,110.26732142857142,0.93,0.14144642857142856
C08749,13,892.27,68.63615384615385,0.52,0.1630769230769231
C06678,42,3479.5,82.8452380952381,0.37,0.13476190476190478
C13372,59,2824.47,47.87237288135593,0.87,0.29288135593220344
C09827,320,35226.2,110.081875,0.76,0.121875
C05258,20,6330.95,316.5475,0.39,0.1065
C01959,8,665.05,83.13125,0.72,0.43
C03883,1,40.01,40.01,0.01,0.01
C07227,208,20574.08,98.91384615384617,0.9,0.12951923076923078
C03858,43,4200.6,97.68837209302326,0.89,0.1630232558139535
C07504,40,3193.07,79.82675,0.47,0.154
C04707,5,151.72,30.344,0.34,0.17200000000000001
C11917,12,3242.89,270.24083333333334,0.42,0.11333333333333333
C11468,126,15556.06,123.46079365079365,0.85,0.11634920634920635
C07936,875,123519.5,141.16514285714285,0.93,0.15573714285714288
C00773,539,67086.54,124.46482374768088,0.91,0.15263450834879405
C01347,227,65783.05,289.79317180616744,0.94,0.2599118942731278
C11294,332,61915.65,186.492921686747,0.91,0.21572289156626506
C10911,11,553.08,50.28,0.56,0.16727272727272727
C02575,213,38007.27,178.43788732394364,0.82,0.1472300469483568
C11743,214,25519.19,119.24855140186915,0.63,0.13878504672897196
C09286,107,9998.04,93.43962616822431,0.83,0.14214953271028039
C12426,257,28561.58,111.13455252918288,0.62,0.1403112840466926
C04893,597,67630.08,113.28321608040201,0.88,0.14080402010050252
C12311,318,31863.07,100.19833333333334,0.86,0.13880503144654088
C07858,1008,96612.01,95.84524801587301,0.95,0.1438095238095238
C04543,54,10645.79,197.1442592592593,0.41,0.13111111111111112
C12417,42,5290.21,125.95738095238096,0.88,0.12761904761904763
C00129,280,25858.12,92.35042857142857,0.75,0.13514285714285715
C01254,191,13379.38,70.04910994764397,0.5,0.13272251308900523
C08072,246,46602.25,189.4400406504065,0.9,0.21536585365853658
C04383,23,1396.8999999999999,60.734782608695646,0.3,0.11521739130434783
C04798,185,21237.77,114.79875675675676,0.65,0.15091891891891893
C09666,839,119102.48,141.95766388557806,0.93,0.14240762812872468
C04696,5,604.9000000000001,120.98000000000002,0.32,0.132
C08824,20,3413.79,170.6895,0.8,0.252
C09876,128,30866.09,241.141328125,0.8,0.2046875
C05876,991,79341.74,80.06230070635722,0.91,0.1576084762865792
C07871,257,80232.58,312.1890272373541,0.88,0.2519455252918288
C12894,14,914.72,65.33714285714287,0.31,0.1335714285714286
C04026,232,22180.85,95.6071120689655,0.55,0.14232758620689656
C01974,7,851.8399999999999,121.69142857142856,0.31,0.12428571428571429
C04693,36,2338.77,64.96583333333334,0.58,0.17388888888888887
C10364,137,25875.58,188.87284671532848,0.97,0.17021897810218978
C09981,493,60830.87,123.38918864097364,0.85,0.1377079107505071
C08181,30,2807.98,93.59933333333333,0.55,0.14966666666666667
C12833,14,1674.8700000000001,119.63357142857144,0.81,0.3692857142857143
C05782,457,69357.96,151.7679649890591,0.63,0.13319474835886216
C10661,128,13494.64,105.426875,0.94,0.14296875
C07456,87,8974.76,103.15816091954024,0.67,0.14517241379310344
C08913,180,41038.01,227.98894444444446,0.94,0.2445
C09159,308,41516.27,134.79308441558442,0.84,0.14925324675324675
C12572,87,10890.65,125.17988505747125,0.4,0.1210344827586207
C11522,875,212528.23,242.88940571428572,0.98,0.1930171428571429
C11061,22,5800.34,263.6518181818182,0.82,0.365
C03171,49,5034.3,102.74081632653062,0.5,0.11571428571428571
C10800,12,1914.13,159.51083333333335,0.6,0.24666666666666667
C10687,36,3886.14,107.94833333333332,0.43,0.13194444444444445
C02817,2,266.89,133.445,0.15,0.08
C03714,254,25427.47,100.10814960629922,0.79,0.1386220472440945
C07671,1569,176387.32,112.4202166985341,0.89,0.1352836201402167
C08614,126,19903.53,157.9645238095238,0.92,0.1388888888888889
C12489,8,939.81,117.47625,0.53,0.19
C11381,331,29360.5,88.70241691842901,0.81,0.1463141993957704
C01308,16,4489.47,280.591875,0.44,0.11875
C00823,94,14288.04,152.0004255319149,0.69,0.13521276595744683
C00424,5,188.06,37.612,0.35,0.16599999999999998
C09342,15,1027.48,68.49866666666667,0.21,0.10600000000000001
C13033,27,5874.9800000000005,217.59185185185186,0.35,0.09111111111111111
C12738,35,4296.0,122.74285714285715,0.87,0.168
C02480,416,95551.47,229.69103365384615,0.87,0.22300480769230768
C03415,3,45.019999999999996,15.006666666666666,0.18,0.12333333333333334
C08269,682,104875.71,153.7767008797654,0.98,0.16118768328445748
C12030,47,10114.51,215.20234042553193,0.34,0.12148936170212767
C12345,14,2035.62,145.40142857142857,0.54,0.16071428571428573
C11082,45,14208.29,315.7397777777778,0.71,0.15622222222222223
C04865,530,108223.78,204.19581132075473,0.95,0.26060377358490566
C03320,13,1454.1,111.85384615384615,0.39,0.12923076923076923
C08899,27,2250.4,83.34814814814816,0.39,0.13814814814814816
C02309,603,52382.02,86.8690215588723,0.94,0.1328524046434494
C02380,16,1468.3,91.76875,0.45,0.12375
C11539,988,236674.49,239.5490789473684,0.94,0.22394736842105262
C12829,1,209.95,209.95,0.03,0.03
C03405,505,119721.43,237.07213861386137,0.92,0.16322772277227723
C01374,321,41710.78,129.9401246105919,0.7,0.13426791277258568
C06253,58,4642.72,80.04689655172415,0.77,0.1453448275862069
C04762,21,3479.98,165.71333333333334,0.38,0.1542857142857143
C07919,1019,110565.6,108.50402355250246,0.9,0.14438665358194308
C10715,760,94162.58,123.89813157894737,0.86,0.15322368421052632
C06888,4,1099.8600000000001,274.96500000000003,0.21,0.145
C06890,9,1157.17,128.57444444444445,0.35,0.13444444444444445
C05595,54,2631.18,48.72555555555555,0.85,0.20703703703703702
C00051,42,14964.1,356.28809523809525,0.83,0.2564285714285714
C02923,92,16193.619999999999,176.01760869565217,0.88,0.1882608695652174
C12676,3,300.01,100.00333333333333,0.58,0.2866666666666667
C08598,21,3904.61,185.93380952380954,0.64,0.20476190476190476
C01252,5,287.06,57.412,0.39,0.178
C05443,19,4398.62,231.5063157894737,0.39,0.12631578947368421
C07387,35,1963.79,56.108285714285714,0.53,0.16514285714285715
C06481,123,18404.11,149.6269105691057,0.8,0.13658536585365855
C09584,35,6324.59,180.70257142857145,0.33,0.13742857142857146
C04478,11,1081.05,98.27727272727272,0.47,0.12818181818181817
C04834,41,4176.7300000000005,101.87146341463416,0.85,0.18292682926829268
C08635,88,5041.63,57.29125,0.88,0.19829545454545452
C03488,108,5314.07,49.20435185185185,0.88,0.17759259259259258
C11005,87,21662.4,248.9931034482759,0.93,0.2374712643678161
C02764,266,33261.64,125.04375939849623,0.67,0.1268045112781955
C13259,2,275.0,137.5,0.49,0.29
C11059,74,10817.49,146.18229729729728,0.6,0.1268918918918919
C10585,126,27575.14,218.85031746031746,0.95,0.2561111111111111
C05115,198,45924.62,231.94252525252526,0.91,0.19217171717171716
C13516,74,10892.79,147.19986486486488,0.49,0.13864864864864865
C03667,2,249.01999999999998,124.50999999999999,0.84,0.575
C04709,214,29665.88,138.6256074766355,0.94,0.1508411214953271
C11702,29,1798.62,62.02137931034483,0.9,0.30310344827586205
C01010,197,27575.94,139.97939086294414,0.78,0.136497461928934
C09657,1343,62548.49,46.57370811615785,0.95,0.22303797468354433
C13354,322,39549.21,122.82363354037267,0.94,0.15717391304347825
C07215,55,12062.86,219.32472727272727,0.85,0.2583636363636364
C06348,46,6568.22,142.78739130434784,0.81,0.1910869565217391
C01110,50,4218.5,84.37,0.43,0.1376
C01061,2,854.05,427.025,0.28,0.22000000000000003
C09820,272,37772.83,138.87069852941178,0.84,0.1550735294117647
C05171,62,10782.82,173.91645161290322,0.96,0.1282258064516129
C09420,232,33974.58,146.4421551724138,0.82,0.14844827586206896
C11583,4,1924.9,481.225,0.37,0.22499999999999998
C11906,314,32718.66,104.19955414012739,0.85,0.14372611464968155
C12652,16,3056.73,191.045625,0.49,0.1575
C00059,589,60630.83,102.9385908319185,0.92,0.1333616298811545
C01286,4,299.92,74.98,0.6,0.2175
C11852,155,40419.23,260.76922580645163,0.92,0.1992258064516129
C12981,71,8917.83,125.60323943661972,0.4,0.12492957746478875
C07335,84,11723.33,139.56345238095238,0.51,0.15357142857142858
C04062,74,10264.56,138.71027027027026,0.75,0.1314864864864865
C11176,1,171.01,171.01,0.22,0.22
C00089,9,634.22,70.4688888888889,0.27,0.09111111111111111
C05448,40,4409.52,110.23800000000001,0.77,0.1545
C06327,8,949.9300000000001,118.74125000000001,0.67,0.30125
C04525,6,1051.01,175.16833333333332,0.23,0.09666666666666668
C10320,120,36973.16,308.10966666666667,0.93,0.26333333333333336
C11768,14,3023.6200000000003,215.97285714285718,0.34,0.13714285714285715
C02566,11,2054.91,186.80999999999997,0.86,0.3145454545454545
C10900,35,13018.13,371.9465714285714,0.83,0.20428571428571426
C11701,2,519.8399999999999,259.91999999999996,0.07,0.05
C02646,11,1087.95,98.90454545454546,0.87,0.28363636363636363
C04764,20,3349.98,167.499,0.74,0.259
C02930,26,1113.29,42.81884615384615,0.76,0.18769230769230769
C11216,54,5164.3,95.6351851851852,0.4,0.12425925925925926
C07149,875,131560.76,150.3551542857143,0.95,0.15172571428571427
C09354,243,12336.2,50.766255144032925,0.96,0.20592592592592593
C01248,9,1012.26,112.47333333333333,0.33,0.15777777777777777
C03651,91,11068.72,121.63428571428571,0.92,0.14912087912087912
C03722,44,10575.130000000001,240.34386363636366,0.52,0.1527272727272727
C07741,785,162596.83,207.1297197452229,0.93,0.18378343949044587
C04701,27,2389.17,88.48777777777778,0.45,0.12037037037037036
C07997,152,29217.8,192.22236842105264,0.95,0.22177631578947368
C01942,31,3969.56,128.05032258064517,0.72,0.14967741935483872
C10006,31,6263.23,202.03967741935483,0.38,0.09580645161290323
C03204,7,279.94,39.99142857142857,0.25,0.1285714285714286
C08695,50,8188.3,163.766,0.51,0.1346
C08775,17,2319.41,136.43588235294118,0.69,0.2958823529411765
C09191,10,1119.6,111.96,0.46,0.16999999999999998
C13053,16,3045.46,190.34125,0.7,0.176875
C08542,42,4103.66,97.70619047619047,0.5,0.1438095238095238
C11687,272,27701.73,101.8445955882353,0.72,0.12948529411764706
C03839,60,10633.01,177.21683333333334,0.83,0.181
C09087,7,556.63,79.51857142857143,0.33,0.1457142857142857
C07276,15,1067.16,71.144,0.32,0.10066666666666667
C08321,34,7600.59,223.54676470588237,0.64,0.12323529411764707
C13346,9,1096.59,121.84333333333332,0.39,0.14444444444444446
C11494,17,3565.81,209.7535294117647,0.85,0.25882352941176473
C07889,3,792.84,264.28000000000003,0.14,0.09333333333333334
C04408,15,1201.72,80.11466666666666,0.36,0.14400000000000002
C02346,18,3095.96,171.99777777777777,0.42,0.1383333333333333
C03411,332,34492.36,103.89265060240965,0.92,0.14858433734939758
C01337,34,2440.44,71.77764705882353,0.43,0.13529411764705881
C09650,8,1759.9499999999998,219.99374999999998,0.67,0.28750000000000003
C01988,25,2448.34,97.93360000000001,0.32,0.14959999999999998
C04118,487,63994.48,131.40550308008216,0.81,0.12926078028747434
C00195,30,7861.8,262.06,0.5,0.14333333333333334
C03670,8,6257.31,782.16375,0.31,0.14875
C06845,55,4939.15,89.80272727272727,0.46,0.14381818181818182
C05318,50,3839.48,76.78960000000001,0.56,0.163
C05164,28,2652.7599999999998,94.74142857142856,0.3,0.09571428571428572
C12097,77,10131.7,131.58051948051948,0.4,0.12766233766233767
C08597,245,47000.37,191.83824489795919,0.91,0.19608163265306122
C04112,6,899.95,149.99166666666667,0.8,0.32666666666666666
C12003,40,2239.63,55.990750000000006,0.45,0.126
C06658,50,8108.93,162.17860000000002,0.92,0.2334
C07906,1,49.92,49.92,0.18,0.18
C04285,209,53156.38,254.33674641148323,0.86,0.178133971291866
C12542,46,3643.61,79.20891304347826,0.9,0.17043478260869566
C00409,71,7170.76,100.99661971830986,0.7,0.1304225352112676
C00101,26,2396.34,92.16692307692308,0.38,0.14615384615384616
C02456,107,3299.5299999999997,30.836728971962614,0.9,0.1746728971962617
C12060,78,6881.1,88.21923076923078,0.82,0.16166666666666665
C02094,102,21430.9,210.10686274509806,0.84,0.18313725490196078
C10915,57,6326.72,110.99508771929825,0.5,0.1326315789473684
C13542,48,7631.23,158.98395833333333,0.49,0.125
C08622,18,2749.71,152.76166666666666,0.4,0.14666666666666667
C09261,22,4198.66,190.8481818181818,0.4,0.14818181818181816
C11441,12,1050.43,87.53583333333334,0.37,0.14166666666666666
C01735,7,377.1,53.871428571428574,0.31,0.12285714285714286
C05129,105,14727.52,140.26209523809524,0.52,0.13133333333333333
C11257,41,2723.58,66.42878048780487,0.73,0.2453658536585366
C07076,34,6081.05,178.8544117647059,0.82,0.21088235294117647
C10760,421,15951.78,37.89021377672209,0.89,0.1814726840855107
C03787,29,4156.7699999999995,143.33689655172412,0.9,0.17448275862068968
C13337,21,1837.59,87.50428571428571,0.32,0.12142857142857141
C05011,165,26882.26,162.92278787878786,0.92,0.15721212121212122
C08422,20,2139.19,106.9595,0.4,0.11200000000000002
C10752,16,1642.73,102.670625,0.38,0.13625
C11533,364,53714.62,147.56763736263736,0.88,0.1498901098901099
C11662,10,1900.3899999999999,190.039,0.62,0.242
C06552,122,15028.51,123.18450819672131,0.52,0.14704918032786887
C06800,34,4194.7,123.37352941176471,0.9,0.17647058823529413
C00642,425,51191.58,120.45077647058824,0.78,0.15350588235294116
C04352,209,41036.159999999996,196.34526315789472,0.82,0.19631578947368422
C01706,37,4429.11,119.70567567567566,0.43,0.13324324324324324
C03532,202,18901.05,93.56955445544554,0.6,0.12801980198019802
C05120,5,2514.45,502.89,0.31,0.21800000000000003
C10873,75,44783.36,597.1114666666667,0.4,0.12133333333333333
C07847,367,47388.090000000004,129.12286103542235,0.84,0.14051771117166212
C08460,89,11112.29,124.85719101123597,0.52,0.1403370786516854
C10386,41,9862.3,240.54390243902438,0.32,0.12341463414634148
C04157,16,1390.02,86.87625,0.86,0.349375
C13328,98,21135.07,215.66397959183672,0.85,0.27030612244897956
C01855,253,57568.75,227.54446640316206,0.91,0.20134387351778654
C09064,53,8834.05,166.68018867924528,0.9,0.18433962264150944
C03201,9,275.82,30.646666666666665,0.31,0.09333333333333334
C09274,315,72204.13,229.21946031746035,0.95,0.2467936507936508
C04248,234,10733.6,45.87008547008547,0.89,0.2242735042735043
C06388,20,1582.41,79.1205,0.31,0.15250000000000002
C12321,11,990.07,90.00636363636364,0.79,0.3727272727272727
C04548,34,7199.47,211.74911764705882,0.45,0.15058823529411766
C07336,12,1475.29,122.94083333333333,0.84,0.34249999999999997
C09608,25,2701.56,108.0624,0.65,0.14600000000000002
C00509,27,2767.89,102.51444444444444,0.89,0.17629629629629628
C03299,191,23476.34,122.91277486910995,0.89,0.17293193717277489
C11319,40,1384.65,34.61625,0.74,0.144
C10946,1,49.96,49.96,0.16,0.16
C07954,28,2834.83,101.24392857142857,0.51,0.12214285714285714
C00522,8,941.84,117.73,0.34,0.13875
C03042,79,11421.29,144.57329113924052,0.87,0.27329113924050635
C12626,74,14292.37,193.14013513513515,0.87,0.16932432432432432
C05576,9,1144.49,127.16555555555556,0.2,0.09111111111111111
C11362,58,7835.01,135.08637931034482,0.43,0.1110344827586207
C13117,8,889.91,111.23875,0.09,0.045
C06840,123,9453.92,76.86113821138211,0.9,0.18617886178861787
C02708,22,1795.99,81.6359090909091,0.35,0.11863636363636364
C05393,5,627.08,125.41600000000001,0.32,0.22000000000000003
C13408,26,1280.23,49.239615384615384,0.5,0.1473076923076923
C01782,123,34289.11,278.7732520325203,0.97,0.19235772357723577
C08780,4,579.53,144.8825,0.76,0.2575
C00779,198,19007.79,95.9989393939394,0.85,0.14186868686868687
C09795,75,6801.42,90.68560000000001,0.54,0.1524
C06681,13,1303.55,100.27307692307691,0.35,0.09461538461538462
C10015,26,6048.32,232.62769230769229,0.79,0.21384615384615382
C03933,314,62212.81,198.12996815286624,0.91,0.20528662420382168
C11872,7,2053.82,293.40285714285716,0.38,0.1042857142857143
C00081,50,7628.29,152.5658,0.41,0.1376
C03696,156,20425.47,130.9325,0.83,0.1312179487179487
C11726,2,138.35,69.175,0.38,0.20500000000000002
C10365,49,9481.28,193.49551020408165,0.47,0.13224489795918368
C12826,21,2175.54,103.59714285714286,0.53,0.19285714285714284
C08240,7,585.57,83.65285714285714,0.25,0.16142857142857142
C01002,202,11359.2,56.233663366336636,0.93,0.2002970297029703
C05820,92,8402.49,91.33141304347826,0.76,0.15358695652173915
C03449,23,3826.73,166.3795652173913,0.89,0.18434782608695652
C09733,93,8335.04,89.62408602150539,0.52,0.1293548387096774
C07626,75,23355.3,311.404,0.8,0.15853333333333333
C02780,695,95624.57,137.589309352518,0.93,0.14427338129496403
C06873,31,5616.37,181.1732258064516,0.68,0.14225806451612905
C06438,139,28341.25,203.89388489208633,0.95,0.1359712230215827
C04281,2,174.95999999999998,87.47999999999999,0.65,0.42000000000000004
C10227,1,16.28,16.28,0.14,0.14
C01661,12,1951.51,162.62583333333333,0.27,0.13583333333333333
C00386,72,12076.19,167.72486111111112,0.77,0.1825
C03061,23,1962.56,85.3286956521739,0.46,0.13434782608695653
C06306,2,1115.8500000000001,557.9250000000001,0.24,0.2
C00543,97,15827.0,163.16494845360825,0.53,0.13422680412371132
C08875,16,2036.68,127.2925,0.31,0.12875
C02112,28,2237.37,79.90607142857142,0.33,0.12321428571428572
C13486,382,35843.23,93.83044502617801,0.81,0.1425130890052356
C03024,93,11658.32,125.35827956989247,0.44,0.14537634408602151
C00704,56,6452.14,115.21678571428572,0.55,0.14535714285714288
C11479,28,4399.63,157.12964285714287,0.32,0.12321428571428572
C09742,65,4170.83,64.16661538461538,0.84,0.26046153846153847
C10949,25,536.11,21.4444,0.46,0.114
C09289,101,11215.86,111.0481188118812,0.85,0.23455445544554457
C11590,1,49.91,49.91,0.25,0.25
C10922,56,4005.34,71.52392857142857,0.42,0.11857142857142856
C01979,4,212.91,53.2275,0.2,0.1
C10998,11,1374.82,124.98363636363636,0.82,0.39545454545454545
C13015,230,23859.11,103.73526086956522,0.42,0.13060869565217392
C09362,11,498.73,45.33909090909091,0.32,0.10181818181818182
C00213,17,1825.0900000000001,107.35823529411766,0.56,0.17411764705882352
C05289,683,160021.88,234.29265007320646,0.97,0.1754758418740849
C06683,54,11739.52,217.39851851851853,0.53,0.12185185185185185
C04075,7,406.52,58.074285714285715,0.25,0.13
C13512,77,8157.46,105.94103896103896,0.4,0.1387012987012987
C07641,65,6396.28,98.40430769230768,0.8,0.138
C11509,2686,107409.6,39.988682055100526,0.97,0.19075949367088607
C12289,35,3833.21,109.52028571428572,0.67,0.1402857142857143
C01390,35,3513.51,100.38600000000001,0.53,0.13514285714285715
C12796,44,15283.05,347.3420454545454,0.92,0.31295454545454543
C12841,7,576.19,82.31285714285715,0.39,0.1942857142857143
C08447,7,938.41,134.0585714285714,0.22,0.10428571428571429
C08719,4,235.17,58.7925,0.51,0.23500000000000001
C01119,3560,383806.16,107.81071910112358,0.95,0.14532303370786517
C09365,1916,233790.77,122.02023486430062,0.97,0.1366858037578288
C04025,4,233.73,58.4325,0.25,0.14
C11489,54,6431.2,119.09629629629629,0.52,0.1277777777777778
C03085,74,10334.87,139.6604054054054,0.76,0.13297297297297297
C09791,121,5642.82,46.63487603305785,0.95,0.244297520661157
C06220,323,61705.85,191.03978328173375,0.93,0.258328173374613
C12712,41,6993.53,170.57390243902438,0.57,0.14390243902439023
C02740,560,88778.56,158.53314285714285,0.87,0.14475000000000002
C06190,364,89306.93,245.34870879120876,0.96,0.19873626373626374
C11543,572,123097.35,215.20515734265734,0.94,0.2427622377622378
C08219,85,2876.85,33.84529411764706,0.76,0.1296470588235294
C04083,8,520.06,65.0075,0.15,0.0625
C02962,20,7500.49,375.0245,0.63,0.145
C05542,1,39.48,39.48,0.24,0.24
C06940,344,16224.19,47.16334302325581,0.95,0.20247093023255816
C00067,7,1434.87,204.98142857142855,0.23,0.12285714285714287
C06644,2,93.64,46.82,0.15,0.11499999999999999
C02198,61,15236.26,249.77475409836066,0.71,0.15868852459016394
C09902,360,44022.3,122.28416666666668,0.92,0.15261111111111111
C05969,5,794.9399999999999,158.988,0.27,0.10200000000000001
C12852,6,800.09,133.34833333333333,0.37,0.16
C05327,17,2522.33,148.37235294117647,0.29,0.13647058823529412
C01296,2,67.92,33.96,0.12,0.075
C02398,6,3066.61,511.1016666666667,0.24,0.10333333333333333
C01618,912,72040.04,78.99127192982455,0.95,0.15347587719298245
C13227,110,9418.08,85.61890909090909,0.76,0.15927272727272726
C09710,13,2329.78,179.21384615384616,0.57,0.18615384615384614
C00854,7945,1667348.42,209.86134927627438,0.97,0.18290748898678413
C04288,12,1748.3600000000001,145.6966666666667,0.38,0.1391666666666667
C13054,68,9649.86,141.90970588235294,0.79,0.1386764705882353
C07987,248,49409.28,199.23096774193547,0.94,0.22499999999999998
C12166,3977,554201.35,139.35160925320594,0.94,0.14554186572793565
C02855,19,1549.76,81.56631578947368,0.47,0.1568421052631579
C06224,6771,1526451.89,225.43965293162012,0.98,0.28018461084034857
C06031,1308,130272.62,99.59680428134556,0.92,0.14493119266055046
C02897,609,95642.29,157.04809523809521,0.91,0.15461412151067322
C04030,2,201.02,100.51,0.3,0.22999999999999998
C11045,3,277.99,92.66333333333334,0.32,0.17333333333333334
C02076,32,4022.35,125.6984375,0.49,0.1403125
C09933,2792,345798.27,123.85324856733526,0.98,0.15736389684813754
C03427,1267,118203.18000000001,93.29374901341752,0.9,0.14723756906077348
C01860,51,5056.17,99.14058823529412,0.46,0.12352941176470587
C05259,5,293.01,58.602,0.18,0.09
C10469,31,1949.8500000000001,62.8983870967742,0.53,0.15967741935483873
C10570,8,12960.11,1620.01375,0.39,0.155
C11973,24,8658.24,360.76,0.56,0.13333333333333333
C11380,6,478.93,79.82166666666667,0.29,0.20333333333333334
C01818,36,3636.84,101.02333333333334,0.54,0.1277777777777778
C03549,133,13404.23,100.78368421052632,0.95,0.14037593984962404
C11249,209,21439.92,102.58334928229664,0.91,0.15636363636363637
C04500,206,22948.62,111.40106796116504,0.63,0.1346601941747573
C01776,31,7972.9800000000005,257.19290322580645,0.37,0.12096774193548387
C05061,110,27761.91,252.381,0.88,0.23536363636363636
C12519,19,2152.36,113.2821052631579,0.52,0.15052631578947367
C10968,10,293.64,29.363999999999997,0.2,0.05800000000000001
C10849,4,700.0,175.0,0.86,0.3875
C02437,1,79.95,79.95,0.19,0.19
C05332,19,3353.6,176.50526315789475,0.71,0.1773684210526316
C05973,347,30082.95,86.69438040345821,0.79,0.13596541786743516
C04434,38,4889.59,128.6734210526316,0.91,0.14421052631578948
C09911,15,1946.91,129.794,0.44,0.14
C13290,59,11114.73,188.38525423728814,0.9,0.23186440677966103
C00249,34,2343.41,68.92382352941176,0.3,0.13911764705882354
C13114,67,12582.04,187.79164179104478,0.55,0.11134328358208956
C08461,16,2140.68,133.7925,0.41,0.133125
C10383,707,70974.42,100.38814710042432,0.94,0.1401980198019802
C04186,11,1048.83,95.34818181818181,0.36,0.11272727272727273
C07608,3,275.02,91.67333333333333,0.6,0.22666666666666666
C00382,13,4175.23,321.17153846153843,0.79,0.41307692307692306
C09560,7,600.48,85.78285714285714,0.16,0.08857142857142856
C02867,44,4519.04,102.70545454545454,0.62,0.13727272727272727
C08872,65,4811.27,74.01953846153847,0.57,0.14046153846153847
C10507,1024,89637.16,87.5362890625,0.95,0.14580078125
C04983,8,422.5,52.8125,0.5,0.18125
C03738,2364,230626.79,97.55786379018613,0.98,0.1391497461928934
C05513,178,21340.39,119.88983146067416,0.53,0.1292696629213483
C07581,14,1221.73,87.26642857142858,0.38,0.1335714285714286
C06705,24,1469.31,61.22125,0.34,0.125
C10562,35,3643.61,104.10314285714286,0.46,0.12828571428571428
C08709,9,1284.78,142.75333333333333,0.62,0.20444444444444446
C06208,307,73352.54,238.9333550488599,0.91,0.2592833876221498
C00594,34,8111.66,238.57823529411763,0.6,0.19676470588235292
C09579,19,6780.03,356.8436842105263,0.8,0.24157894736842103
C02516,33,5237.0,158.6969696969697,0.33,0.13484848484848486
C01387,65,12134.98,186.692,0.87,0.16815384615384615
C11781,12,693.87,57.8225,0.41,0.14583333333333334
C10112,4,570.02,142.505,0.84,0.5975
C01864,83,30225.61,364.16397590361447,0.89,0.2980722891566265
C09826,82,10542.9,128.5719512195122,0.59,0.15451219512195122
C11010,254,23949.91,94.29098425196851,0.65,0.13236220472440943
C10575,2,66.8,33.4,0.15,0.08
C10599,143,14826.47,103.68160839160839,0.71,0.1358041958041958
C02321,231,28138.920000000002,121.8135064935065,0.85,0.1452813852813853
C10326,58,7564.17,130.41672413793103,0.76,0.14206896551724138
C02765,2,148.06,74.03,0.11,0.065
C06331,180,38436.4,213.53555555555556,0.86,0.14577777777777778
C01509,5,241.69,48.338,0.2,0.132
C10927,1,75.04,75.04,0.26,0.26
C02132,18,2218.62,123.25666666666666,0.75,0.3061111111111111
C11545,1,13.59,13.59,0.05,0.05
C07845,104,13000.76,125.00730769230769,0.69,0.14836538461538462
C04957,9,977.52,108.61333333333333,0.39,0.19555555555555557
C06631,53,7603.34,143.45924528301887,0.77,0.18924528301886792
C05459,63,8683.93,137.84015873015875,0.4,0.12507936507936507
C08112,43,5372.23,124.93558139534883,0.67,0.1455813953488372
C09251,910,87789.12,96.47156043956043,0.95,0.1448791208791209
C01977,81,11810.46,145.80814814814815,0.49,0.14839506172839506
C04708,1,42.52,42.52,0.14,0.14
C08793,6,174.92000000000002,29.153333333333336,0.53,0.23333333333333336
C00189,15,1397.32,93.15466666666666,0.33,0.11866666666666667
C05924,6,1202.6,200.4333333333333,0.44,0.17166666666666666
C00426,291,14098.45,48.448281786941585,0.98,0.2168384879725086
C00803,19,3051.3700000000003,160.5984210526316,0.73,0.14210526315789473
C05551,1277,148379.22,116.19359436178543,0.91,0.14935787000783085
C00915,13,2160.33,166.17923076923077,0.49,0.11923076923076924
C09556,112,8408.48,75.07571428571428,0.65,0.14875
C11140,261,19442.48,74.49226053639846,0.65,0.13386973180076628
C08127,25,1940.04,77.6016,0.58,0.142
C12602,51,8128.0599999999995,159.37372549019608,0.79,0.14901960784313725
C01222,102,12528.94,122.83274509803923,0.81,0.14892156862745098
C12512,24,2348.72,97.86333333333333,0.27,0.12416666666666666
C09454,332,38084.03,114.71093373493976,0.97,0.2287951807228916
C03125,804,83664.88,104.06079601990051,0.9,0.14468905472636814
C08420,40,4079.26,101.98150000000001,0.41,0.11074999999999999
C10025,17,931.35,54.78529411764706,0.4,0.15470588235294117
C07681,95,12719.16,133.8858947368421,0.5,0.16178947368421054
C10045,165,45958.45,278.5360606060606,0.89,0.20715151515151514
C13349,43,2480.77,57.69232558139535,0.89,0.22813953488372093
C03341,1321,163135.96,123.49429220287661,0.91,0.13860711582134747
C05142,145,14639.59,100.96268965517241,0.83,0.1660689655172414
C08921,13,1261.26,97.02,0.67,0.16384615384615386
C04393,178,21174.91,118.96016853932584,0.94,0.1447752808988764
C08847,92,15543.75,168.9538043478261,0.8,0.11902173913043478
C08281,44,2290.22,52.05045454545454,0.95,0.3104545454545455
C10244,7,1523.9099999999999,217.70142857142855,0.17,0.07428571428571429
C11496,1898,233507.53,123.02820337197049,0.94,0.15512118018967336
C07398,20,1480.7,74.035,0.51,0.1665
C12238,8,798.82,99.8525,0.17,0.11375
C01138,1116,179102.1,160.48575268817206,0.94,0.14810035842293906
C02776,7,729.84,104.26285714285714,0.95,0.33999999999999997
C09868,106,18606.25,175.5306603773585,0.89,0.215188679245283
C03246,1,96.95,96.95,0.83,0.83
C01289,31,2661.65,85.85967741935484,0.53,0.11709677419354839
C13196,209,15851.27,75.8433971291866,0.88,0.13354066985645932
C11970,88,10332.13,117.41056818181818,0.49,0.1393181818181818
C04007,153,21383.54,139.76169934640524,0.51,0.13823529411764707
C02365,40,6504.6,162.615,0.36,0.149
C10433,11,1592.63,144.78454545454545,0.69,0.21
C03108,152,11533.35,75.87730263157896,0.93,0.15618421052631581
C04004,34,1525.5,44.86764705882353,0.78,0.17294117647058824
C03786,158,24547.57,155.3643670886076,0.95,0.18000000000000002
C01579,2,32.31,16.155,0.74,0.43
C01596,212,23621.08,111.42018867924529,0.85,0.13028301886792454
C07065,66,18341.2,277.89696969696973,0.69,0.17303030303030303
C02525,57,5451.17,95.63456140350877,0.68,0.13666666666666666
C00978,121,5342.33,44.15148760330578,0.86,0.2443801652892562
C11788,8,358.51,44.81375,0.39,0.14375
C08288,151,15448.7,102.30927152317881,0.85,0.13927152317880795
C00395,21,1904.33,90.68238095238095,0.81,0.36000000000000004
C04746,16,1595.15,99.696875,0.56,0.16812500000000002
C07644,68,7790.59,114.5675,0.47,0.1476470588235294
C05753,108,34711.34,321.40129629629627,0.85,0.18064814814814817
C04406,22,6373.3,289.69545454545454,0.61,0.19954545454545453
C02502,2411,270899.5,112.3598092077976,0.93,0.15520116134384074
C03967,321,43933.79,136.8653894080997,0.83,0.14919003115264798
C07508,441,22242.88,50.43736961451248,0.98,0.22405895691609978
C03862,1,289.98,289.98,0.02,0.02
C01036,5,834.0899999999999,166.81799999999998,0.19,0.118
C10176,11,923.25,83.93181818181819,0.5,0.15727272727272726
C00849,79,19523.22,247.1293670886076,0.91,0.26936708860759495
C02280,14,1354.67,96.76214285714286,0.86,0.23785714285714285
C03910,34,1341.57,39.457941176470584,0.25,0.10617647058823529
C08466,156,25421.71,162.95967948717947,0.91,0.23961538461538462
C10924,337,35403.75,105.05563798219585,0.91,0.15130563798219585
C13456,57,11712.04,205.4743859649123,0.85,0.16842105263157894
C06947,243,73741.17,303.4616049382716,0.92,0.2328395061728395
C03867,1,39.99,39.99,0.04,0.04
C13413,1,12.98,12.98,0.18,0.18
C05932,20,1814.6000000000001,90.73,0.34,0.131
C10164,276,43162.04,156.38420289855074,0.95,0.15043478260869567
C06194,40,2695.4900000000002,67.38725000000001,0.79,0.13
C11181,8,686.4100000000001,85.80125000000001,0.63,0.17
C05540,2,90.81,45.405,0.17,0.14500000000000002
C02294,3,152.92000000000002,50.973333333333336,0.22,0.14333333333333334
C03669,9,912.52,101.39111111111112,0.17,0.07444444444444445
C05808,18,2210.08,122.78222222222222,0.85,0.30833333333333335
C12397,223,18052.3,80.95201793721972,0.92,0.17130044843049327
C03757,9,1070.71,118.96777777777778,0.61,0.18888888888888888
C04305,8,750.8199999999999,93.85249999999999,0.49,0.145
C08494,10,1774.73,177.473,0.91,0.422
C07868,51,4975.54,97.55960784313726,0.35,0.11235294117647059
C04016,46,6021.79,130.90847826086957,0.54,0.12239130434782608
C02673,259,26437.14,102.07389961389961,0.95,0.13513513513513514
C04346,155,22172.5,143.0483870967742,0.96,0.21258064516129035
C02285,588,79963.43000000001,135.9922278911565,0.93,0.15088435374149659
C12352,166,26079.9,157.10783132530122,0.69,0.13873493975903614
C06879,48,12621.33,262.944375,0.37,0.11729166666666667
C09885,37,4114.47,111.2018918918919,0.8,0.16621621621621624
C11298,224,21780.29,97.23343750000001,0.83,0.14825892857142858
C02133,377,32623.01,86.53318302387268,0.58,0.12840848806366048
C08555,24,1826.4,76.10000000000001,0.34,0.13375
C13007,117,12180.84,104.10974358974359,0.9,0.13777777777777778
C06022,47,7979.41,169.77468085106383,0.57,0.13595744680851063
C06040,123,15438.76,125.51837398373983,0.76,0.153739837398374
C13517,84,4292.5,51.101190476190474,0.57,0.1544047619047619
C10325,26,4109.3,158.05,0.37,0.14346153846153847
C02914,47,1739.14,37.002978723404254,0.89,0.14765957446808511
C06198,222,31265.97,140.8377027027027,0.95,0.15436936936936937
C07386,21,2998.76,142.79809523809524,0.3,0.1061904761904762
C05736,28,1684.8999999999999,60.175,0.84,0.19392857142857142
C05859,305,39062.69,128.07439344262295,0.66,0.133672131147541
C06173,13,1157.97,89.07461538461538,0.49,0.20461538461538462
C00723,20,3329.87,166.49349999999998,0.25,0.12150000000000001
C05786,447,42112.17,94.2106711409396,0.92,0.1427069351230425
C02576,2,120.03,60.015,0.62,0.475
C08397,40,6109.5599999999995,152.73899999999998,0.5,0.11599999999999999
C06059,311,57857.17,186.03591639871382,0.89,0.16591639871382638
C12666,32,4856.16,151.755,0.44,0.1521875
C04575,40,2438.35,60.958749999999995,0.39,0.094
C10222,50,6640.4,132.808,0.34,0.12380000000000001
C02102,41,4250.74,103.67658536585365,0.4,0.11097560975609756
C07730,8,735.86,91.9825,0.4,0.155
C12655,78,15081.73,193.3555128205128,0.62,0.1441025641025641
C06818,194,15205.23,78.37747422680413,0.78,0.16077319587628866
C05574,4,257.96000000000004,64.49000000000001,0.26,0.1375
C06494,843,72682.16,86.21845788849348,0.87,0.1502135231316726
C03539,69,10469.91,151.73782608695652,0.88,0.2726086956521739
C09700,18,1177.74,65.43,0.4,0.13166666666666668
C11014,243,23250.15,95.67962962962963,0.85,0.14674897119341565
C09938,15,3079.69,205.31266666666667,0.48,0.16933333333333334
C11297,8,634.63,79.32875,0.37,0.18375000000000002
C04078,9,2089.88,232.2088888888889,0.69,0.18444444444444444
C09529,17,3141.35,184.78529411764706,0.76,0.19941176470588237
C03184,141,17717.8,125.6581560283688,0.53,0.13680851063829785
C05610,66,6300.5,95.46212121212122,0.89,0.1556060606060606
C02999,441,49350.69,111.90632653061225,0.9,0.15564625850340136
C03813,8,763.45,95.43125,0.46,0.1625
C03941,66,6033.6900000000005,91.41954545454546,0.44,0.11651515151515152
C07619,12,1183.23,98.6025,0.16,0.06583333333333334
C02030,7,535.64,76.52,0.26,0.1457142857142857
C12730,7,815.4000000000001,116.4857142857143,0.82,0.42428571428571427
C09823,325,35524.35,109.3056923076923,0.91,0.12738461538461537
C04436,19,7357.83,387.2542105263158,0.39,0.1773684210526316
C02701,4,272.14,68.035,0.36,0.16499999999999998
C12223,138,17691.65,128.2003623188406,0.41,0.127536231884058
C02200,111,10101.15,91.00135135135135,0.65,0.13054054054054054
C08217,114,56376.9,494.5342105263158,0.7,0.1657017543859649
C06942,690,82620.6,119.74000000000001,0.91,0.14430434782608698
C13360,4,1020.12,255.03,0.53,0.185
C05290,161,26507.16,164.64074534161492,0.84,0.14472049689440994
C06130,228,63529.18,278.63675438596493,0.92,0.270219298245614
C06532,305,34081.53,111.7427213114754,0.85,0.1375409836065574
C12638,16,3481.05,217.565625,0.41,0.173125
C08482,138,12932.11,93.71094202898551,0.88,0.14869565217391303
C13067,60,18940.37,315.6728333333333,0.96,0.2763333333333333
C12211,372,67845.68000000001,182.3808602150538,0.91,0.18271505376344085
C03608,187,21513.66,115.04631016042781,0.95,0.1557754010695187
C03348,42,7966.59,189.6807142857143,0.7,0.16666666666666666
C01559,37,1936.31,52.332702702702704,0.44,0.17594594594594595
C08297,15,3011.81,200.78733333333332,0.86,0.21666666666666667
C12119,23,1486.71,64.63956521739131,0.44,0.18739130434782608
C03633,127,9197.52,72.42141732283464,0.5,0.11952755905511811
C05467,294,27410.7,93.23367346938775,0.95,0.12496598639455783
C04278,75,9654.31,128.72413333333333,0.79,0.1704
C03060,365,38318.88,104.98323287671232,0.94,0.1583013698630137
C04072,168,14838.31,88.32327380952381,0.89,0.18261904761904763
C12036,484,63066.15,130.30196280991737,0.8,0.14665289256198347
C00113,33,2360.1,71.51818181818182,0.46,0.14636363636363636
C12320,18,4564.63,253.59055555555557,0.77,0.325
C05999,95,16281.95,171.38894736842107,0.76,0.15336842105263157
C09491,105,10987.36,104.64152380952382,0.72,0.11714285714285715
C03441,59,8905.88,150.94711864406779,0.65,0.16576271186440678
C02567,16,1366.1,85.38125,0.5,0.15
C09495,21,1472.93,70.13952380952381,0.47,0.1523809523809524
C10861,22,1907.2,86.69090909090909,0.77,0.3809090909090909
C12889,144,16924.58,117.53180555555556,0.85,0.1338888888888889
C05359,52,5267.49,101.29788461538462,0.56,0.16153846153846155
C11495,117,12561.34,107.36188034188034,0.64,0.1334188034188034
C04861,127,11552.52,90.96472440944882,0.93,0.16354330708661416
C04759,33,10350.13,313.640303030303,0.86,0.2796969696969697
C04974,65,4118.61,63.36323076923077,0.44,0.13338461538461538
C03388,8,845.73,105.71625,0.28,0.13125
C01603,26,2570.11,98.85038461538463,0.4,0.13423076923076924
C07750,349,41198.64,118.04767908309455,0.88,0.1436676217765043
C04860,31,10378.8,334.79999999999995,0.84,0.23193548387096777
C02978,41,8019.7,195.60243902439024,0.67,0.1773170731707317
C01126,16,1187.75,74.234375,0.25,0.11812500000000001
C02071,7,625.72,89.38857142857144,0.34,0.14285714285714285
C00415,8,721.96,90.245,0.43,0.205
C11995,16,2559.81,159.988125,0.75,0.24312499999999998
C07462,29,6467.030000000001,223.00103448275866,0.47,0.13758620689655174
C08374,207,58600.34,283.0934299516908,0.96,0.24454106280193236
C04296,42,6747.06,160.64428571428573,0.63,0.10976190476190477
C00924,27,2461.41,91.16333333333333,0.31,0.08592592592592592
C08214,15,710.64,47.376,0.29,0.12666666666666665
C04421,36,10156.82,282.13388888888886,0.44,0.13555555555555554
C06556,49,7910.21,161.43285714285713,0.48,0.15387755102040818
C06434,16,1875.69,117.230625,0.29,0.145625
C12947,69,6777.55,98.22536231884058,0.9,0.1710144927536232
C01357,56,7114.76,127.04928571428572,0.5,0.12892857142857142
C12831,24,1070.1399999999999,44.589166666666664,0.53,0.14708333333333332
C00527,38,3090.58,81.33105263157894,0.35,0.1255263157894737
C02389,2,59.68,29.84,0.35,0.18
C00285,6,1599.6799999999998,266.6133333333333,0.36,0.18000000000000002
C08087,11,553.9,50.35454545454545,0.82,0.2545454545454545
C06855,82,3688.67,44.98378048780488,0.79,0.23426829268292684
C05738,19,873.61,45.979473684210525,0.27,0.10684210526315789
C05673,31,3348.34,108.01096774193549,0.46,0.17129032258064514
C07594,31,1654.29,53.36419354838709,0.78,0.20129032258064516
C13468,7,327.74,46.82,0.16,0.08285714285714285
C13410,260,48601.85,186.9301923076923,0.93,0.16503846153846155
C06870,30,1461.74,48.724666666666664,0.41,0.13733333333333334
C00232,158,11573.13,73.24765822784809,0.57,0.1269620253164557
C12957,38,3277.86,86.25947368421053,0.3,0.0968421052631579
C13340,82,5912.57,72.10451219512194,0.72,0.13841463414634145
C10974,23,2824.96,122.82434782608696,0.31,0.12478260869565218
C06599,21,3059.1400000000003,145.67333333333335,0.3,0.11142857142857142
C06426,35,2492.14,71.204,0.46,0.16428571428571428
C06578,32,3017.0,94.28125,0.41,0.13625
C04096,231,24113.87,104.38904761904762,0.8,0.14134199134199132
C01695,81,11759.9,145.18395061728395,0.67,0.13839506172839508
C06582,220,28055.35,127.52431818181817,0.92,0.15690909090909091
C11965,230,50137.31,217.98830434782607,0.95,0.2511304347826087
C05135,36,7026.28,195.17444444444445,0.45,0.16527777777777777
C09641,22,2355.94,107.08818181818182,0.52,0.1140909090909091
C03511,33,2583.14,78.27696969696969,0.34,0.12393939393939393
C06014,14,2739.37,195.6692857142857,0.36,0.11785714285714285
C11941,1,116.99,116.99,0.06,0.06
C10725,16,1985.9299999999998,124.12062499999999,0.28,0.08687500000000001
C05846,27,8497.7,314.72962962962964,0.46,0.1559259259259259
C01486,9,1434.98,159.44222222222223,0.79,0.3655555555555556
C13334,35,3045.31,87.00885714285714,0.34,0.13285714285714287
C06218,186,33391.33,179.52327956989248,0.55,0.11940860215053764
C09581,9,370.86,41.20666666666667,0.28,0.13444444444444445
C02015,69,6761.79,97.99695652173914,0.74,0.14101449275362318
C02024,33,4426.75,134.1439393939394,0.78,0.15545454545454546
C01096,1,99.99,99.99,0.25,0.25
C08646,111,11073.13,99.75792792792792,0.89,0.16531531531531532
C04265,10,999.67,99.967,0.86,0.337
C02044,59,13474.26,228.37728813559323,0.72,0.13542372881355932
C06549,12,1133.23,94.43583333333333,0.89,0.5208333333333334
C00941,47,12663.0,269.4255319148936,0.4,0.1376595744680851
C09496,28,5294.72,189.09714285714287,0.35,0.12
C05083,57,5266.09,92.38754385964913,0.71,0.16228070175438597
C02873,40,2093.7799999999997,52.3445,0.53,0.13625
C01694,87,9740.76,111.96275862068966,0.8,0.1627586206896552
C10100,1,57.94,57.94,0.25,0.25
C03066,372,87965.96,236.46763440860218,0.97,0.22849462365591397
C00560,72,5241.79,72.8026388888889,0.47,0.12597222222222224
C13151,13,2395.03,184.23307692307694,0.69,0.23384615384615384
C07123,2,81.02,40.51,0.01,0.01
C09445,102,9825.86,96.33196078431374,0.89,0.1843137254901961
C09855,207,22923.63,110.74217391304349,0.84,0.15386473429951691
C08577,37,3747.73,101.29,0.36,0.14459459459459462
C04545,10,4219.34,421.934,0.27,0.11000000000000001
C03353,15,1559.93,103.99533333333333,0.46,0.134
C02604,34,2283.64,67.16588235294117,0.88,0.14941176470588236
C08478,228,20587.15,90.29451754385966,0.72,0.12907894736842104
C08384,63,2371.9700000000003,37.65031746031747,0.37,0.12000000000000001
C12925,86,8032.79,93.40453488372093,0.74,0.155
C01892,59,5011.49,84.94050847457626,0.28,0.11576271186440679
C05182,6,867.22,144.53666666666666,0.32,0.11833333333333333
C12634,84,12198.33,145.21821428571428,0.86,0.14642857142857144
C02070,34,4310.0599999999995,126.76647058823528,0.34,0.15029411764705883
C03656,497,89359.94,179.79867203219317,0.92,0.14941649899396378
C03263,8,684.88,85.61,0.85,0.42874999999999996
C13219,4,871.4100000000001,217.85250000000002,0.32,0.15250000000000002
C00557,105,25968.4,247.31809523809525,0.97,0.2201904761904762
C11109,17,4020.41,236.49470588235295,0.24,0.10882352941176471
C11806,46,1664.07,36.1754347826087,0.39,0.14347826086956522
C08968,26,2180.61,83.86961538461539,0.29,0.12230769230769231
C13138,58,9680.57,166.90637931034482,0.56,0.1382758620689655
C11332,47,9462.12,201.3217021276596,0.86,0.24574468085106385
C13153,10,879.92,87.99199999999999,0.74,0.279
C08147,13,996.12,76.62461538461538,0.33,0.10384615384615385
C01574,2,275.0,137.5,0.05,0.035
C06909,39,3375.8,86.55897435897437,0.4,0.12769230769230772
C12991,195,24824.43,127.30476923076924,0.97,0.178
C00911,25,6593.9,263.756,0.29,0.1208
C01349,53,5992.4,113.06415094339621,0.69,0.14433962264150943
C05519,19,1317.4,69.33684210526316,0.7,0.1105263157894737
C03368,3,124.96000000000001,41.653333333333336,0.5,0.18999999999999997
C10647,29,5612.38,193.53034482758622,0.95,0.2517241379310345
C04492,7,493.47,70.49571428571429,0.13,0.07571428571428572
C02171,109,20939.74,192.10770642201837,0.92,0.1724770642201835
C13382,28,3190.15,113.93392857142858,0.43,0.19642857142857142
C08985,3,246.27,82.09,0.06,0.03666666666666667
C05694,12,1664.81,138.73416666666665,0.8,0.3675
C07736,55,8556.69,155.57618181818182,0.39,0.1449090909090909
C04885,85,7163.04,84.27105882352942,0.55,0.14070588235294118
C06559,64,3635.18,56.7996875,0.67,0.1590625
C00724,5,364.07,72.814,0.35,0.178
C08426,17,822.15,48.36176470588235,0.36,0.11470588235294117
C09683,57,12739.73,223.5040350877193,0.81,0.20964912280701756
C12201,46,4480.75,97.40760869565217,0.56,0.13804347826086955
C07299,22,3320.8,150.94545454545457,0.35,0.13772727272727273
C05872,22,1971.98,89.63545454545455,0.45,0.14636363636363636
C08549,9,539.99,59.99888888888889,0.39,0.20222222222222222
C02065,63,9780.06,155.23904761904762,0.92,0.173015873015873
C13390,12,2094.21,174.5175,0.28,0.14083333333333334
C09283,32,7078.47,221.2021875,0.8,0.194375
C02165,26,3727.15,143.35192307692307,0.33,0.13538461538461538
C05428,32,2520.67,78.7709375,0.38,0.146875
C11656,52,20538.81,394.9771153846154,0.78,0.1448076923076923
C05453,63,7875.08,125.00126984126985,0.75,0.1684126984126984
C12431,41,3344.94,81.58390243902438,0.4,0.11414634146341462
C03185,15,1590.07,106.00466666666667,0.76,0.38199999999999995
C11642,106,6431.49,60.674433962264146,0.94,0.22358490566037736
C07134,129,32004.19,248.094496124031,0.84,0.1910077519379845
C11158,80,15123.63,189.04537499999998,0.82,0.164875
C01365,28,2260.73,80.74035714285715,0.45,0.11678571428571428
C01179,42,8807.69,209.70690476190478,0.82,0.1769047619047619
C06215,205,23714.91,115.68248780487805,0.88,0.1335609756097561
C09137,50,5206.96,104.1392,0.37,0.1094
C06954,27,4263.58,157.91037037037037,0.4,0.13518518518518519
C08148,19,4167.84,219.36,0.83,0.22789473684210526
C10289,1,67.95,67.95,0.26,0.26
C12694,3,955.1500000000001,318.3833333333334,0.13,0.09666666666666668
C10065,14,1799.5900000000001,128.54214285714286,0.44,0.15642857142857142
C12586,76,13011.94,171.20973684210526,0.74,0.1551315789473684
C00068,4,624.87,156.2175,0.13,0.1
C11914,17,786.47,46.26294117647059,0.21,0.11294117647058823
C06161,23,2607.18,113.35565217391304,0.45,0.13304347826086957
C11547,2,63.03,31.515,0.23,0.175
C00090,109,22517.61,206.5835779816514,0.5,0.12128440366972477
C03504,5,724.97,144.994,0.58,0.248
C01869,54,5411.4,100.21111111111111,0.58,0.13444444444444445
C00650,15,2162.19,144.14600000000002,0.35,0.09333333333333332
C04038,41,2543.84,62.04487804878049,0.46,0.13609756097560977
C06320,61,9701.99,159.04901639344263,0.93,0.15688524590163935
C04571,254,49393.61,194.463031496063,0.99,0.18374015748031497
C07228,5,750.79,150.158,0.28,0.11000000000000001
C12999,7,817.9,116.84285714285714,0.3,0.1542857142857143
C00674,9,542.59,60.287777777777784,0.43,0.14555555555555555
C05587,1,99.93,99.93,0.06,0.06
C00364,35,3526.66,100.76171428571428,0.24,0.09028571428571429
C08477,111,24681.87,222.35918918918918,0.67,0.1490990990990991
C08936,36,3753.31,104.25861111111111,0.39,0.12888888888888891
C07908,25,3523.93,140.9572,0.51,0.1316
C12041,35,4631.45,132.32714285714286,0.31,0.13457142857142856
C04683,30,3052.87,101.76233333333333,0.52,0.15666666666666668
C00414,75,9919.65,132.262,0.36,0.13973333333333335
C09939,57,2418.1,42.42280701754386,0.86,0.2556140350877193
C08414,41,9875.35,240.86219512195123,0.37,0.1395121951219512
C13005,27,4154.89,153.88481481481483,0.92,0.3251851851851852
C11258,13,2024.68,155.7446153846154,0.44,0.14846153846153845
C08839,28,7216.1900000000005,257.72107142857146,0.89,0.15250000000000002
C07687,6,975.05,162.50833333333333,0.84,0.4983333333333333
C02196,4,435.01,108.7525,0.29,0.1725
C06197,42,6323.51,150.5597619047619,0.54,0.1311904761904762
C10322,39,5653.7,144.96666666666667,0.42,0.12051282051282051
C07130,64,8981.64,140.338125,0.77,0.17234375
C00892,102,15015.73,147.21303921568628,0.67,0.14019607843137255
C05566,38,4643.91,122.20815789473684,0.78,0.17105263157894737
C01492,126,39978.0,317.2857142857143,0.76,0.19563492063492063
C01657,17,1009.14,59.361176470588234,0.42,0.17058823529411765
C02907,52,14010.45,269.4317307692308,0.68,0.1628846153846154
C11915,137,10933.36,79.80554744525548,0.89,0.15189781021897808
C07978,11,1373.92,124.90181818181819,0.5,0.10818181818181817
C08972,96,15549.38,161.97270833333332,0.88,0.21572916666666667
C12936,35,8898.16,254.23314285714287,0.79,0.23542857142857143
C12802,13,1188.77,91.44384615384615,0.52,0.19230769230769232
C11041,284,35552.72,125.18563380281691,0.87,0.15274647887323944
C12569,3,350.11,116.70333333333333,0.72,0.32
C00865,6,2591.72,431.9533333333333,0.33,0.135
C11891,44,2088.03,47.45522727272728,0.79,0.16022727272727272
C06624,11,946.87,86.07909090909091,0.3,0.12272727272727274
C01965,45,4145.34,92.11866666666667,0.46,0.13466666666666666
C02127,11,1169.1100000000001,106.28272727272729,0.55,0.19363636363636363
C04661,28,2633.27,94.04535714285714,0.44,0.1464285714285714
C05118,37,2758.91,74.56513513513514,0.36,0.11000000000000001
C13343,69,16478.09,238.81289855072464,0.41,0.12347826086956522
C02826,23,1847.3999999999999,80.32173913043478,0.8,0.15913043478260872
C05346,8,804.01,100.50125,0.44,0.14500000000000002
C06590,15,1860.6,124.03999999999999,0.6,0.222
C03464,22,1468.51,66.75045454545455,0.4,0.1809090909090909
C06078,1,25.04,25.04,0.09,0.09
C10569,5,698.78,139.756,0.27,0.134
C13513,16,2753.02,172.06375,0.64,0.18125
C02945,116,12482.4,107.60689655172413,0.57,0.1403448275862069
C08917,11,1324.92,120.44727272727273,0.84,0.36818181818181817
C01461,20,1452.54,72.627,0.35,0.12350000000000001
C01590,9,1065.68,118.4088888888889,0.25,0.12222222222222223
C10992,14,690.06,49.29,0.21,0.10714285714285714
C08823,54,14168.28,262.3755555555556,0.68,0.19074074074074077
C12642,3,350.93,116.97666666666667,0.15,0.14333333333333334
C05063,61,4879.96,79.99934426229508,0.86,0.11245901639344263
C00422,39,4042.76,103.66051282051282,0.46,0.11205128205128205
C13088,15,1787.02,119.13466666666666,0.71,0.2946666666666667
C00197,55,15569.8,283.0872727272727,0.87,0.24709090909090908
C12208,30,5774.5599999999995,192.48533333333333,0.33,0.14333333333333334
C03389,142,28900.92,203.5276056338028,0.8,0.16338028169014085
C01372,45,4002.73,88.94955555555556,0.33,0.12066666666666666
C13061,3,290.96000000000004,96.98666666666668,0.59,0.3033333333333333
C10020,51,3745.29,73.43705882352941,0.74,0.14137254901960783
C01310,6,524.3199999999999,87.38666666666666,0.54,0.24166666666666667
C05020,11,679.05,61.73181818181818,0.47,0.19090909090909092
C12128,90,23073.06,256.36733333333336,0.67,0.1318888888888889
C07093,18,3390.75,188.375,0.53,0.14
C12007,116,16304.47,140.55577586206897,0.9,0.17094827586206898
C02565,2,190.0,95.0,0.23,0.18
C11485,9,894.0699999999999,99.3411111111111,0.79,0.22666666666666668
C11132,26,2921.69,112.3726923076923,0.31,0.12307692307692308
C07728,22,882.15,40.09772727272727,0.46,0.17090909090909093
C04898,6,137.29000000000002,22.88166666666667,0.25,0.155
C06350,72,6363.11,88.37652777777777,0.7,0.14152777777777778
C02513,129,17740.03,137.51961240310078,0.86,0.1464341085271318
C02114,8,1199.78,149.9725,0.37,0.15875
C00739,18,1381.46,76.74777777777778,0.4,0.16555555555555557
C04392,1,1256.5,1256.5,0.08,0.08
C08375,44,10218.0,232.22727272727272,0.84,0.30363636363636365
C11640,31,2770.85,89.38225806451612,0.43,0.14483870967741935
C10769,44,4109.15,93.38977272727271,0.52,0.12022727272727272
C03752,8,528.69,66.08625,0.3,0.1525
C13027,21,1618.94,77.09238095238095,0.33,0.15285714285714286
C11884,20,4192.95,209.64749999999998,0.4,0.146
C03194,1,112.97,112.97,0.12,0.12
C01638,5,3499.9300000000003,699.9860000000001,0.76,0.516
C12044,2,187.2,93.6,0.79,0.595
C13009,3,4185.8,1395.2666666666667,0.17,0.14666666666666667
C02968,193,19659.72,101.8638341968912,0.9,0.1432642487046632
C02989,40,5081.81,127.04525000000001,0.73,0.1375
C04425,36,4474.56,124.29333333333335,0.45,0.14805555555555555
C02149,1,50.08,50.08,0.04,0.04
C11080,16,2070.94,129.43375,0.89,0.1625
C09196,34,6792.93,199.79205882352943,0.93,0.2791176470588235
C06237,28,1356.77,48.45607142857143,0.39,0.11392857142857142
C11595,133,5120.43,38.49947368421053,0.94,0.20601503759398496
C05692,23,2592.59,112.72130434782609,0.75,0.12695652173913044
C09873,114,10395.2,91.18596491228071,0.88,0.21517543859649124
C02719,31,4487.75,144.76612903225808,0.42,0.1367741935483871
C11117,4,269.83,67.4575,0.33,0.17
C11765,1,100.07,100.07,0.43,0.43
C05029,48,4093.98,85.29125,0.97,0.35333333333333333
C04414,9,624.91,69.43444444444444,0.79,0.49444444444444446
C06467,1,100.09,100.09,0.02,0.02
C11584,66,7392.47,112.00712121212122,0.41,0.1346969696969697
C10279,1,50.06,50.06,0.36,0.36
C09741,25,3785.76,151.43040000000002,0.32,0.14279999999999998
C00449,26,2134.85,82.10961538461538,0.45,0.14192307692307693
C12667,51,5896.33,115.61431372549019,0.58,0.12901960784313726
C00938,41,6393.83,155.9470731707317,0.85,0.27975609756097564
C12932,433,50175.53,115.87882217090069,0.8,0.13771362586605082
C11615,21,2419.37,115.20809523809524,0.4,0.14761904761904762
C02053,1,117.02,117.02,0.03,0.03
C10685,14,1846.55,131.89642857142857,0.35,0.10357142857142856
C05748,8,851.71,106.46375,0.39,0.16125
C00045,22,873.4300000000001,39.70136363636364,0.78,0.1968181818181818
C11275,10,1354.89,135.489,0.95,0.337
C01361,1,35.01,35.01,0.04,0.04
C08703,3,435.38,145.12666666666667,0.26,0.19999999999999998
C09227,67,7733.74,115.42895522388059,0.7,0.15328358208955223
C09685,19,2795.44,147.12842105263158,0.28,0.11526315789473685
C05008,74,9180.92,124.06648648648648,0.37,0.11189189189189189
C12225,63,20350.81,323.0287301587302,0.88,0.21238095238095236
C01859,22,4097.7,186.2590909090909,0.32,0.12136363636363635
C02055,12,2414.94,201.245,0.84,0.3775
C13032,36,4872.9,135.35833333333332,0.73,0.14638888888888887
C12111,47,7195.88,153.10382978723405,0.95,0.3993617021276596
C08744,8,2019.7800000000002,252.47250000000003,0.15,0.08625
C09125,2,1797.94,898.97,0.1,0.08
C02079,88,28662.64,325.71181818181816,0.91,0.23113636363636364
C08918,753,141131.7,187.42589641434265,0.95,0.2638247011952191
C10334,118,11424.63,96.81889830508474,0.44,0.1364406779661017
C04729,25,11282.449999999999,451.29799999999994,0.95,0.1832
C12696,58,9154.5,157.83620689655172,0.52,0.13655172413793104
C03842,11,915.46,83.22363636363637,0.34,0.10090909090909092
C02217,15,1662.0,110.8,0.49,0.16466666666666668
C08528,195,35095.43,179.9765641025641,0.58,0.13507692307692307
C06772,17,1704.7,100.2764705882353,0.32,0.1411764705882353
C11859,34,1138.66,33.49,0.86,0.18323529411764705
C08730,2,107.91,53.955,0.05,0.04
C06764,268,26568.03,99.13444029850746,0.93,0.1432089552238806
C10203,7,1091.89,155.98428571428573,0.45,0.28285714285714286
C10905,3,224.91,74.97,0.34,0.19999999999999998
C09270,5,315.1,63.02,0.43,0.176
C05116,76,15042.93,197.93328947368423,0.92,0.13210526315789475
C00384,13,958.0799999999999,73.69846153846153,0.4,0.13307692307692306
C07742,54,7704.95,142.68425925925925,0.34,0.13944444444444445
C11809,23,7946.37,345.49434782608694,0.54,0.16478260869565217
C09078,7,1612.8500000000001,230.40714285714287,0.24,0.12285714285714286
C10175,5,448.94,89.788,0.42,0.172
C05766,85,8006.849999999999,94.19823529411764,0.66,0.14129411764705882
C04358,3,948.99,316.33,0.78,0.4266666666666667
C13528,7,414.55,59.221428571428575,0.22,0.10714285714285714
C02247,31,1166.2,37.619354838709675,0.79,0.14516129032258066
C11073,24,2574.07,107.25291666666668,0.54,0.17
C10037,100,9235.95,92.35950000000001,0.88,0.1962
C04274,41,9310.09,227.07536585365855,0.64,0.16951219512195123
C06437,179,21859.07,122.1177094972067,0.86,0.20553072625698324
C12770,9,626.44,69.60444444444445,0.34,0.13
C00584,34,5711.11,167.97382352941176,0.69,0.18029411764705883
C13499,8,1686.51,210.81375,0.31,0.10375000000000001
C09836,12,850.59,70.88250000000001,0.53,0.1675
C04801,14,3110.99,222.2135714285714,0.29,0.125
C13430,38,5533.21,145.6107894736842,0.46,0.10026315789473685
C03558,84,22792.85,271.3434523809524,0.92,0.19011904761904763
C12132,311,32365.51,104.06916398713825,0.76,0.1497749196141479
C12838,16,1304.18,81.51125,0.78,0.18375
C12454,12,1445.19,120.4325,0.87,0.4266666666666667
C00983,17,6601.3,388.31176470588235,0.86,0.17941176470588235
C03451,6,1430.56,238.42666666666665,0.67,0.19999999999999998
C03783,67,5015.49,74.85805970149254,0.64,0.15298507462686567
C03255,6,635.09,105.84833333333334,0.3,0.13333333333333333
C11666,12,1050.41,87.53416666666668,0.33,0.11
C03917,13,1346.02,103.53999999999999,0.33,0.15692307692307692
C12233,1,149.99,149.99,0.14,0.14
C11968,33,3257.61,98.71545454545455,0.43,0.1293939393939394
C03146,25,4049.73,161.9892,0.88,0.2992
C01897,37,5357.03,144.78459459459458,0.38,0.15432432432432433
C00897,3,443.93,147.97666666666666,0.15,0.09666666666666666
C00535,53,5909.86,111.50679245283018,0.43,0.15037735849056602
C00712,25,6032.4400000000005,241.29760000000002,0.69,0.22080000000000002
C02562,18,1273.28,70.73777777777778,0.28,0.09000000000000001
C06976,69,15743.55,228.1673913043478,0.59,0.1463768115942029
C00301,24,4019.9900000000002,167.49958333333333,0.35,0.12166666666666666
C07909,68,6597.77,97.02602941176471,0.46,0.14558823529411766
C07988,12,640.96,53.413333333333334,0.41,0.16083333333333336
C11644,6,933.86,155.64333333333335,0.15,0.06999999999999999
C01122,4,182.43,45.6075,0.25,0.1525
C07547,26,3817.03,146.80884615384616,0.63,0.17884615384615385
C00659,26,3181.06,122.34846153846154,0.65,0.14692307692307693
C02782,178,4873.08,27.376853932584268,0.98,0.18870786516853935
C06538,42,2863.22,68.17190476190476,0.41,0.11547619047619047
C10884,7,663.38,94.76857142857143,0.22,0.08857142857142856
C12778,15,662.59,44.17266666666667,0.36,0.13066666666666665
C08045,9,1983.5099999999998,220.39,0.28,0.10777777777777779
C04879,15,1066.26,71.084,0.47,0.12666666666666665
C08537,42,2850.31,67.8645238095238,0.85,0.19476190476190475
C10902,5,547.98,109.596,0.21,0.128
C06039,9,488.95,54.327777777777776,0.24,0.10555555555555556
C10385,1,66.49,66.49,0.25,0.25
C06929,87,7818.51,89.86793103448277,0.86,0.16206896551724137
C12523,18,1409.94,78.33,0.59,0.20444444444444443
C12307,14,1577.28,112.66285714285713,0.89,0.33142857142857146
C04755,24,3398.44,141.60166666666666,0.45,0.15375
C12276,51,5356.6,105.03137254901962,0.91,0.153921568627451
C10474,8,957.32,119.665,0.32,0.14125
C09623,204,27238.920000000002,133.52411764705883,0.62,0.13926470588235293
C10756,5,514.98,102.99600000000001,0.68,0.298
C12680,121,7034.44,58.13586776859504,0.98,0.3290909090909091
C09573,18,1745.55,96.975,0.89,0.23055555555555557
C02320,1108,107493.54,97.01583032490974,0.91,0.14187725631768952
C07646,1509,140137.41,92.86773359840954,0.96,0.1450231941683234
C07244,19,2221.03,116.89631578947369,0.67,0.2005263157894737
C11215,14,2210.76,157.9114285714286,0.28,0.12571428571428572
C04058,67,2357.64,35.18865671641791,0.69,0.15328358208955223
C03312,12,890.41,74.20083333333334,0.46,0.16749999999999998
C06962,1060,143221.61000000002,135.11472641509437,0.99,0.21581132075471698
C12396,19,933.99,49.15736842105263,0.62,0.18263157894736842
C10467,1,98.15,98.15,0.17,0.17
C10130,6,685.9399999999999,114.32333333333332,0.65,0.2333333333333333
C12966,218,9525.13,43.69325688073394,0.94,0.20288990825688072
C11445,42,4145.88,98.71142857142857,0.31,0.1319047619047619
C09582,652,81396.53,124.8413036809816,0.93,0.14909509202453988
C00826,12,523.94,43.66166666666667,0.24,0.12833333333333333
C03316,209,19098.28,91.37933014354067,0.67,0.13330143540669856
C09241,6773,737966.28,108.9570766277868,0.96,0.161492691569467
C11363,3,684.4599999999999,228.1533333333333,0.23,0.14333333333333334
C01926,24,2314.97,96.45708333333333,0.43,0.12875
C01671,43,1941.48,45.1506976744186,0.69,0.13837209302325582
C06373,58,14847.05,255.98362068965517,0.9,0.16862068965517243
C05625,898,110110.77,122.61778396436526,0.89,0.15457683741648107
C02479,326,46566.58,142.8422699386503,0.7,0.1255521472392638
C03711,433,35555.16,82.11353348729793,0.83,0.14635103926096998
C02858,3,400.99,133.66333333333333,0.28,0.22
C12690,1429,152529.33,106.73850944716584,0.92,0.1339748075577327
C01755,549,112254.27,204.47043715846996,0.98,0.2118943533697632
C12305,27,5549.95,205.5537037037037,0.88,0.3611111111111111
C09398,15,1187.31,79.154,0.29,0.11066666666666666
C11907,9,198.53,22.058888888888887,0.43,0.12888888888888891
C02573,2891,289766.14,100.23041854029748,0.92,0.14365617433414044
C04282,47,8012.32,170.47489361702128,0.64,0.15914893617021278
C01995,10,1775.07,177.507,0.81,0.396
C11670,1186,115219.96,97.15005059021922,0.95,0.14890387858347387
C07918,49,3031.28,61.862857142857145,0.32,0.11448979591836736
C06835,1591,200980.89,126.32362664990573,0.94,0.14552482715273413
C10936,28,8587.69,306.7032142857143,0.84,0.185
C11844,349,19469.25,55.78581661891118,0.92,0.21318051575931235
C13397,22,2521.1,114.59545454545454,0.4,0.08863636363636364
C03880,73,20494.100000000002,280.741095890411,0.89,0.14876712328767122
C10127,1094,156051.58,142.64312614259597,0.92,0.19658135283363803
C00834,59,7260.13,123.05305084745763,0.65,0.14983050847457627
C10933,56,10947.39,195.48910714285714,0.87,0.255
C10218,9,2400.18,266.68666666666667,0.8,0.24777777777777776
C08943,1947,227334.76,116.76156137647664,0.96,0.16049820236260914
C02000,2604,278985.91,107.13744623655913,0.95,0.15362135176651306
C10310,23,2421.35,105.27608695652174,0.23,0.10652173913043479
C11945,582,60343.5,103.68298969072166,0.81,0.14256013745704468
C10757,380,154845.67,407.4886052631579,0.96,0.16828947368421054
C09219,1,199.96,199.96,0.36,0.36
C12656,57,1827.98,32.06982456140351,0.87,0.1454385964912281
C00513,77,7688.51,99.85077922077923,0.49,0.1322077922077922
C02709,40,8919.51,222.98775,0.42,0.15150000000000002
C03397,70,3452.46,49.32085714285714,0.8,0.1782857142857143
C01595,12,8550.23,712.5191666666666,0.26,0.1225
C00106,26,2402.25,92.39423076923077,0.42,0.13538461538461538
C12471,6,997.95,166.32500000000002,0.15,0.07666666666666667
C08443,31,2984.56,96.27612903225807,0.52,0.15354838709677418
C00092,77,3766.57,48.91649350649351,0.62,0.14155844155844155
C09530,215,38128.26,177.34074418604652,0.9,0.16111627906976744
C00768,1523,153884.53,101.04040052527905,0.93,0.15159553512803678
C03551,30,3380.91,112.69699999999999,0.33,0.105
C03457,22,1642.99,74.68136363636364,0.31,0.1190909090909091
C03486,19,2066.21,108.74789473684211,0.36,0.17105263157894737
C05031,4158,182779.88,43.9586050986051,0.99,0.22014670514670515
C11777,23,1927.5,83.80434782608695,0.38,0.14347826086956522
C06485,9,218.49,24.276666666666667,0.27,0.14333333333333334
C09422,2,75.04,37.52,0.67,0.39
C07074,78,10082.16,129.25846153846155,0.69,0.12564102564102564
C12061,559,54707.05,97.86592128801432,0.82,0.14221824686940965
C02330,19,4920.74,258.9863157894737,0.65,0.2031578947368421
C02809,882,110534.11,125.3221201814059,0.93,0.16337868480725623
C11453,4,178.20000000000002,44.550000000000004,0.34,0.1975
C00348,127,14429.48,113.6179527559055,0.62,0.1331496062992126
C01589,4,173.57,43.3925,0.27,0.14750000000000002
C07800,21,2127.86,101.32666666666667,0.32,0.11142857142857142
C11429,66,6459.93,97.87772727272727,0.64,0.12348484848484849
C01280,73,5212.96,71.41041095890411,0.42,0.13397260273972603
C12745,47,4982.0,106.0,0.37,0.14170212765957446
C06554,11,1067.5,97.04545454545455,0.29,0.15181818181818182
C10223,138,24067.16,174.39971014492752,0.68,0.13333333333333333
C06708,293,62238.909999999996,212.41948805460748,0.92,0.16965870307167236
C11846,101,13618.47,134.83633663366336,0.74,0.1316831683168317
C08575,127,10585.93,83.35377952755906,0.41,0.12393700787401575
C13233,46,5907.51,128.42413043478263,0.44,0.13978260869565218
C02717,5,650.21,130.042,0.86,0.48
C00273,9,1279.92,142.21333333333334,0.84,0.41444444444444445
C05791,382,101759.98,266.3873821989529,0.86,0.13643979057591624
C08183,2,79.05,39.525,0.26,0.185
C11203,14,1192.1200000000001,85.15142857142858,0.33,0.14071428571428574
C09869,48,4375.7,91.16041666666666,0.6,0.134375
C05476,3,175.92000000000002,58.64000000000001,0.15,0.09666666666666666
C02891,15,1768.55,117.90333333333334,0.88,0.37133333333333335
C08765,6,1249.6399999999999,208.2733333333333,0.26,0.09500000000000001
C04369,8,1020.76,127.595,0.39,0.15125
C11558,349,59065.76,169.2428653295129,0.89,0.14022922636103152
C11871,74,11145.09,150.60932432432432,0.81,0.19824324324324324
C08733,16,2105.4,131.5875,0.43,0.174375
C02545,243,9989.35,41.10843621399177,0.9,0.2405761316872428
C09604,17,1220.28,71.78117647058824,0.36,0.13176470588235295
C01301,32,2535.86,79.245625,0.53,0.1384375
C02020,2,121.82,60.91,0.12,0.105
C08902,31,1876.21,60.52290322580645,0.48,0.14451612903225808
C11818,55,7102.54,129.13709090909092,0.44,0.13872727272727273
C05751,41,5115.3099999999995,124.76365853658535,0.34,0.1051219512195122
C12245,8,642.28,80.285,0.38,0.19375
C08989,835,261059.21,312.6457604790419,0.95,0.21597604790419161
C08675,3,1300.03,433.3433333333333,0.9,0.6233333333333334
C07729,544,130823.03,240.48351102941177,0.87,0.19058823529411767
C04775,68,2261.19,33.252794117647056,0.73,0.195
C04262,1,21.09,21.09,0.02,0.02
C00294,1379,64816.03,47.002197244379985,0.93,0.19345902828136333
C08877,34,3609.75,106.16911764705883,0.77,0.17
C07811,1,44.06,44.06,0.04,0.04
C03999,105,23976.16,228.34438095238096,0.88,0.17533333333333334
C08796,111,13365.04,120.40576576576578,0.73,0.1354954954954955
C08602,42,2517.77,59.94690476190476,0.59,0.16142857142857142
C13407,182,9388.59,51.58565934065934,0.9,0.21005494505494504
C06279,84,5209.24,62.014761904761905,0.97,0.23452380952380952
C06630,1013,46166.98,45.57451135241856,0.94,0.20779861796643634
C07006,45,4371.12,97.136,0.62,0.14177777777777778
C08032,18,2533.77,140.765,0.66,0.1711111111111111
C05935,38,2508.2200000000003,66.00578947368422,0.41,0.12947368421052632
C11444,545,20085.19,36.85355963302752,0.97,0.18656880733944955
C13303,32,3607.34,112.729375,0.84,0.2134375
C06655,17,1322.21,77.77705882352942,0.85,0.20647058823529413
C01941,44,2753.08,62.57,0.35,0.1490909090909091
C04788,20,2620.05,131.0025,0.46,0.129
C05307,919,38979.46,42.41508161044614,0.96,0.26557127312295975
C03161,93,9611.25,103.34677419354838,0.81,0.12795698924731183
C00895,26,2789.93,107.30499999999999,0.26,0.11653846153846155
C12407,36,7841.24,217.8122222222222,0.59,0.14944444444444444
C01436,5,195.09,39.018,0.33,0.136
C07762,51,8735.63,171.28686274509803,0.71,0.13980392156862745
C10424,101,7604.45,75.29158415841584,0.48,0.13782178217821783
C08438,85,10593.04,124.62400000000001,0.49,0.1128235294117647
C01659,36,5269.15,146.36527777777778,0.7,0.20166666666666666
C08637,394,64330.18,163.27456852791877,0.75,0.13137055837563452
C05739,62,7133.8,115.06129032258065,0.8,0.15935483870967743
C03141,13,1593.24,122.55692307692308,0.31,0.12000000000000001
C00218,7,319.24,45.605714285714285,0.12,0.06142857142857143
C05385,130,12417.66,95.52046153846153,0.9,0.20246153846153847
C07337,1,600.0,600.0,0.23,0.23
C00728,510,60829.85,119.2742156862745,0.96,0.16058823529411767
C02355,4,845.0699999999999,211.26749999999998,0.22,0.14750000000000002
C12322,55,4454.09,80.98345454545455,0.39,0.13145454545454546
C01922,120,9630.66,80.2555,0.86,0.14058333333333334
C10023,8,410.0,51.25,0.48,0.18
C03708,275,77403.2,281.4661818181818,0.92,0.1709818181818182
C09900,20,5639.36,281.96799999999996,0.83,0.3375
C12946,9,1244.8700000000001,138.3188888888889,0.29,0.08666666666666667
C09992,3,492.09,164.03,0.22,0.13333333333333333
C07275,20,3440.94,172.047,0.33,0.145
C04785,7,879.83,125.69000000000001,0.25,0.11285714285714286
C07986,21,1488.28,70.87047619047618,0.25,0.09666666666666668
C00502,20,5828.6,291.43,0.88,0.256
C12137,11,1370.17,124.56090909090909,0.73,0.3109090909090909
C13369,24,2965.98,123.5825,0.47,0.18083333333333332
C08909,207,23962.61,115.76140096618357,0.81,0.12342995169082126
C08510,34,11268.29,331.4202941176471,0.4,0.11558823529411766
C02219,62,10562.43,170.3617741935484,0.5,0.13935483870967744
C04716,3,382.93,127.64333333333333,0.29,0.18333333333333335
C05263,650,49058.87,75.47518461538462,0.9,0.13816923076923077
C08489,1147,280715.55,244.73892763731473,0.97,0.22635571054925893
C13060,32,4385.78,137.055625,0.88,0.4059375
C05469,12,903.91,75.32583333333334,0.34,0.1525
C09680,27,5647.43,209.16407407407408,0.8,0.1733333333333333
C06430,7,2080.9,297.2714285714286,0.22,0.13571428571428573
C08008,197,19546.12,99.21888324873096,0.52,0.1281725888324873
C11138,3,325.02,108.33999999999999,0.1,0.06333333333333334
C06479,40,4889.67,122.24175,0.32,0.11574999999999999
C10907,1,49.93,49.93,0.08,0.08
C00281,26,2688.89,103.41884615384615,0.34,0.11192307692307693
C10773,19,1709.54,89.9757894736842,0.51,0.13736842105263158
C03271,23,2419.7200000000003,105.20521739130436,0.91,0.4056521739130435
C11031,1964,210404.87,107.13078920570264,0.96,0.1509521384928717
C08456,13,1902.97,146.3823076923077,0.55,0.2030769230769231
C13268,14,1777.24,126.94571428571429,0.58,0.16999999999999998
C03394,281,27498.65,97.8599644128114,0.84,0.1418505338078292
C09908,13,1924.83,148.06384615384616,0.91,0.4030769230769231
C03274,21,1806.21,86.01,0.47,0.1738095238095238
C05976,7,401.84,57.40571428571428,0.82,0.40285714285714286
C01665,7,532.81,76.11571428571428,0.36,0.1457142857142857
C10139,281,26260.09,93.45227758007117,0.94,0.20985765124555159
C12585,91,16709.09,183.61637362637362,0.83,0.1853846153846154
C04569,7,456.3,65.18571428571428,0.25,0.12428571428571429
C01481,9,6663.19,740.3544444444444,0.12,0.05666666666666667
C07171,300,54663.95,182.21316666666667,0.96,0.16803333333333334
C00621,921,82425.25,89.49538545059718,0.86,0.1373398479913138
C11546,31,4178.8099999999995,134.80032258064514,0.55,0.14806451612903226
C00452,573,62045.53,108.2819022687609,0.92,0.1419720767888307
C12226,89,6944.88,78.0323595505618,0.49,0.14123595505617978
C01422,201,23537.74,117.103184079602,0.65,0.12606965174129353
C10360,4,499.94,124.985,0.61,0.385
C11660,3,379.01,126.33666666666666,0.71,0.3133333333333333
C00667,6,1299.76,216.62666666666667,0.91,0.4916666666666667
C02803,8,820.19,102.52375,0.22,0.115
C00223,63,10142.23,160.98777777777778,0.6,0.14587301587301588
C06664,22,2170.31,98.65045454545454,0.39,0.15454545454545454
C12180,1,96.91,96.91,0.14,0.14
C01653,34,1785.52,52.51529411764706,0.43,0.13441176470588237
C03278,755,178647.66,236.61941721854305,0.94,0.21879470198675496
C01719,180,21676.9,120.42722222222223,0.96,0.19316666666666668
C02018,134,18180.4,135.67462686567166,0.83,0.14059701492537313
C09883,63,13612.55,216.07222222222222,0.83,0.15285714285714286
C02499,76,10757.95,141.55197368421054,0.63,0.14907894736842106
C07725,6,2628.57,438.095,0.11,0.06666666666666667
C04844,74,8894.66,120.1981081081081,0.88,0.1941891891891892
C12312,2,225.07999999999998,112.53999999999999,0.08,0.05
C02656,29,4338.74,149.61172413793102,0.32,0.11034482758620691
C02393,303,36780.58,121.38805280528054,0.9,0.16844884488448844
C12990,27,2870.32,106.30814814814815,0.56,0.1474074074074074
C02014,51,5767.51,113.08843137254902,0.59,0.14431372549019608
C09586,235,54655.37,232.5760425531915,0.88,0.1787659574468085
C08698,7,972.91,138.98714285714286,0.35,0.17714285714285713
C05007,47,3009.07,64.02276595744681,0.51,0.16574468085106384
C08914,6,771.23,128.53833333333333,0.39,0.16833333333333333
C03601,1,115.01,115.01,0.13,0.13
C08620,23,2131.28,92.66434782608697,0.34,0.11521739130434783
C03699,7,3927.0,561.0,0.86,0.33
C07311,181,37072.02,204.8177900552486,0.91,0.2893370165745856
C10058,5,576.16,115.232,0.31,0.152
C07073,36,1510.92,41.97,0.88,0.3269444444444444
C08947,83,5403.5199999999995,65.10265060240964,0.7,0.13795180722891565
C12439,261,29305.74,112.28252873563218,0.53,0.13061302681992337
C08142,30,1848.19,61.60633333333333,0.39,0.13033333333333333
C05887,44,3563.93,80.99840909090909,0.34,0.1234090909090909
C08551,4,454.07,113.5175,0.16,0.0825
C04481,3,86.9,28.96666666666667,0.12,0.09333333333333334
C03069,1,116.97,116.97,0.04,0.04
C06898,84,5540.07,65.95321428571428,0.87,0.13833333333333334
C13333,182,31941.56,175.50307692307692,0.7,0.15131868131868131
C07714,12,852.98,71.08166666666666,0.4,0.13583333333333333
C03685,122,14900.87,122.1382786885246,0.88,0.1918032786885246
C10308,1503,161450.83,107.4190485695276,0.93,0.13708582834331337
C12505,25,3032.45,121.29799999999999,0.57,0.1208
C13058,102,24211.72,237.36980392156863,0.98,0.23294117647058826
C07822,14,3164.36,226.0257142857143,0.58,0.1457142857142857
C01761,1,23.97,23.97,0.2,0.2
C06193,22,4462.07,202.82136363636363,0.41,0.11727272727272728
C12171,34,1613.81,47.464999999999996,0.48,0.1526470588235294
C06205,2,128.66,64.33,0.19,0.11
C04185,162,27298.19,168.50734567901233,0.87,0.16098765432098766
C06268,39,6518.54,167.14205128205128,0.44,0.13974358974358975
C02488,25,2048.56,81.94239999999999,0.56,0.1308
C08247,1,58.95,58.95,0.01,0.01
C01471,5,249.82,49.964,0.84,0.294
C03550,117,14188.61,121.27017094017094,0.84,0.1594871794871795
C05285,6,479.89000000000004,79.98166666666667,0.49,0.18000000000000002
C08083,74,19772.79,267.1998648648649,0.64,0.1647297297297297
C10035,370,37060.67,100.16397297297297,0.91,0.1307297297297297
C10404,6,455.76,75.96,0.49,0.12833333333333333
C01849,7,829.05,118.43571428571428,0.45,0.22428571428571428
C02245,653,69226.17,106.01251148545175,0.86,0.1453905053598775
C08820,1,131.04,131.04,0.03,0.03
C08547,5,500.06,100.012,0.21,0.11200000000000002
C11867,8,342.44,42.805,0.19,0.125
C00873,14,2184.5299999999997,156.03785714285712,0.35,0.115
C11019,162,27153.24,167.6125925925926,0.9,0.163641975308642
C06971,1,49.94,49.94,0.08,0.08
C00204,62,8357.78,134.80290322580646,0.38,0.12725806451612903
C07307,29,1575.1,54.313793103448276,0.33,0.10689655172413794
C13034,50,16954.59,339.0918,0.86,0.239
C09969,15,636.12,42.408,0.37,0.146
C03089,27,6359.75,235.5462962962963,0.8,0.20777777777777778
C10029,11,1247.55,113.41363636363636,0.43,0.21181818181818182
C09249,957,119085.09,124.43583072100313,0.89,0.15800417972831768
C00533,4,3312.96,828.24,0.07,0.0475
C09891,46,9951.42,216.33521739130435,0.56,0.1317391304347826
C02533,20,2469.34,123.46700000000001,0.3,0.122
C11370,35,2940.65,84.01857142857143,0.41,0.11685714285714285
C03308,1,2160.98,2160.98,0.16,0.16
C07162,33,6618.58,200.5630303030303,0.77,0.2696969696969697
C08316,55,10842.43,197.1350909090909,0.45,0.128
C09806,452,68875.81,152.380110619469,0.86,0.15311946902654866
C12368,1,141.07,141.07,0.14,0.14
C00774,36,5059.35,140.53750000000002,0.46,0.13
C11738,24,1844.1100000000001,76.83791666666667,0.29,0.09166666666666667
C03648,13,2660.0699999999997,204.6207692307692,0.7,0.25153846153846154
C06313,21,1934.69,92.12809523809524,0.79,0.16238095238095238
C07356,38,13528.74,356.01947368421054,0.89,0.3331578947368421
C12913,49,9839.92,200.814693877551,0.93,0.3063265306122449
C03731,15,809.94,53.996,0.43,0.17200000000000001
C05419,122,14834.06,121.5906557377049,0.59,0.13524590163934427
C04415,26,2205.0,84.8076923076923,0.32,0.13923076923076924
C00496,3,174.92000000000002,58.30666666666667,0.48,0.25666666666666665
C08024,41,3961.01,96.61,0.74,0.17463414634146343
C03706,14,826.03,59.00214285714286,0.52,0.12785714285714286
C10266,31,2091.92,67.48129032258065,0.88,0.17290322580645162
C03406,122,11888.52,97.44688524590164,0.51,0.13532786885245904
C04891,44,3876.68,88.10636363636364,0.42,0.1484090909090909
C09460,12,1399.93,116.66083333333334,0.57,0.20166666666666666
C00332,90,7841.6,87.1288888888889,0.67,0.13922222222222225
C03112,36,2334.5299999999997,64.84805555555555,0.72,0.1736111111111111
C04748,47,6001.09,127.68276595744682,0.48,0.14574468085106382
C03291,12,3150.33,262.5275,0.3,0.12
C05314,18,2260.41,125.57833333333332,0.87,0.20833333333333334
C06905,30,6777.900000000001,225.93,0.41,0.12533333333333335
C00181,59,8030.35,136.10762711864407,0.79,0.17186440677966103
C07194,10,2308.02,230.802,0.86,0.32599999999999996
C07517,15,856.67,57.11133333333333,0.47,0.13133333333333333
C10786,12,1366.2,113.85000000000001,0.3,0.1325
C02371,511,62613.68,122.53166340508807,0.88,0.1568688845401174
C04990,34,1935.49,56.92617647058824,0.35,0.12058823529411763
C01553,52,6371.71,122.53288461538462,0.58,0.1301923076923077
C04134,68,18997.26,279.3714705882353,0.89,0.2114705882352941
C08403,77,12576.3,163.32857142857142,0.35,0.12441558441558441
C07948,15,2198.17,146.54466666666667,0.47,0.14866666666666667
C00749,122,12263.14,100.51754098360655,0.82,0.13172131147540983
C10396,1,75.06,75.06,0.63,0.63
C04830,10,1384.98,138.498,0.68,0.23600000000000004
C03330,32,1695.4,52.98125,0.42,0.123125
C05631,18,1477.72,82.09555555555556,0.37,0.15888888888888889
C13381,12,926.67,77.2225,0.3,0.13916666666666666
C12900,100,32910.48,329.1048,0.93,0.33380000000000004
C07141,3,220.89999999999998,73.63333333333333,0.06,0.04
C12209,4,691.98,172.995,0.36,0.1875
C02616,33,4531.69,137.32393939393938,0.43,0.1390909090909091
C08260,176,21765.48,123.6675,0.94,0.14772727272727273
C08108,28,7857.139999999999,280.6121428571428,0.47,0.13428571428571429
C10032,5,219.55,43.910000000000004,0.9,0.3
C04127,14,1282.63,91.61642857142859,0.26,0.11285714285714286
C09906,97,9835.18,101.39360824742268,0.7,0.138659793814433
C10498,1,134.86,134.86,0.22,0.22
C01966,904,145473.86,160.92241150442476,0.96,0.1605420353982301
C07878,73,8596.19,117.75602739726028,0.86,0.3198630136986302
C10010,175,26905.55,153.746,0.94,0.2958857142857143
C08395,27,6067.8099999999995,224.7337037037037,0.34,0.10962962962962963
C09782,14,3301.08,235.79142857142855,0.38,0.16714285714285712
C02737,3,234.9,78.3,0.26,0.15
C08231,14,1543.84,110.27428571428571,0.31,0.13785714285714284
C08533,11,543.2,49.38181818181818,0.42,0.13636363636363635
C05967,10,682.34,68.23400000000001,0.56,0.254
C01949,8,1838.75,229.84375,0.45,0.2125
C02138,119,12427.91,104.43621848739495,0.69,0.13067226890756303
C09092,79,10411.37,131.7894936708861,0.85,0.16645569620253164
C10965,16,1213.38,75.83625,0.27,0.095625
C05335,14,2562.7999999999997,183.05714285714285,0.4,0.15071428571428572
C04832,6,624.89,104.14833333333333,0.44,0.17
C03293,2,539.77,269.885,0.11,0.075
C06726,36,9288.07,258.00194444444446,0.81,0.1688888888888889
C00998,32,1077.48,33.67125,0.3,0.0853125
C02097,5,371.73,74.346,0.31,0.152
C11677,170,14439.43,84.93782352941177,0.77,0.14258823529411765
C12241,16,2756.84,172.3025,0.37,0.1325
C10916,6,447.61,74.60166666666667,0.38,0.13999999999999999
C11985,25,6348.400000000001,253.93600000000004,0.38,0.0944
C05769,1,89.36,89.36,0.04,0.04
C11796,7,436.93,62.41857142857143,0.39,0.11857142857142858
C11329,43,9130.4,212.33488372093024,0.69,0.16744186046511628
C01421,31,3906.29,126.00935483870968,0.63,0.17258064516129032
C03797,23,2599.19,113.00826086956522,0.51,0.13869565217391305
C13205,23,1219.6200000000001,53.02695652173914,0.48,0.13608695652173913
C08956,16,2108.29,131.768125,0.33,0.11562499999999999
C12993,64,7531.77,117.68390625,0.56,0.1459375
C09177,139,11243.31,80.88712230215828,0.55,0.130863309352518
C04301,115,19783.62,172.03147826086956,0.71,0.11434782608695652
C00159,25,1309.0,52.36,0.51,0.1492
C08339,53,7610.87,143.60132075471697,0.51,0.1579245283018868
C04146,213,18796.7,88.24741784037559,0.93,0.16760563380281693
C08595,80,10498.48,131.231,0.73,0.15125
C11808,33,5625.29,170.46333333333334,0.66,0.2824242424242424
C05858,53,5501.5599999999995,103.80301886792452,0.43,0.1532075471698113
C08467,9,902.01,100.22333333333333,0.24,0.1311111111111111
C09361,47,4248.1,90.38510638297873,0.46,0.13914893617021276
C12791,10,1326.41,132.64100000000002,0.58,0.15
C12358,46,5243.42,113.98739130434782,0.39,0.1226086956521739
C06988,133,7534.11,56.64744360902255,0.98,0.26225563909774435
C04523,11,1263.34,114.8490909090909,0.24,0.10181818181818182
C03437,4,426.85,106.7125,0.34,0.21500000000000002
C03231,124,15104.92,121.81387096774193,0.9,0.16588709677419355
C12144,85,6533.5599999999995,76.86541176470588,0.9,0.16894117647058823
C03151,36,3735.5099999999998,103.76416666666665,0.75,0.20333333333333334
C07245,6,2836.99,472.83166666666665,0.57,0.15833333333333333
C11704,173,82365.15,476.09913294797684,0.88,0.24265895953757224
C08519,6,520.2,86.7,0.31,0.165
C00836,18,2226.43,123.69055555555555,0.49,0.1638888888888889
C11085,29,2743.09,94.5893103448276,0.45,0.13793103448275862
C00856,23,1383.37,60.14652173913043,0.35,0.10652173913043479
C00185,1,68.51,68.51,0.04,0.04
C07338,96,36335.44,378.4941666666667,0.94,0.1953125
C04237,1,225.99,225.99,0.32,0.32
C08307,15,714.25,47.61666666666667,0.49,0.12133333333333332
C12259,188,19819.09,105.4206914893617,0.94,0.13382978723404254
C10068,60,7985.15,133.08583333333334,0.57,0.1505
C00986,129,14942.1,115.83023255813954,0.67,0.1292248062015504
C12295,157,15187.06,96.73286624203821,0.84,0.13636942675159236
C10405,10,1247.98,124.798,0.79,0.367
C13384,1,25.87,25.87,0.36,0.36
C05664,29,1925.39,66.39275862068966,0.76,0.16931034482758622
C11069,2,895.91,447.955,0.16,0.12
C12249,169,30041.48,177.76023668639053,0.65,0.13615384615384615
C09493,68,7720.08,113.53058823529412,0.67,0.1288235294117647
C09200,16,1182.0700000000002,73.87937500000001,0.34,0.1275
C03505,60,4473.97,74.56616666666667,0.59,0.12816666666666668
C07645,3,200.14,66.71333333333332,0.19,0.12
C10121,97,12066.6,124.3979381443299,0.63,0.13845360824742267
C07472,84,10738.34,127.83738095238095,0.69,0.14130952380952383
C06500,8,1774.93,221.86625,0.65,0.23500000000000001
C08166,55,6572.61,119.502,0.52,0.12890909090909092
C11557,10,2765.85,276.585,0.27,0.133
C09727,8,568.76,71.095,0.55,0.21375
C10643,3,258.82,86.27333333333333,0.15,0.11666666666666665
C05746,8,1102.67,137.83375,0.42,0.18125
C02207,9,924.77,102.75222222222222,0.74,0.3277777777777778
C08503,10,1249.75,124.975,0.73,0.378
C01987,10,1199.9,119.99000000000001,0.88,0.484
C00782,237,31254.61,131.87599156118145,0.87,0.14046413502109703
C13487,85,4881.62,57.43082352941176,0.57,0.14788235294117646
C07855,162,7367.7300000000005,45.479814814814816,0.96,0.26969135802469135
C11855,16,3015.44,188.465,0.91,0.356875
C02430,4,255.17000000000002,63.792500000000004,0.16,0.0975
C04632,56,7058.56,126.0457142857143,0.58,0.12303571428571428
C13045,2,349.98,174.99,0.19,0.105
C07148,81,6225.69,76.86037037037036,0.47,0.12024691358024692
C06550,69,8316.45,120.52826086956523,0.56,0.127536231884058
C08857,17,4574.63,269.0958823529412,0.21,0.08705882352941176
C09828,12,2581.65,215.13750000000002,0.36,0.12166666666666666
C07196,308,88934.34,288.74785714285713,0.95,0.19146103896103897
C11165,4,307.08000000000004,76.77000000000001,0.28,0.1325
C01163,7,495.8,70.82857142857144,0.22,0.11285714285714286
C05506,21,2962.83,141.08714285714285,0.3,0.12666666666666668
C10167,2,399.97,199.985,0.83,0.47
C13247,15,1118.19,74.546,0.45,0.136
C09396,5,1251.45,250.29000000000002,0.23,0.08600000000000001
C01529,49,31359.37,639.9871428571429,0.85,0.18346938775510205
C08454,1,200.03,200.03,0.19,0.19
C10253,130,7496.7300000000005,57.66715384615385,0.69,0.12461538461538461
C10052,16,1871.48,116.9675,0.65,0.16625
C12109,28,2975.16,106.25571428571428,0.39,0.14392857142857143
C06958,28,2039.26,72.83071428571428,0.74,0.15678571428571428
C02569,3,633.01,211.00333333333333,0.16,0.09333333333333334
C08934,40,4640.2,116.005,0.33,0.1385
C05747,10,758.24,75.824,0.47,0.172
C08977,13,1190.24,91.55692307692308,0.31,0.12846153846153846
C07203,29,6519.01,224.7934482758621,0.27,0.10620689655172413
C04400,13,1749.96,134.6123076923077,0.39,0.12230769230769231
C05380,1,50.06,50.06,0.02,0.02
C00307,55,7174.43,130.44418181818182,0.75,0.1632727272727273
C12189,23,3184.71,138.46565217391304,0.3,0.13304347826086957
C08236,4,3147.4300000000003,786.8575000000001,0.43,0.24
C01032,3,196.79000000000002,65.59666666666668,0.57,0.36000000000000004
C09622,10,1222.21,122.221,0.43,0.131
C07282,4,242.67,60.6675,0.21,0.08499999999999999
C08305,113,18754.98,165.97327433628317,0.55,0.114070796460177
C07510,5,935.95,187.19,0.59,0.194
C12677,23,3592.04,156.17565217391305,0.75,0.16391304347826088
C13359,122,10899.79,89.34254098360657,0.69,0.1377049180327869
C03206,7,502.29,71.75571428571429,0.22,0.12000000000000001
C06267,6,533.12,88.85333333333334,0.54,0.16833333333333333
C08075,81,8529.85,105.30679012345679,0.87,0.1417283950617284
C00406,35,6585.92,188.16914285714287,0.81,0.24257142857142858
C04267,26,2587.07,99.50269230769231,0.72,0.1623076923076923
C09170,40,6464.95,161.62375,0.68,0.20024999999999998
C08299,56,3425.37,61.16732142857143,0.85,0.25410714285714286
C07628,26,1481.87,56.995,0.63,0.16461538461538464
C12797,177,39338.4,222.25084745762712,0.83,0.16898305084745763
C00635,10,2386.12,238.612,0.51,0.14100000000000001
C06096,11,1259.99,114.54454545454546,0.8,0.45272727272727276
C04407,13,1725.18,132.70615384615385,0.33,0.12230769230769231
C04515,132,16490.920000000002,124.93121212121214,0.79,0.1603787878787879
C05767,26,3595.99,138.3073076923077,0.41,0.12653846153846154
C12952,48,4138.78,86.22458333333333,0.74,0.13583333333333333
C03666,8,486.28999999999996,60.786249999999995,0.21,0.135
C10349,64,21351.28,333.61375,0.9,0.2025
C02552,13,8305.72,638.9015384615384,0.59,0.16076923076923075
C04676,104,12492.99,120.12490384615384,0.58,0.13942307692307693
C01710,33,4704.35,142.5560606060606,0.36,0.1484848484848485
C10957,220,10964.39,49.83813636363636,0.87,0.2023181818181818
C01448,1,50.09,50.09,0.6,0.6
C08607,4,956.03,239.0075,0.41,0.22
C13380,6,464.94,77.49,0.3,0.125
C02145,38,6131.88,161.36526315789473,0.83,0.16210526315789475
C12750,7,722.91,103.27285714285713,0.41,0.13428571428571429
C04060,10,1694.81,169.481,0.7,0.282
C01981,19,1534.62,80.76947368421052,0.95,0.1794736842105263
C09076,23,2644.79,114.9908695652174,0.88,0.33956521739130435
C01744,339,65908.88,194.4214749262537,0.88,0.2121533923303835
C04085,95,7425.76,78.1658947368421,0.61,0.144
C10309,14,2722.17,194.44071428571428,0.29,0.13428571428571429
C13076,11,1574.6599999999999,143.15090909090907,0.78,0.34545454545454546
C01826,34,5165.53,151.92735294117645,0.78,0.20323529411764707
C07339,203,18690.63,92.07206896551725,0.54,0.13857142857142857
C05801,7,1693.95,241.99285714285716,0.32,0.16428571428571428
C03506,23,2143.79,93.20826086956522,0.37,0.12217391304347826
C07109,54,4692.17,86.89203703703704,0.42,0.12074074074074075
C03409,22,5519.28,250.87636363636364,0.59,0.145
C03925,19,3928.41,206.75842105263158,0.41,0.14526315789473684
C00050,93,15110.39,162.47731182795698,0.94,0.20838709677419354
C01230,8,3206.05,400.75625,0.25,0.09875
C07354,143,19485.09,136.25937062937064,0.84,0.16146853146853146
C04549,18,1982.45,110.13611111111112,0.39,0.13944444444444445
C06605,182,34109.92,187.41714285714284,0.92,0.25252747252747254
C08047,11,1710.2,155.47272727272727,0.73,0.3981818181818182
C01972,4,400.01,100.0025,0.12,0.0825
C07591,50,4241.46,84.8292,0.88,0.1528
C13068,6,371.79,61.965,0.24,0.08333333333333333
C11173,142,12793.79,90.09711267605634,0.87,0.12345070422535212
C07319,98,11581.02,118.17367346938777,0.76,0.1426530612244898
C09174,196,54438.46,277.7472448979592,0.85,0.16290816326530613
C06143,44,5942.63,135.05977272727273,0.47,0.1409090909090909
C03843,21,4454.9400000000005,212.14000000000001,0.93,0.2528571428571429
C01311,49,3794.99,77.44877551020407,0.85,0.1893877551020408
C11287,135,20827.57,154.2782962962963,0.49,0.1417037037037037
C05145,5,408.93,81.786,0.5,0.154
C11374,56,5725.11,102.23410714285714,0.48,0.11892857142857143
C03119,15,1162.52,77.50133333333333,0.44,0.12066666666666667
C08228,29,2265.69,78.12724137931035,0.49,0.11206896551724138
C09568,132,19191.8,145.39242424242423,0.69,0.13257575757575757
C00567,17,1780.06,104.70941176470588,0.29,0.12411764705882353
C07989,5,776.06,155.212,0.75,0.26
C13326,78,8385.73,107.50935897435897,0.54,0.12371794871794872
C11513,33,9804.28,297.09939393939396,0.87,0.23636363636363636
C00653,7,689.03,98.43285714285715,0.32,0.14285714285714285
C06704,42,3528.17,84.00404761904763,0.35,0.1554761904761905
C01902,21,2082.61,99.17190476190477,0.61,0.15714285714285714
C02986,5,94.85,18.97,0.32,0.17200000000000001
C05729,2,39.41,19.705,0.28,0.21500000000000002
C09368,18,1629.51,90.52833333333334,0.56,0.14944444444444444
C08888,82,6867.01,83.74402439024391,0.54,0.13878048780487806
C06992,1,100.06,100.06,0.05,0.05
C09306,34,4067.15,119.62205882352941,0.34,0.14352941176470588
C02578,7,397.63,56.80428571428571,0.4,0.2057142857142857
C08926,20,4788.87,239.4435,0.42,0.1105
C09129,6,595.61,99.26833333333333,0.68,0.26
C02477,18,1638.28,91.01555555555555,0.87,0.44
C05300,2,270.9,135.45,0.05,0.045
C09986,20,2366.91,118.34549999999999,0.27,0.12250000000000001
C09197,7,1618.9299999999998,231.27571428571426,0.16,0.09714285714285716
C05107,41,6200.01,151.21975609756097,0.64,0.14048780487804877
C11534,44,5294.19,120.32249999999999,0.81,0.13704545454545455
C01682,224,22151.59,98.89102678571429,0.54,0.13138392857142858
C09468,225,66694.06,296.41804444444443,0.86,0.21604444444444446
C07990,24,1180.67,49.194583333333334,0.97,0.18208333333333335
C07300,25,2974.1,118.964,0.56,0.1592
C11964,32,3377.78,105.555625,0.55,0.1471875
C07502,18,3511.99,195.11055555555555,0.18,0.07277777777777777
C10406,23,6108.34,265.58,0.52,0.1552173913043478
C09013,34,5860.85,172.37794117647059,0.3,0.11705882352941177
C02425,9,1110.1,123.34444444444443,0.28,0.10777777777777778
C12885,26,3753.94,144.3823076923077,0.71,0.24153846153846154
C07747,5,1588.5,317.7,0.24,0.19
C04665,13,745.64,57.356923076923074,0.89,0.23846153846153847
C07380,2,444.95,222.475,0.08,0.06
C13036,53,3456.51,65.21716981132076,0.93,0.2271698113207547
C03840,29,2552.0,88.0,0.73,0.1472413793103448
C11359,6,205.46,34.24333333333333,0.1,0.09166666666666667
C00887,72,6607.68,91.77333333333334,0.86,0.25583333333333336
C06136,62,6289.33,101.4408064516129,0.53,0.12774193548387097
C09031,39,2374.5,60.88461538461539,0.4,0.12538461538461537
C01575,28,1948.85,69.60178571428571,0.47,0.12892857142857142
C05677,51,1768.98,34.68588235294118,0.58,0.17411764705882354
C06343,68,16855.77,247.8789705882353,0.88,0.21970588235294117
C07125,83,7932.38,95.57084337349397,0.47,0.13048192771084338
C05555,10,709.44,70.944,0.36,0.185
C00962,39,6233.21,159.82589743589745,0.41,0.11282051282051284
C02976,18,544.1,30.227777777777778,0.47,0.13555555555555554
C03079,57,7283.38,127.77859649122807,0.7,0.1343859649122807
C12527,15,1170.15,78.01,0.64,0.17866666666666667
C09093,43,5208.79,121.1346511627907,0.41,0.11906976744186047
C07585,545,87812.05,161.12302752293579,0.78,0.13911926605504588
C04154,74,3478.07,47.00094594594595,0.69,0.17702702702702702
C05772,223,19572.25,87.76793721973094,0.9,0.1688340807174888
C10137,234,51196.57,218.78876068376067,0.88,0.15910256410256413
C10892,101,6481.04,64.16871287128713,0.71,0.12881188118811882
C11890,166,28616.54,172.3887951807229,0.93,0.13855421686746988
C12267,577,64663.159999999996,112.06786828422877,0.89,0.16039861351819756
C05245,6141,876221.68,142.68387559029475,0.98,0.17021983390327308
C12897,1567,299901.97,191.38606892150605,0.97,0.27261008296107214
C10013,55,9139.67,166.1758181818182,0.54,0.14672727272727273
C12953,6,783.06,130.51,0.35,0.085
C00540,207,21090.07,101.8843961352657,0.63,0.13898550724637682
C13191,38,2167.78,57.04684210526316,0.83,0.16710526315789473
C03508,1,150.09,150.09,0.02,0.02
C10502,6,780.09,130.01500000000001,0.87,0.6466666666666666
C00889,2578,363357.67,140.94556633048873,0.94,0.14326609775019397
C01377,1085,165908.89,152.91141935483873,0.96,0.21339170506912442
C06639,52,3774.47,72.58596153846153,0.37,0.12076923076923077
C05192,240,25962.64,108.17766666666667,0.91,0.153875
C04125,14162,1638516.91,115.69812950148284,0.98,0.15980158169750036
C10229,10,1249.37,124.93699999999998,0.25,0.122
C04201,25,1110.49,44.4196,0.89,0.16879999999999998
C11975,2,336.88,168.44,0.13,0.07
C10519,96,12050.37,125.52468750000001,0.9,0.1353125
C01420,19,3943.27,207.54052631578946,0.68,0.2310526315789474
C10820,1,29.96,29.96,0.17,0.17
C04311,43,5964.93,138.7193023255814,0.88,0.2041860465116279
C07360,869,122638.6,141.12612197928655,0.97,0.14798619102416571
C07562,2076,100879.95,48.59342485549133,0.99,0.2255684007707129
C07571,179,20397.53,113.95268156424581,0.86,0.1288268156424581
C01363,75,7779.81,103.7308,0.69,0.1232
C07197,61,7890.21,129.34770491803278,0.5,0.1498360655737705
C09111,1,108.56,108.56,0.16,0.16
C01031,111,15615.32,140.67855855855856,0.8,0.1355855855855856
C01875,43,5175.83,120.36813953488372,0.82,0.1858139534883721
C04903,67,8159.33,121.7810447761194,0.96,0.161044776119403
C03778,216,47103.38,218.0712037037037,0.94,0.2601851851851852
C05477,1,50.02,50.02,0.14,0.14
C02716,5172,1329124.23,256.98457656612527,0.98,0.22016241299303946
C04933,18,5330.73,296.15166666666664,0.81,0.19111111111111112
C04840,65,10604.93,163.15276923076922,0.81,0.2570769230769231
C08450,3873,430028.93,111.03251484637232,0.94,0.16117221791892591
C00374,4,151.82,37.955,0.24,0.1275
C11206,2,135.99,67.995,0.43,0.22
C09444,34,3813.15,112.1514705882353,0.43,0.16647058823529412
C06663,1186,48103.99,40.55985666104553,0.96,0.18221753794266443
C13488,14,1556.1,111.14999999999999,0.26,0.11071428571428572
C00777,270,46672.08,172.85955555555557,0.92,0.17496296296296296
C11847,750,33312.39,44.41652,0.97,0.2432
C10546,3,2384.05,794.6833333333334,0.27,0.13333333333333333
C01152,11,1897.08,172.4618181818182,0.32,0.16
C01982,2774,415852.6,149.91081470800287,0.95,0.1673035328046143
C00780,19,2401.42,126.39052631578947,0.77,0.20578947368421052
C11842,122,26129.73,214.17811475409835,0.89,0.1989344262295082
C07423,3,175.01000000000002,58.33666666666667,0.17,0.10666666666666669
C01063,59,11402.92,193.26983050847457,0.83,0.20440677966101695
C01569,17,3480.16,204.71529411764706,0.87,0.36411764705882355
C00456,1,29.03,29.03,0.35,0.35
C02648,25,2672.39,106.8956,0.28,0.1036
C13187,95,14705.36,154.79326315789476,0.6,0.13315789473684211
C03473,3,173.86,57.95333333333334,0.43,0.23666666666666666
C11613,4,604.13,151.0325,0.13,0.065
C11794,33,2854.9,86.51212121212122,0.36,0.12333333333333334
C04474,12,1403.49,116.9575,0.35,0.18583333333333332
C03959,18,1044.77,58.04277777777778,0.4,0.10500000000000001
C06046,108,6013.55,55.68101851851852,0.51,0.12453703703703703
C03969,7,301.8,43.114285714285714,0.33,0.13
C06906,139,6150.75,44.25,0.9,0.19438848920863308
C12933,3,170.97,56.99,0.22,0.12333333333333334
C07856,13,4033.65,310.28076923076924,0.77,0.19692307692307692
C13445,35,10899.07,311.402,0.34,0.12942857142857145
C05381,2818,117369.38,41.64988644428673,0.98,0.1982682753726047
C11597,925,35959.56,38.8752,0.96,0.22085405405405403
C07355,308,27580.36,89.54662337662337,0.79,0.14944805194805194
C07795,9,2262.7599999999998,251.41777777777776,0.27,0.16555555555555557
C09624,11,546.3199999999999,49.66545454545454,0.37,0.1390909090909091
C11874,71,9196.35,129.52605633802818,0.74,0.17253521126760563
C12954,2,86.30000000000001,43.150000000000006,0.09,0.07
C05081,7,364.79,52.112857142857145,0.71,0.22999999999999998
C10041,25,3105.14,124.20559999999999,0.31,0.1192
C09692,26,2357.41,90.66961538461538,0.76,0.1523076923076923
C00942,981,113021.85,115.21085626911315,0.92,0.16929663608562692
C03977,87,17956.46,206.39609195402298,0.72,0.17471264367816094
C06121,2632,267855.56,101.76882978723404,0.93,0.14358662613981762
C00128,1,59.0,59.0,0.02,0.02
C08471,42,4979.9,118.56904761904761,0.62,0.16476190476190475
C13220,10,1210.0,121.0,0.61,0.25599999999999995
C08453,1,174.94,174.94,0.16,0.16
C06677,5,454.96,90.99199999999999,0.85,0.45999999999999996
C11805,3,275.93,91.97666666666667,0.74,0.4566666666666667
C12987,202,10317.61,51.077277227722774,0.94,0.22351485148514852
C03080,302,31438.34,104.10046357615894,0.73,0.1303973509933775
C09149,659,163516.07,248.12757207890743,0.96,0.22198786039453716
C12703,43,3820.31,88.84441860465117,0.9,0.2216279069767442
C12740,8,850.12,106.265,0.4,0.16625
C10835,143,18486.93,129.27923076923076,0.73,0.14006993006993007
C12835,114,6143.19,53.887631578947364,0.66,0.143859649122807
C01493,16,2230.17,139.385625,0.7,0.385
C00194,14,763.34,54.52428571428572,0.34,0.1142857142857143
C04895,6,1006.05,167.67499999999998,0.62,0.24166666666666667
C11898,97,8389.72,86.4919587628866,0.85,0.12463917525773195
C06744,2069,64629.54,31.23709038182697,0.95,0.1790285161913968
C04152,22,3229.11,146.77772727272728,0.52,0.10590909090909091
C05636,194,14648.66,75.50855670103093,0.73,0.1474742268041237
C11769,43,6030.16,140.23627906976745,0.44,0.1474418604651163
C11418,5,384.0,76.8,0.63,0.21400000000000002
C00238,13,1294.42,99.57076923076923,0.39,0.17307692307692307
C03945,26,5051.13,194.27423076923077,0.53,0.19538461538461538
C00952,597,146057.07,244.65170854271358,0.98,0.18500837520938024
C00306,41,11658.49,284.35341463414636,0.86,0.16951219512195123
C00726,78,7687.61,98.55910256410256,0.5,0.13230769230769232
C06443,215,75121.88,349.4040930232558,0.92,0.18144186046511626
C00855,26,4094.83,157.49346153846153,0.65,0.1896153846153846
C05185,17,3406.91,200.4064705882353,0.55,0.1935294117647059
C06799,1,31.44,31.44,0.17,0.17
C02921,264,18418.23,69.76602272727273,0.82,0.14462121212121212
C10292,23,2617.02,113.78347826086956,0.49,0.1334782608695652
C12564,4,353.88,88.47,0.26,0.12000000000000001
C08860,8,675.88,84.485,0.88,0.40249999999999997
C12628,38,5172.91,136.12921052631577,0.52,0.1444736842105263
C01253,1,80.02,80.02,0.57,0.57
C06045,11,957.44,87.04,0.2,0.06727272727272728
C05690,457,133202.13999999998,291.4707658643326,0.93,0.20424507658643326
C01996,1221,107296.62,87.87601965601965,0.93,0.14607698607698608
C02851,76,3040.77,40.010131578947366,0.86,0.15105263157894738
C05423,216,9631.32,44.589444444444446,0.92,0.20347222222222225
C04488,9,1824.94,202.7711111111111,0.83,0.35888888888888887
C11831,8,330.36,41.295,0.32,0.11125
C07962,126,12884.68,102.25936507936508,0.76,0.14817460317460318
C13492,14,1322.1,94.43571428571428,0.81,0.4521428571428571
C12102,48,3797.12,79.10666666666667,0.44,0.12229166666666667
C11400,2,524.05,262.025,0.02,0.015
C05979,68,11121.14,163.54617647058822,0.62,0.14985294117647058
C02084,374,42711.71,114.20243315508021,0.74,0.142379679144385
C00994,1,26.94,26.94,0.04,0.04
C11266,64,8427.39,131.67796875,0.61,0.13734375
C02167,123,12733.22,103.5221138211382,0.44,0.1132520325203252
C00801,28,3202.71,114.38250000000001,0.49,0.12678571428571428
C03078,19,2971.75,156.4078947368421,0.33,0.1394736842105263
C06884,34,4710.73,138.55088235294116,0.29,0.1264705882352941
C03913,10,2065.81,206.581,0.26,0.10400000000000001
C01236,20,1084.43,54.221500000000006,0.56,0.131
C00466,77,4665.11,60.58584415584415,0.9,0.24870129870129867
C10799,91,15384.67,169.06230769230768,0.69,0.15923076923076923
C12418,12,2311.98,192.665,0.71,0.36333333333333334
C06067,844,87703.66,103.91428909952607,0.92,0.14907582938388628
C00488,72,8357.17,116.07180555555556,0.64,0.1284722222222222
C06339,96,3841.07,40.01114583333334,0.83,0.14020833333333335
C07925,317,53714.17,169.4453312302839,0.95,0.3192744479495268
C05504,243,22626.94,93.1149794238683,0.85,0.14765432098765433
C11913,1,50.03,50.03,0.08,0.08
C09792,15,626.67,41.778,0.39,0.22066666666666668
C09553,4,236.02,59.005,0.2,0.1075
C05257,47,7080.25,150.64361702127658,0.72,0.14191489361702128
C07622,38,2762.98,72.71,0.28,0.1307894736842105
C00820,465,50939.77,109.54789247311827,0.79,0.13660215053763441
C07023,9,527.79,58.64333333333333,0.28,0.10333333333333333
C05725,2,125.06,62.53,0.76,0.49
C11355,12,2077.71,173.1425,0.18,0.08166666666666667
C07185,862,89725.17,104.08952436194896,0.95,0.19943155452436195
C10953,22,2848.04,129.45636363636365,0.29,0.12318181818181818
C02657,3,134.05,44.68333333333334,0.22,0.09333333333333334
C10016,431,57256.03,132.84461716937355,0.94,0.15621809744779583
C11143,350,66997.32,191.4209142857143,0.94,0.1992
C11092,329,54191.23,164.71498480243162,0.93,0.16717325227963525
C13433,41,4408.54,107.52536585365854,0.48,0.14170731707317075
C12496,2,73.89,36.945,0.24,0.16499999999999998
C02119,1,24.91,24.91,0.26,0.26
C03733,4,675.05,168.7625,0.78,0.3675
C03477,57,5979.74,104.90771929824561,0.55,0.1405263157894737
C07667,64,7093.66,110.8384375,0.42,0.14296875
C09471,1677,187449.96,111.77695885509839,0.95,0.1517829457364341
C12039,17,1464.69,86.15823529411765,0.52,0.13647058823529412
C01011,6,396.99,66.165,0.15,0.07666666666666666
C04995,5,344.87,68.974,0.17,0.08800000000000001
C09400,59,9964.38,168.8877966101695,0.8,0.1683050847457627
C08876,2,272.06,136.03,0.27,0.15000000000000002
C02214,530,50698.89,95.65828301886792,0.95,0.15271698113207546
C03640,12,1192.68,99.39,0.25,0.10666666666666667
C03730,7,1002.86,143.2657142857143,0.46,0.17142857142857143
C12520,7,1965.98,280.8542857142857,0.3,0.12999999999999998
C01182,236,26003.25,110.1832627118644,0.87,0.15275423728813559
C00483,54,1129.1,20.909259259259258,0.69,0.15296296296296297
C12405,27,7179.429999999999,265.9048148148148,0.42,0.14333333333333334
C12098,22,1039.72,47.26,0.39,0.1159090909090909
C10390,126,19344.37,153.52674603174603,0.87,0.20277777777777778
C12068,5,1129.79,225.958,0.28,0.148
C02189,99,12024.13,121.45585858585858,0.45,0.13333333333333333
C04044,11,1179.25,107.20454545454545,0.34,0.12636363636363637
C12727,49,13710.07,279.7973469387755,0.66,0.15897959183673468
C07007,9,1390.85,154.5388888888889,0.18,0.10222222222222221
C01740,9,306.03000000000003,34.00333333333334,0.55,0.1366666666666667
C01188,227,38568.31,169.90444933920705,0.83,0.15101321585903085
C08222,21,4317.03,205.57285714285712,0.91,0.24047619047619045
C10046,16,1094.22,68.38875,0.35,0.141875
C05547,3,1988.94,662.98,0.28,0.25333333333333335
C01143,3,509.12,169.70666666666668,0.39,0.19666666666666668
C08557,12,1850.42,154.20166666666668,0.64,0.2675
C02662,16,2792.15,174.509375,0.8,0.205625
C06821,128,11583.98,90.49984375,0.48,0.14109375
C08541,9,2070.79,230.08777777777777,0.86,0.3377777777777778
C13038,8,1049.96,131.245,0.73,0.32625
C00450,155,37829.05,244.05838709677423,0.91,0.2905161290322581
C00577,23,3162.58,137.50347826086957,0.46,0.10043478260869565
C01634,4,659.87,164.9675,0.27,0.14250000000000002
C08563,248,24053.68,96.99064516129032,0.7,0.13935483870967744
C05199,38,4176.41,109.90552631578947,0.68,0.16473684210526315
C03019,871,268079.78,307.78390355912745,0.95,0.26017221584385763
C10554,1,100.08,100.08,0.1,0.1
C00835,4,649.85,162.4625,0.91,0.5775
C05058,5,1373.1,274.62,0.36,0.132
C09195,30,3443.9100000000003,114.79700000000001,0.58,0.15166666666666667
C04921,22,6353.83,288.81045454545455,0.9,0.21636363636363634
C02828,12,2233.01,186.08416666666668,0.37,0.17666666666666667
C06642,18,2990.11,166.11722222222224,0.53,0.18888888888888888
C00683,49,4022.04,82.08244897959183,0.41,0.12551020408163266
C06768,69,9180.13,133.04536231884057,0.69,0.1489855072463768
C07957,149,29480.37,197.85483221476508,0.86,0.2104026845637584
C01635,105,8731.68,83.15885714285714,0.45,0.12
C11047,22,3183.4900000000002,144.70409090909092,0.57,0.19727272727272727
C07583,29,2636.25,90.90517241379311,0.37,0.1386206896551724
C05231,30,8665.0,288.8333333333333,0.55,0.163
C06299,127,39486.22,310.9151181102362,0.98,0.20086614173228348
C03470,99,3523.07,35.58656565656566,0.85,0.1603030303030303
C13287,21,4782.78,227.75142857142856,0.8,0.20190476190476192
C06963,115,8885.92,77.26886956521739,0.51,0.12243478260869566
C12923,3,260.91999999999996,86.97333333333331,0.84,0.3833333333333333
C06740,31,1099.59,35.47064516129032,0.84,0.15096774193548387
C04717,6,582.15,97.02499999999999,0.54,0.15833333333333335
C07522,48,10859.77,226.24520833333335,0.89,0.14625000000000002
C07223,13,1304.87,100.37461538461538,0.86,0.36230769230769233
C04660,3,449.86,149.95333333333335,0.13,0.09333333333333334
C11673,9,493.74,54.86,0.34,0.14555555555555555
C06084,339,40212.48,118.62088495575222,0.95,0.14309734513274336
C07733,75,7540.33,100.53773333333334,0.65,0.12586666666666665
C07037,11,1123.42,102.12909090909092,0.26,0.08636363636363636
C07103,12,1210.01,100.83416666666666,0.76,0.17833333333333334
C05714,68,5725.5,84.19852941176471,0.53,0.12720588235294117
C10476,40,18508.88,462.72200000000004,0.89,0.32075
C02476,36,5048.22,140.22833333333335,0.48,0.1413888888888889
C02481,34,4886.73,143.72735294117646,0.49,0.12029411764705882
C07297,261,29379.1,112.56360153256705,0.76,0.1393103448275862
C04089,12,1791.79,149.31583333333333,0.68,0.20333333333333337
C10316,72,5905.29,82.01791666666666,0.43,0.14430555555555558
C09417,25,3796.22,151.84879999999998,0.4,0.1116
C07781,25,2958.86,118.3544,0.24,0.09880000000000001
C06536,42,5965.99,142.04738095238093,0.43,0.13380952380952382
C10541,6,482.99,80.49833333333333,0.6,0.16
C02190,52,3643.11,70.0598076923077,0.38,0.1323076923076923
C06221,5,524.88,104.976,0.75,0.382
C01599,158,30807.29,194.98284810126583,0.92,0.16829113924050632
C08949,10,2143.28,214.32800000000003,0.35,0.143
C00990,2,149.89999999999998,74.94999999999999,0.17,0.10500000000000001
C02249,41,5452.09,132.97780487804877,0.77,0.13365853658536586
C10827,8,1223.24,152.905,0.44,0.215
C09026,258,67722.66,262.4909302325581,0.9,0.17821705426356588
C01984,1,60.67,60.67,0.24,0.24
C07831,24,2370.12,98.755,0.35,0.1425
C05062,24,4159.75,173.32291666666666,0.92,0.18041666666666667
C03487,70,8875.789999999999,126.79699999999998,0.57,0.134
C12984,56,8154.53,145.61660714285713,0.76,0.16785714285714287
C02775,20,2582.02,129.101,0.48,0.1355
C09687,19,3275.0,172.3684210526316,0.8,0.2984210526315789
C00727,9,963.4300000000001,107.04777777777778,0.23,0.10888888888888888
C00546,42,6221.67,148.135,0.4,0.12095238095238095
C06006,38,9610.97,252.9202631578947,0.88,0.22605263157894737
C00175,13,1325.06,101.9276923076923,0.26,0.10692307692307691
C02824,21,1644.1,78.29047619047618,0.46,0.1457142857142857
C00571,253,32728.98,129.36355731225296,0.71,0.13972332015810277
C04264,124,18416.28,148.51838709677418,0.81,0.14798387096774196
C08831,58,13837.1,238.57068965517243,0.9,0.22827586206896552
C13126,1,74.93,74.93,0.01,0.01
C11882,1,100.01,100.01,0.16,0.16
C02676,23,3526.6400000000003,153.3321739130435,0.34,0.12695652173913044
C07216,132,20952.76,158.7330303030303,0.79,0.15606060606060607
C08483,325,52129.88,160.39963076923075,0.9,0.16467692307692308
C12763,10,1813.33,181.333,0.15,0.05700000000000001
C06009,14,1705.88,121.84857142857143,0.37,0.10285714285714286
C07761,72,3151.07,43.76486111111112,0.9,0.1951388888888889
C02705,28,6100.85,217.88750000000002,0.86,0.19571428571428573
C11651,18,1860.58,103.36555555555555,0.51,0.14722222222222223
C00599,35,9335.49,266.72828571428573,0.3,0.10342857142857143
C12887,135,12733.34,94.32103703703704,0.9,0.14725925925925926
C01654,64,8824.17,137.87765625,0.78,0.18031250000000001
C09029,17,831.77,48.92764705882353,0.31,0.1288235294117647
C12103,170,19038.19,111.98935294117646,0.85,0.14841176470588235
C01026,12,1604.84,133.73666666666665,0.51,0.19166666666666668
C03814,28,5946.55,212.37678571428572,0.8,0.1657142857142857
C12753,23,2226.79,96.81695652173913,0.46,0.18478260869565216
C04526,16,1029.92,64.37,0.7,0.18875
C02170,16,952.14,59.50875,0.51,0.154375
C11951,68,18490.75,271.9227941176471,0.9,0.21529411764705883
C04249,14,784.78,56.05571428571428,0.27,0.13785714285714287
C06514,91,11904.67,130.82054945054946,0.94,0.20274725274725275
C05053,28,3941.44,140.7657142857143,0.38,0.15392857142857144
C10772,1,75.08,75.08,0.1,0.1
C08570,44,4643.14,105.5259090909091,0.73,0.14636363636363636
C01304,11,13306.23,1209.6572727272726,0.43,0.14727272727272725
C02512,3,325.03,108.34333333333332,0.76,0.4066666666666667
C07480,7,925.12,132.16,0.93,0.40714285714285714
C05238,45,4699.87,104.44155555555555,0.35,0.10866666666666666
C02583,32,3467.17,108.3490625,0.42,0.1484375
C12547,6,239.63,39.93833333333333,0.28,0.13833333333333334
C00701,10,1315.47,131.547,0.51,0.202
C04211,11,708.94,64.44909090909091,0.41,0.12818181818181817
C04263,58,5801.43,100.0246551724138,0.42,0.14655172413793102
C00369,19,1950.54,102.66,0.42,0.1310526315789474
C05004,21,3279.89,156.18523809523808,0.64,0.17952380952380953
C12857,31,1970.3,63.55806451612903,0.38,0.1361290322580645
C12395,81,15873.82,195.9730864197531,0.46,0.13123456790123458
C05818,16,6312.51,394.531875,0.38,0.149375
C02038,8,1360.97,170.12125,0.37,0.17125
C09298,1,100.04,100.04,0.05,0.05
C03579,1,100.09,100.09,0.43,0.43
C00752,14,2810.5499999999997,200.7535714285714,0.48,0.16214285714285714
C12865,53,18526.45,349.5556603773585,0.89,0.25660377358490566
C08179,2,200.0,100.0,0.07,0.05500000000000001
C07689,14,1365.8999999999999,97.5642857142857,0.5,0.1992857142857143
C12992,14,1579.66,112.83285714285715,0.91,0.36214285714285716
C04413,16,1485.44,92.84,0.29,0.09875
C03315,24,2317.52,96.56333333333333,0.46,0.15458333333333332
C11425,4,176.05,44.0125,0.33,0.1675
C04283,75,11582.59,154.43453333333335,0.58,0.1432
C06968,20,1162.82,58.141,0.38,0.151
C07004,29,3436.49,118.49965517241378,0.59,0.16551724137931034
C04316,19,1166.85,61.413157894736834,0.35,0.10999999999999999
C06170,1,34.02,34.02,0.05,0.05
C01047,17,1144.63,67.33117647058825,0.68,0.27647058823529413
C01332,77,8689.15,112.8461038961039,0.78,0.1983116883116883
C11620,6,674.98,112.49666666666667,0.6,0.19166666666666665
C02439,9,603.94,67.10444444444445,0.21,0.1
C08095,7,703.2,100.45714285714287,0.32,0.16714285714285712
C08825,9,1007.42,111.93555555555555,0.72,0.35444444444444445
C11560,5,601.23,120.24600000000001,0.33,0.168
C10382,4,467.87,116.9675,0.18,0.0825
C12370,1,14.23,14.23,0.1,0.1
C07854,5,169.24,33.848,0.5,0.168
C13111,6,147.33,24.555000000000003,0.19,0.10833333333333334
C08173,59,8230.81,139.5052542372881,0.72,0.1294915254237288
C08520,2,129.26,64.63,0.17,0.11000000000000001
C05705,50,4026.7,80.53399999999999,0.74,0.1432
C11771,6,459.07,76.51166666666667,0.21,0.12333333333333334
C08707,95,11434.85,120.36684210526316,0.64,0.14242105263157895
C06311,38,4741.66,124.78052631578947,0.42,0.14578947368421052
C00276,23,1699.3899999999999,73.88652173913043,0.76,0.25173913043478263
C04574,4,315.8,78.95,0.34,0.16
C07345,36,3320.9100000000003,92.2475,0.34,0.13
C11233,16,1555.44,97.215,0.31,0.121875
C10295,44,9010.01,204.77295454545455,0.79,0.2838636363636364
C03561,79,13961.23,176.72443037974682,0.95,0.2692405063291139
C02949,386,57051.61,147.80209844559585,0.84,0.16663212435233163
C04255,20,4299.04,214.952,0.48,0.101
C03715,51,6593.21,129.2786274509804,0.54,0.14470588235294118
C02881,30,2770.25,92.34166666666667,0.79,0.23966666666666667
C03701,47,9816.22,208.85574468085105,0.61,0.1295744680851064
C05003,24,1509.55,62.89791666666667,0.36,0.13625
C07327,29,3590.48,123.8096551724138,0.28,0.10896551724137932
C08102,3,349.88,116.62666666666667,0.62,0.26666666666666666
C04261,39,4184.35,107.29102564102566,0.92,0.15538461538461537
C10356,13,1086.83,83.60230769230769,0.25,0.1176923076923077
C02037,2,167.0,83.5,0.25,0.14
C00040,2,1058.56,529.28,0.2,0.14
C12232,12,3248.02,270.66833333333335,0.27,0.065
C10008,7,257.58,36.79714285714285,0.36,0.1757142857142857
C08808,15,2871.89,191.45933333333332,0.31,0.12266666666666667
C11032,211,30315.13,143.6736018957346,0.71,0.14146919431279623
C03620,67,6152.65,91.83059701492537,0.47,0.14925373134328357
C04222,20,1424.67,71.2335,0.37,0.1575
C02182,44,4302.66,97.78772727272727,0.81,0.165
C06064,8,579.1,72.3875,0.28,0.13375
C06858,66,8825.95,133.72651515151517,0.75,0.12515151515151515
C10568,532,95510.89,179.53174812030076,0.84,0.13543233082706765
C08169,28,2551.87,91.13821428571428,0.28,0.09607142857142857
C08865,2,199.99,99.995,0.12,0.065
C07802,12,945.5,78.79166666666667,0.47,0.1575
C10886,33,3281.33,99.43424242424243,0.4,0.1272727272727273
C12592,19,4449.95,234.2078947368421,0.92,0.29578947368421055
C03213,23,3449.67,149.98565217391305,0.87,0.3556521739130435
C04196,344,76078.79,221.15927325581393,0.9,0.17340116279069767
C11239,2,200.9,100.45,0.9,0.51
C08209,30,2272.83,75.761,0.76,0.17833333333333332
C11760,20,1008.46,50.423,0.32,0.118
C05683,49,7917.21,161.5757142857143,0.61,0.1416326530612245
C02226,45,8954.949999999999,198.99888888888887,0.81,0.19088888888888889
C09490,134,26039.23,194.32261194029851,0.93,0.1471641791044776
C09521,77,12508.51,162.4481818181818,0.93,0.2050649350649351
C06903,48,6162.95,128.39479166666666,0.84,0.3502083333333333
C08951,13,1123.68,86.43692307692308,0.49,0.13538461538461538
C03972,46,4524.12,98.35043478260869,0.6,0.11043478260869566
C07817,19,556.3,29.27894736842105,0.81,0.16578947368421051
C03302,117,20064.71,171.49324786324786,0.5,0.1441880341880342
C07264,18,2198.64,122.14666666666666,0.66,0.13444444444444445
C00005,6,195.56,32.593333333333334,0.38,0.145
C01678,65,8842.59,136.03984615384616,0.3,0.11446153846153846
C10303,13,1102.27,84.78999999999999,0.43,0.11538461538461539
C07901,89,13034.38,146.45370786516852,0.87,0.28719101123595503
C05548,17,3250.3,191.19411764705885,0.79,0.2911764705882353
C10457,13,4546.8,349.75384615384615,0.11,0.04615384615384615
C10324,7,342.9,48.98571428571428,0.17,0.06285714285714286
C08671,12,1313.6299999999999,109.46916666666665,0.33,0.18083333333333332
C08317,22,2083.3,94.69545454545455,0.72,0.155
C02695,33,8899.84,269.6921212121212,0.85,0.32606060606060605
C05509,227,49662.84,218.7790308370044,0.96,0.24308370044052863
C09097,13,994.61,76.50846153846155,0.5,0.1246153846153846
C09612,16,4176.63,261.039375,0.95,0.3
C11797,6,275.02,45.836666666666666,0.38,0.15833333333333333
C04651,76,7241.51,95.28302631578947,0.64,0.14671052631578949
C01480,38,4066.2599999999998,107.00684210526315,0.48,0.13263157894736843
C10518,56,4256.09,76.00160714285714,0.55,0.1417857142857143
C03153,5,1300.1,260.02,0.65,0.2
C08474,11,1082.6299999999999,98.42090909090908,0.83,0.28818181818181815
C11843,2,146.95,73.475,0.22,0.13
C04193,4,330.51,82.6275,0.21,0.1525
C02609,366,46193.45,126.21161202185792,0.92,0.15407103825136612
C07038,27,2150.2,79.63703703703703,0.45,0.1637037037037037
C04084,10,638.38,63.838,0.27,0.122
C11107,33,7727.04,234.15272727272728,0.47,0.12878787878787878
C06542,14,1774.9,126.77857142857144,0.7,0.2671428571428572
C13479,1,946.01,946.01,0.21,0.21
C06964,124,10324.630000000001,83.26314516129032,0.52,0.14233870967741935
C08684,26,2974.85,114.41730769230769,0.32,0.14653846153846153
C02849,12,1844.87,153.73916666666665,0.35,0.165
C02877,7,576.93,82.41857142857143,0.17,0.08857142857142856
C12292,1,200.08,200.08,0.07,0.07
C13018,18,1343.92,74.66222222222223,0.38,0.12000000000000001
C00454,4,809.91,202.4775,0.85,0.5375
C08017,14,1401.22,100.08714285714287,0.48,0.11071428571428572
C09816,9,1390.29,154.47666666666666,0.69,0.27666666666666667
C12561,26,1525.21,58.66192307692308,0.38,0.12307692307692308
C10007,78,8061.09,103.3473076923077,0.67,0.14717948717948717
C09655,1,114.55,114.55,0.13,0.13
C02841,4,350.86,87.715,0.14,0.08
C10930,96,20960.05,218.33385416666667,0.92,0.16479166666666667
C00788,5,145.77,29.154000000000003,0.3,0.128
C06927,27,3368.7200000000003,124.76740740740742,0.33,0.11407407407407408
C10654,81,13241.0,163.46913580246914,0.84,0.1717283950617284
C04501,20,1905.07,95.2535,0.47,0.1375
C10993,18,1997.9,110.99444444444445,0.59,0.1938888888888889
C06342,15,2100.8,140.05333333333334,0.32,0.10466666666666667
C08449,24,1480.34,61.68083333333333,0.26,0.09125
C08569,208,24081.85,115.77812499999999,0.79,0.1541826923076923
C03295,110,20060.85,182.3713636363636,0.85,0.14936363636363637
C06851,135,21003.51,155.58155555555555,0.84,0.1665925925925926
C05760,4,156.07,39.0175,0.21,0.12
C09615,4,397.87,99.4675,0.58,0.375
C09377,9,476.07000000000005,52.896666666666675,0.3,0.15777777777777777
C11952,28,847.6999999999999,30.275,0.68,0.1407142857142857
C12959,6,377.07,62.845,0.18,0.08
C05235,26,3467.45,133.36346153846154,0.47,0.12000000000000001
C12045,58,7245.26,124.91827586206897,0.42,0.11810344827586208
C06134,24,1703.44,70.97666666666667,0.36,0.12291666666666667
C10299,21,4595.16,218.81714285714284,0.79,0.22523809523809527
C00192,8,665.09,83.13625,0.67,0.23375
C13403,279,30853.4,110.58566308243728,0.7,0.1374910394265233
C02537,3,154.79,51.596666666666664,0.26,0.15333333333333332
C11339,204,22591.42,110.74225490196078,0.84,0.15735294117647058
C08180,5,1086.84,217.368,0.56,0.264
C02559,17,4735.94,278.5847058823529,0.85,0.29294117647058826
C04499,28,2524.61,90.16464285714287,0.34,0.13285714285714287
C04294,128,22747.7,177.71640625,0.7,0.168359375
C05733,52,4515.15,86.82980769230768,0.37,0.12288461538461538
C09380,7,574.74,82.10571428571428,0.31,0.08
C13535,2,213.51,106.755,0.16,0.09
C06376,6,1397.95,232.99166666666667,0.42,0.17
C06140,28,2241.08,80.03857142857143,0.45,0.11928571428571429
C03334,10,475.73,47.573,0.36,0.16
C07295,26,5191.63,199.67807692307693,0.61,0.1903846153846154
C11958,30,1842.56,61.41866666666667,0.88,0.3526666666666667
C09245,46,5897.66,128.21,0.44,0.12478260869565218
C02784,79,8003.41,101.30898734177215,0.78,0.14734177215189875
C04391,17,3906.04,229.7670588235294,0.28,0.10764705882352942
C10264,24,3716.32,154.84666666666666,0.91,0.27958333333333335
C04518,3,421.62,140.54,0.23,0.17333333333333334
C04965,1940,251591.03,129.68609793814434,0.98,0.16811340206185565
C11655,14,15658.74,1118.4814285714285,0.9,0.2285714285714286
C02958,19,995.42,52.39052631578947,0.42,0.15263157894736842
C04320,8,902.94,112.8675,0.24,0.08875
C13291,45,5785.89,128.57533333333333,0.62,0.134
C12425,22,2263.28,102.87636363636365,0.49,0.12181818181818183
C11049,1,99.97,99.97,0.02,0.02
C01656,26,829.18,31.89153846153846,0.67,0.17038461538461538
C11889,553,60544.78,109.48423146473779,0.77,0.1395117540687161
C09691,130,13564.86,104.34507692307693,0.94,0.15069230769230768
C02756,22,3304.56,150.20727272727274,0.32,0.14454545454545456
C02883,357,37682.99,105.55459383753501,0.97,0.16106442577030813
C03853,38,6610.54,173.96157894736842,0.7,0.14
C08665,1,100.03,100.03,0.3,0.3
C12301,8,3262.11,407.76375,0.66,0.21500000000000002
C00057,46,7210.51,156.75021739130435,0.74,0.12934782608695652
C10859,10,667.4,66.74,0.37,0.155
C01507,55,5063.45,92.06272727272727,0.38,0.11890909090909091
C05594,84,5022.72,59.79428571428572,0.6,0.12452380952380954
C03136,81,13124.7,162.03333333333333,0.91,0.13469135802469137
C00473,58,10109.44,174.30068965517242,0.79,0.1382758620689655
C00660,16,1271.73,79.483125,0.57,0.18062499999999998
C07841,397,33161.61,83.53050377833753,0.95,0.1434256926952141
C05530,1492,178947.33,119.93788873994637,0.93,0.14615281501340482
C03323,6,598.3000000000001,99.71666666666668,0.23,0.15833333333333333
C04684,15,3609.35,240.62333333333333,0.39,0.128
C03273,142,16961.48,119.44704225352112,0.93,0.14169014084507042
C05841,1,48.95,48.95,0.18,0.18
C06823,51,7275.25,142.65196078431373,0.81,0.19372549019607846
C01040,652,66220.54,101.565245398773,0.91,0.17039877300613496
C01856,13,981.52,75.50153846153846,0.9,0.15846153846153846
C00956,395,39578.93,100.19982278481012,0.91,0.14625316455696202
C10126,3,676.01,225.33666666666667,0.19,0.12666666666666668
C01938,2,199.93,99.965,0.15,0.135
C12614,15,2004.93,133.662,0.27,0.13733333333333334
C07518,813,151793.95,186.70842558425585,0.96,0.269840098400984
C05097,1085,91833.46,84.639133640553,0.78,0.1406820276497696
C01990,48,11854.32,246.965,0.61,0.1425
C06883,12,2757.27,229.7725,0.83,0.245
C06758,1,6.25,6.25,0.07,0.07
C03040,1130,239555.92,211.99638938053099,0.98,0.29487610619469024
C05845,10,555.54,55.553999999999995,0.36,0.096
C08256,936,133150.24,142.2545299145299,0.9,0.16903846153846153
C06657,178,18890.76,106.12786516853932,0.84,0.1543820224719101
C02420,1,772.86,772.86,0.01,0.01
C08962,4614,164577.4,35.66913740788903,0.97,0.18625487646293887
C13147,137,7586.36,55.3748905109489,0.89,0.21299270072992701
C12672,32,7938.32,248.0725,0.39,0.130625
C07432,8,528.02,66.0025,0.15,0.06875
C07699,10,679.86,67.986,0.75,0.22400000000000003
C02193,61,6843.650000000001,112.19098360655738,0.85,0.19508196721311477
C03087,7,1415.3200000000002,202.18857142857146,0.79,0.3157142857142857
C02181,157,8702.52,55.43006369426752,0.94,0.24235668789808915
C12980,19,1374.73,72.3542105263158,0.4,0.15263157894736842
C02147,1110,51920.39,46.775126126126125,0.99,0.22035135135135137
C09601,63,11029.38,175.0695238095238,0.9,0.1465079365079365
C07686,45,2131.39,47.36422222222222,0.81,0.248
C12028,332,13263.31,39.94972891566265,0.98,0.23352409638554217
C04776,97,30489.23,314.3219587628866,0.92,0.22257731958762886
C03065,1,99.92,99.92,0.66,0.66
C05153,83,16450.98,198.204578313253,0.78,0.17578313253012048
C08433,78,5923.36,75.94051282051282,0.78,0.1232051282051282
C02360,4,500.22,125.055,0.53,0.15500000000000003
C03719,12,1552.86,129.405,0.38,0.15166666666666667
C09800,5129,619198.96,120.72508481185416,0.98,0.14653928641060637
C05191,26,6733.63,258.9857692307692,0.68,0.17038461538461538
C09211,5,440.81,88.162,0.29,0.188
C13014,39,8440.4,216.4205128205128,0.51,0.11205128205128205
C00329,1167,166490.0,142.6649528706084,0.96,0.14775492716366753
C01104,664,164522.97,247.77555722891566,0.94,0.23134036144578315
C04794,46,4190.47,91.09717391304348,0.39,0.11739130434782609
C01155,5334,1102618.74,206.71517435320584,0.98,0.23305586801649797
C02174,3,220.26999999999998,73.42333333333333,0.18,0.15
C10344,2714,359348.4,132.4054532056006,0.92,0.14627487103905676
C09575,9,2013.19,223.6877777777778,0.23,0.12444444444444445
C08285,14,1877.6599999999999,134.1185714285714,0.78,0.275
C11936,36,10450.09,290.28027777777777,0.74,0.23222222222222222
C01701,7,2357.12,336.7314285714286,0.38,0.13571428571428573
C10869,2,141.98,70.99,0.49,0.26
C01871,76,5603.64,73.7321052631579,0.57,0.14513157894736842
C08722,8,283.12,35.39,0.18,0.07125000000000001
C10923,3,301.99,100.66333333333334,0.15,0.09000000000000001
C03444,13,1848.81,142.21615384615384,0.3,0.11
C04530,3,506.34000000000003,168.78,0.25,0.12
C09265,63,7069.28,112.21079365079365,0.71,0.1715873015873016
C02197,15,2739.22,182.61466666666666,0.35,0.11666666666666667
C12785,698,78736.48,112.8029799426934,0.97,0.16275071633237823
C01487,19,1606.01,84.52684210526316,0.3,0.1268421052631579
C09437,1,58.98,58.98,0.12,0.12
C04241,118,8829.8,74.82881355932203,0.67,0.1478813559322034
C00235,1308,139227.56,106.44308868501528,0.95,0.15281345565749235
C10459,6,500.08,83.34666666666666,0.83,0.365
C10019,53,8667.52,163.53811320754718,0.59,0.16075471698113206
C12815,9,874.79,97.19888888888889,0.88,0.28111111111111114
C03598,783,118144.88,150.88745849297575,0.94,0.15074074074074073
C13493,19,2194.5,115.5,0.81,0.2405263157894737
C07396,1,99.99,99.99,0.1,0.1
C12207,9,3425.19,380.57666666666665,0.74,0.36
C08013,14,616.38,44.027142857142856,0.43,0.15999999999999998
C08863,8,706.58,88.3225,0.18,0.08375
C02653,49,11458.9,233.85510204081632,0.92,0.16530612244897958
C03785,15,1237.9,82.52666666666667,0.47,0.1713333333333333
C10812,37,4190.87,113.26675675675675,0.32,0.09513513513513513
C04984,1587,204688.92,128.97852551984877,0.9,0.147882797731569
C04670,107,9931.53,92.81803738317758,0.47,0.1233644859813084
C01721,1027,146025.33,142.186299902629,0.9,0.1533398247322298
C10717,5,874.98,174.996,0.65,0.384
C10014,3,163.93,54.64333333333334,0.12,0.08333333333333333
C08565,9,1024.98,113.88666666666667,0.48,0.16333333333333333
C01773,33,3828.24,116.00727272727272,0.54,0.15696969696969695
C05345,84,9201.03,109.53607142857143,0.64,0.1705952380952381
C03580,15,3137.96,209.19733333333335,0.42,0.14400000000000002
C04095,31,4252.35,137.1725806451613,0.35,0.1164516129032258
C10440,88,7470.54,84.8925,0.41,0.11693181818181819
C01050,8,3835.9700000000003,479.49625000000003,0.71,0.26375
C10361,76,8286.96,109.03894736842103,0.53,0.11605263157894737
C10380,5,266.45,53.29,0.31,0.082
C01772,27,4798.75,177.7314814814815,0.34,0.08444444444444445
C09394,13,2399.64,184.5876923076923,0.91,0.5
C04306,155,18203.41,117.44135483870967,0.89,0.19606451612903225
C13402,82,12780.05,155.85426829268292,0.85,0.14390243902439026
C00545,77,10386.23,134.8861038961039,0.55,0.14493506493506494
C03264,23,4882.23,212.27086956521737,0.83,0.23782608695652172
C06276,5,1000.21,200.042,0.69,0.284
C04150,37,4208.41,113.74081081081081,0.83,0.1681081081081081
C05470,20,2986.9,149.345,0.88,0.21800000000000003
C06360,11,4925.23,447.74818181818176,0.32,0.12181818181818183
C11378,4,402.1700000000001,100.54250000000002,0.22,0.14250000000000002
C01983,324,65558.75,202.34182098765433,0.95,0.24209876543209877
C08834,153,16255.65,106.24607843137255,0.72,0.1430065359477124
C07612,512,128044.69,250.08728515625,0.94,0.2926953125
C07743,360,31280.37,86.88991666666666,0.8,0.15008333333333335
C12265,112,21617.33,193.011875,0.86,0.16071428571428573
C11091,3,297.9,99.3,0.13,0.06
C01533,4,502.46000000000004,125.61500000000001,0.06,0.0375
C08995,22,3945.41,179.3368181818182,0.38,0.14227272727272727
C12372,5,471.26,94.252,0.74,0.288
C11807,57,3990.06,70.00105263157894,0.9,0.24964912280701756
C10601,217,51450.39,237.09857142857143,0.95,0.2002304147465438
C06464,476,19329.1,40.607352941176465,0.99,0.22123949579831934
C11062,47,2813.82,59.86851063829788,0.25,0.10638297872340426
C01323,6,1034.27,172.37833333333333,0.85,0.37666666666666665
C11638,3,226.9,75.63333333333334,0.1,0.07
C11916,4,91.63,22.9075,0.26,0.1525
C06874,16,1534.86,95.92875,0.74,0.365625
C12975,170,19218.75,113.05147058823529,0.9,0.13058823529411764
C06026,368,103782.97,282.01894021739133,0.89,0.26375
C03318,205,11972.79,58.40385365853659,0.9,0.27673170731707314
C11095,7,2258.64,322.66285714285715,0.13,0.07142857142857142
C01407,10,1319.41,131.941,0.4,0.10900000000000001
C07558,60,5454.02,90.90033333333334,0.61,0.14716666666666667
C01058,1,225.05,225.05,0.87,0.87
C11823,4,1023.76,255.94,0.19,0.09
C00973,2,26.81,13.405,0.41,0.245
C09467,7,595.87,85.12428571428572,0.32,0.13428571428571429
C05718,18,2125.66,118.09222222222222,0.26,0.11499999999999999
C12040,30,6715.8099999999995,223.86033333333333,0.31,0.12233333333333334
C09916,15,3376.0200000000004,225.06800000000004,0.42,0.15
C03955,4,354.53999999999996,88.63499999999999,0.16,0.095
C10577,8,699.93,87.49125,0.71,0.285
C09387,1,30.01,30.01,0.01,0.01
C05735,23,1619.56,70.41565217391305,0.49,0.17478260869565218
C08895,31,2012.34,64.91419354838709,0.41,0.1361290322580645
C04770,23,2292.56,99.67652173913044,0.47,0.13304347826086957
C00547,18,922.08,51.22666666666667,0.62,0.11722222222222221
C02008,16,894.45,55.903125,0.8,0.27125
C11164,16,2749.91,171.869375,0.94,0.273125
C10826,13,3350.02,257.69384615384615,0.63,0.1846153846153846
C00601,1,49.92,49.92,0.04,0.04
C09061,17,748.1999999999999,44.01176470588235,0.25,0.11235294117647059
C05215,39,4836.53,124.01358974358973,0.42,0.13025641025641027
C10899,127,9455.0,74.44881889763779,0.69,0.15165354330708664
C00542,32,7126.66,222.708125,0.74,0.1784375
C10837,356,15655.0,43.9747191011236,0.96,0.25985955056179777
C03634,49,10148.31,207.10836734693876,0.33,0.1306122448979592
C07766,13,1169.49,89.96076923076923,0.37,0.17461538461538462
C01673,27,2386.64,88.39407407407407,0.8,0.16
C08507,3,369.99,123.33,0.15,0.10666666666666667
C11853,31,7766.36,250.52774193548387,0.86,0.20258064516129032
C11674,21,2645.06,125.95523809523809,0.21,0.08904761904761906
C03676,509,58486.5,114.90471512770138,0.98,0.15172888015717093
C12622,37,2064.66,55.80162162162162,0.48,0.1472972972972973
C07981,155,8628.46,55.667483870967736,0.9,0.23019354838709677
C02982,6,186.35,31.058333333333334,0.72,0.29833333333333334
C10559,240,33110.18,137.95908333333333,0.88,0.16679166666666667
C11516,35,3862.4,110.35428571428572,0.39,0.1217142857142857
C03611,132,21434.26,162.38075757575757,0.78,0.15424242424242424
C03594,29,2216.67,76.43689655172415,0.34,0.16517241379310346
C03595,90,10948.89,121.65433333333333,0.58,0.13577777777777778
C06650,138,15090.75,109.35326086956522,0.55,0.1317391304347826
C02887,10,944.51,94.451,0.23,0.095
C00510,25,1131.6,45.263999999999996,0.78,0.2268
C08445,3,437.81,145.93666666666667,0.11,0.07333333333333333
C00925,6,1587.37,264.56166666666667,0.29,0.16333333333333333
C01116,1014,116708.42,115.09706114398422,0.96,0.14832347140039448
C08741,376,36155.49,96.15821808510638,0.89,0.15348404255319148
C00037,19,3371.27,177.43526315789472,0.45,0.16842105263157894
C08866,1,299.91,299.91,0.38,0.38
C06604,3,75.03999999999999,25.013333333333332,0.17,0.11
C01615,37,2350.3,63.52162162162163,0.38,0.13999999999999999
C05108,71,8369.5,117.88028169014085,0.5,0.13028169014084506
C10350,173,14286.38,82.58023121387282,0.75,0.15734104046242775
C07437,82,10893.66,132.84951219512195,0.75,0.1380487804878049
C09549,5,520.98,104.196,0.09,0.05
C04244,207,18595.07,89.83125603864734,0.48,0.13628019323671497
C09458,2,300.12,150.06,0.23,0.12000000000000001
C02050,2,160.4,80.2,0.1,0.095
C11186,6,737.04,122.83999999999999,0.3,0.15
C09049,56,5021.7699999999995,89.67446428571428,0.54,0.12517857142857142
C07614,602,63199.159999999996,104.98199335548172,0.91,0.14853820598006645
C01326,60,7440.72,124.012,0.73,0.1665
C12011,106,13820.23,130.37952830188678,0.76,0.14113207547169812
C10327,14,2770.53,197.895,0.38,0.14214285714285715
C08012,8,2279.11,284.88875,0.69,0.20500000000000002
C06024,138,21804.11,158.00079710144928,0.81,0.16028985507246377
C02903,1,36.51,36.51,0.01,0.01
C10932,8,239.19,29.89875,0.21,0.11375
C00556,12,2602.0,216.83333333333334,0.55,0.1791666666666667
C07745,41,18258.59,445.33146341463413,0.38,0.14609756097560977
C02753,109,39385.05,361.33073394495415,0.96,0.21174311926605507
C08807,57,9834.71,172.53877192982455,0.9,0.25877192982456143
C11238,66,8305.53,125.84136363636365,0.46,0.16833333333333333
C04705,3,248.9,82.96666666666667,0.46,0.19999999999999998
C10044,9,2792.83,310.31444444444446,0.2,0.08
C13044,33,4463.34,135.25272727272727,0.5,0.13606060606060608
C11944,14,2354.02,168.1442857142857,0.88,0.18357142857142855
C06068,65,5185.69,79.77984615384615,0.64,0.1463076923076923
C02006,68,7297.07,107.30985294117647,0.45,0.12279411764705882
C11265,16,1675.29,104.705625,0.72,0.16
C06358,145,10746.41,74.11317241379311,0.78,0.13255172413793104
C06995,12,1335.02,111.25166666666667,0.65,0.2708333333333333
C04046,1112,129864.26,116.78440647482014,0.95,0.16661870503597123
C10737,1,226.08,226.08,0.11,0.11
C00961,23,1745.47,75.89,0.35,0.12217391304347826
C00967,6,699.92,116.65333333333332,0.83,0.34833333333333333
C01840,1,76.94,76.94,0.12,0.12
C00810,52,7346.72,141.28307692307692,0.51,0.1275
C02458,256,29877.59,116.7093359375,0.89,0.146484375
C04671,23,4716.27,205.05521739130435,0.33,0.10782608695652174
C07969,6,1149.81,191.635,0.89,0.285
C11730,53,5766.94,108.81018867924527,0.87,0.16245283018867923
C08623,1140,147472.87,129.36216666666667,0.94,0.15186842105263157
C00806,1,44.42,44.42,0.31,0.31
C12513,9,2827.38,314.15333333333336,0.27,0.08333333333333333
C05553,4,325.51,81.3775,0.24,0.1175
C11759,3,1398.99,466.33,0.56,0.28
C03331,27,3927.2799999999997,145.4548148148148,0.46,0.13074074074074074
C05833,141,16707.96,118.49617021276595,0.71,0.14460992907801418
C12382,422,48783.68,115.6011374407583,0.84,0.14329383886255923
C12910,6,325.85,54.30833333333334,0.19,0.115
C05435,8,1612.55,201.56875,0.35,0.135
C04928,21,2975.02,141.66761904761904,0.91,0.26857142857142857
C06429,2,250.04,125.02,0.11,0.10500000000000001
C11247,65,3596.98,55.338153846153844,0.87,0.2083076923076923
C04732,48,1968.19,41.00395833333334,0.36,0.11708333333333333
C11536,44,14718.57,334.51295454545453,0.7,0.15568181818181817
C12403,323,36423.15,112.76517027863777,0.74,0.13863777089783283
C12408,19,2871.74,151.1442105263158,0.62,0.22421052631578947
C03893,60,5146.61,85.77683333333333,0.38,0.111
C13269,258,20493.12,79.4306976744186,0.85,0.14069767441860465
C01145,5,380.93,76.186,0.16,0.096
C11714,28,2223.08,79.39571428571428,0.32,0.10428571428571429
C00241,14,2650.87,189.34785714285712,0.44,0.16571428571428573
C01571,6,405.81,67.635,0.24,0.145
C10986,560,48625.21,86.83073214285714,0.88,0.13666071428571427
C12641,87,9897.7,113.76666666666668,0.8,0.1647126436781609
C05905,26,4454.92,171.34307692307692,0.74,0.14153846153846156
C03531,56,3953.16,70.59214285714286,0.79,0.1357142857142857
C02842,24,2109.91,87.91291666666666,0.68,0.14250000000000002
C03005,75,7373.54,98.31386666666667,0.7,0.12986666666666666
C03324,34,3183.03,93.61852941176471,0.74,0.1888235294117647
C01846,27,1476.87,54.69888888888889,0.62,0.1885185185185185
C13332,20,4760.84,238.042,0.84,0.308
C05378,352,31915.0,90.66761363636364,0.91,0.1502840909090909
C07086,38,5880.13,154.74026315789473,0.62,0.14631578947368423
C00909,7,866.15,123.73571428571428,0.42,0.19428571428571426
C08746,36,14103.66,391.7683333333333,0.82,0.21944444444444444
C10399,36,3161.67,87.82416666666667,0.77,0.13333333333333333
C00871,30,2194.63,73.15433333333334,0.81,0.14833333333333334
C03283,43,6440.38,149.77627906976744,0.29,0.10651162790697674
C08476,31,1425.69,45.99,0.5,0.13419354838709677
C07864,154,11448.24,74.33922077922078,0.75,0.15824675324675325
C07278,1,50.08,50.08,0.02,0.02
C02830,11,1625.02,147.7290909090909,0.82,0.2690909090909091
C01056,3,307.88,102.62666666666667,0.7,0.29666666666666663
C08333,49,4108.52,83.84734693877552,0.47,0.1416326530612245
C01370,58,4015.87,69.23913793103448,0.71,0.19655172413793104
C09965,3,529.9100000000001,176.63666666666668,0.2,0.07333333333333335
C06919,9,1349.94,149.99333333333334,0.59,0.26555555555555554
C08587,39,8871.96,227.48615384615383,0.82,0.16282051282051282
C02848,19,5449.78,286.8305263157895,0.87,0.29578947368421055
C09975,30,1581.02,52.70066666666666,0.75,0.15433333333333332
C07160,1,30.01,30.01,0.19,0.19
C06303,366,43323.45,118.37008196721311,0.9,0.13950819672131148
C09084,27,3361.13,124.4862962962963,0.55,0.13296296296296298
C02388,24,2985.87,124.41125,0.52,0.14333333333333334
C09676,10,658.74,65.874,0.36,0.13499999999999998
C06409,18,4485.0599999999995,249.16999999999996,0.56,0.21833333333333335
C08451,66,5855.41,88.71833333333333,0.39,0.13484848484848486
C10162,31,4232.52,136.53290322580648,0.37,0.12096774193548387
C05949,1,49.98,49.98,0.18,0.18
C00162,15,1097.94,73.196,0.48,0.11066666666666666
C12748,74,11394.41,153.97851351351352,0.86,0.15040540540540542
C01467,1,59.05,59.05,0.1,0.1
C03285,232,26944.27,116.1390948275862,0.9,0.17228448275862068
C04604,4,1231.04,307.76,0.28,0.17250000000000001
C03992,228,49217.82,215.86763157894737,0.86,0.17776315789473685
C12192,9,1080.91,120.10111111111112,0.19,0.07333333333333333
C03498,20,2898.54,144.927,0.31,0.125
C09329,1,50.04,50.04,0.02,0.02
C06088,17,3486.75,205.10294117647058,0.25,0.10058823529411764
C11172,5,232.3,46.46,0.27,0.16199999999999998
C06139,314,29745.31,94.73028662420383,0.59,0.13971337579617835
C10962,48,7019.47,146.23895833333333,0.55,0.12520833333333334
C01258,9,481.6,53.51111111111111,0.26,0.09000000000000001
C06274,13,1508.8,116.06153846153846,0.36,0.11615384615384615
C12349,5,377.76,75.55199999999999,0.18,0.072
C10422,178,16384.18,92.04595505617978,0.78,0.1601123595505618
C13103,75,11225.01,149.6668,0.82,0.13
C10626,1,50.06,50.06,0.16,0.16
C08223,1,25.03,25.03,0.04,0.04
C10611,41,10192.03,248.58609756097562,0.79,0.1770731707317073
C07062,148,16811.39,113.59047297297298,0.59,0.14256756756756758
C04205,14,1980.69,141.47785714285715,0.24,0.12785714285714286
C08984,5,416.89,83.378,0.4,0.25
C03902,11,1004.63,91.33,0.36,0.11
C11691,11,411.32,37.39272727272727,0.3,0.16454545454545455
C02483,13,1672.81,128.6776923076923,0.73,0.30153846153846153
C08712,7,831.6600000000001,118.80857142857144,0.23,0.13
C01627,9,1881.37,209.0411111111111,0.87,0.15555555555555556
C03639,84,10549.14,125.585,0.67,0.14654761904761907
C00361,3,449.99,149.99666666666667,0.35,0.21
C03095,134,7048.19,52.598432835820894,0.9,0.24335820895522386
C11029,5,729.81,145.962,0.29,0.15
C04117,224,36719.35,163.92566964285714,0.79,0.14040178571428572
C04068,152,16952.0,111.52631578947368,0.61,0.13111842105263158
C01053,35,6409.46,183.12742857142857,0.65,0.12942857142857145
C07416,32,3007.3,93.978125,0.78,0.16375
C07424,1,149.99,149.99,0.08,0.08
C05986,165,14340.75,86.91363636363636,0.84,0.14357575757575758
C08197,18,2522.78,140.15444444444447,0.33,0.14166666666666666
C09344,266,19204.11,72.1959022556391,0.88,0.15142857142857144
C02910,89,14167.3,159.18314606741572,0.82,0.14842696629213484
C03305,6,1150.1200000000001,191.6866666666667,0.71,0.41
C02352,29,2405.7,82.9551724137931,0.36,0.14862068965517244
C00173,3,35.19,11.729999999999999,0.13,0.09333333333333334
C09839,3,370.87,123.62333333333333,0.81,0.45
C01789,52,4809.03,92.48134615384615,0.43,0.1375
C05309,21,6172.57,293.9319047619048,0.59,0.18190476190476193
C05415,21,1516.49,72.21380952380953,0.46,0.15047619047619049
C01340,38,4046.91,106.49763157894736,0.46,0.14657894736842106
C03362,2,76.03999999999999,38.019999999999996,0.23,0.14
C07445,49,2197.79,44.85285714285714,0.4,0.10612244897959185
C10843,65,7902.7,121.58,0.78,0.15815384615384614
C00995,12,1636.95,136.4125,0.74,0.30916666666666665
C12167,23,4751.69,206.59521739130432,0.53,0.13652173913043478
C01259,8,954.72,119.34,0.3,0.10125
C08540,27,2998.05,111.03888888888889,0.82,0.15296296296296297
C05096,5,716.88,143.376,0.2,0.10400000000000001
C05629,3,441.72,147.24,0.16,0.10333333333333333
C09717,83,5563.5,67.03012048192771,0.72,0.13542168674698796
C07232,26,4127.46,158.74846153846153,0.35,0.11192307692307693
C06499,1,100.07,100.07,0.1,0.1
C05634,47,4285.33,91.1772340425532,0.56,0.12170212765957449
C09120,19,1243.93,65.47,0.31,0.12789473684210528
C05292,209,67200.11,321.5316267942584,0.77,0.20325358851674644
C05402,105,21663.85,206.32238095238094,0.65,0.1380952380952381
C09296,14,2299.7,164.2642857142857,0.82,0.2571428571428572
C12356,107,17313.47,161.8081308411215,0.76,0.1480373831775701
C06340,4,353.04,88.26,0.15,0.095
C11413,367,60580.81,165.07032697547683,0.92,0.26803814713896457
C09000,16,1788.36,111.7725,0.47,0.178125
C05079,266,29190.65,109.73928571428571,0.5,0.13958646616541354
C10529,16,1094.19,68.386875,0.32,0.12625
C05981,4,726.48,181.62,0.15,0.09
C11504,2,321.33,160.665,0.53,0.34
C08922,5,708.92,141.784,0.23,0.09
C11931,1,49.96,49.96,0.17,0.17
C04024,114,34759.65,304.9092105263158,0.86,0.2326315789473684
C00754,27,2691.6,99.68888888888888,0.42,0.13962962962962963
C11035,32,5759.9,179.996875,0.46,0.1315625
C07872,371,47140.85,127.06428571428572,0.85,0.13881401617250674
C03344,37,4307.34,116.4145945945946,0.59,0.1362162162162162
C08347,3,350.07,116.69,0.92,0.37000000000000005
C10157,3,270.92999999999995,90.30999999999999,0.2,0.16
C02487,24,6807.98,283.6658333333333,0.91,0.19125
C04473,12,1154.7,96.22500000000001,0.3,0.11333333333333334
C11194,60,5313.4800000000005,88.558,0.65,0.15933333333333335
C02336,126,12459.79,98.88722222222223,0.51,0.12904761904761905
C04932,27,1979.8,73.32592592592593,0.58,0.1277777777777778
C03589,39,2694.19,69.08179487179487,0.57,0.16564102564102565
C09988,61,2550.57,41.81262295081967,0.44,0.1418032786885246
C04348,55,14916.699999999999,271.21272727272725,0.86,0.2650909090909091
C07586,115,12384.81,107.694,0.44,0.12591304347826088
C09954,114,20872.579999999998,183.09280701754383,0.69,0.1387719298245614
C09810,2,95.15,47.575,0.22,0.115
C07172,45,3716.39,82.58644444444444,0.58,0.1451111111111111
C06908,22,1762.61,80.11863636363636,0.53,0.12090909090909091
C13206,8,896.63,112.07875,0.31,0.12125
C05498,6,1183.01,197.16833333333332,0.33,0.14
C00573,5,411.93,82.386,0.26,0.156
C02742,10,550.0600000000001,55.00600000000001,0.26,0.10700000000000001
C12577,2,350.0,175.0,0.15,0.13
C08070,4,1049.98,262.495,0.59,0.2775
C12654,2,135.17,67.585,0.08,0.05
C08376,7,725.11,103.58714285714287,0.68,0.4114285714285714
C00202,12,2023.25,168.60416666666666,0.57,0.16333333333333333
C00152,3,314.87,104.95666666666666,0.57,0.23666666666666666
C10665,1,149.99,149.99,0.13,0.13
C10451,1,210.01,210.01,0.24,0.24
C08359,19,1265.48,66.6042105263158,0.34,0.12315789473684209
C00107,249,29737.34,119.42706827309237,0.81,0.13843373493975902
C09771,1,652.12,652.12,0.18,0.18
C04905,89,11061.21,124.28325842696628,0.5,0.14629213483146067
C04164,7,259.91,37.13,0.29,0.14857142857142858
C03856,104,29482.25,283.4831730769231,0.92,0.25125
C09870,4,267.08,66.77,0.33,0.14500000000000002
C10098,171,19970.03,116.78380116959063,0.77,0.1423391812865497
C06044,9,1385.9,153.9888888888889,0.25,0.1322222222222222
C00210,14,1625.84,116.13142857142857,0.38,0.12357142857142858
C04551,110,19361.21,176.011,0.91,0.188
C06694,25,2768.6,110.744,0.82,0.15360000000000001
C04438,29,1413.8899999999999,48.75482758620689,0.72,0.1393103448275862
C13541,14,985.1899999999999,70.37071428571429,0.33,0.10785714285714286
C10504,26,3564.18,137.08384615384614,0.33,0.14615384615384613
C01562,30,9429.59,314.31966666666665,0.86,0.185
C08337,4,309.76,77.44,0.18,0.13
C02407,2,158.99,79.495,0.15,0.14500000000000002
C06264,2,77.89999999999999,38.949999999999996,0.16,0.12
C11003,72,11174.52,155.20166666666668,0.52,0.1213888888888889
C09995,161,18733.22,116.35540372670808,0.55,0.12291925465838509
C06780,10,1194.03,119.40299999999999,0.49,0.143
C03725,25,2901.1,116.044,0.53,0.1524
C12989,32,4771.81,149.1190625,0.59,0.190625
C03240,9,1056.71,117.41222222222223,0.32,0.12222222222222223
C03321,8,734.92,91.865,0.4,0.15125
C08363,78,22160.04,284.1030769230769,0.93,0.24512820512820513
C02917,10,1054.59,105.45899999999999,0.19,0.084
C01812,86,10325.66,120.06581395348837,0.93,0.303953488372093
C09218,7,300.93,42.99,0.79,0.31428571428571433
C07928,1,100.04,100.04,0.01,0.01
C03238,5,926.24,185.248,0.09,0.062
C12525,87,14441.0,165.98850574712642,0.86,0.18643678160919538
C09696,16,814.31,50.894375,0.77,0.173125
C08616,58,4148.52,71.52620689655173,0.8,0.13672413793103447
C11523,3,538.79,179.59666666666666,0.38,0.2733333333333333
C07022,8,944.96,118.12,0.32,0.15625
C06113,24,2185.62,91.0675,0.3,0.11458333333333333
C06671,13,2474.86,190.37384615384616,0.7,0.36230769230769233
C12063,47,4684.24,99.66468085106382,0.88,0.1723404255319149
C13092,71,5970.34,84.0892957746479,0.67,0.11098591549295775
C06934,1,36.22,36.22,0.33,0.33
C11127,1,150.04,150.04,0.13,0.13
C08314,150,22044.21,146.9614,0.68,0.1288
C03688,64,5467.3,85.4265625,0.8,0.16125
C03103,1,49.98,49.98,0.09,0.09
C08190,189,44347.48,234.64275132275134,0.88,0.18597883597883597
C12604,7,1645.06,235.00857142857143,0.26,0.06857142857142857
C10925,8,533.97,66.74625,0.35,0.11374999999999999
C05002,16,1384.57,86.535625,0.32,0.1125
C03193,8,2646.83,330.85375,0.44,0.1375
C03740,13,1474.28,113.40615384615384,0.92,0.2253846153846154
C04507,20,1324.18,66.209,0.32,0.166
C11353,36,2874.2400000000002,79.84,0.3,0.11416666666666668
C04828,962,106299.94,110.49889812889813,0.91,0.14565488565488566
C05896,3,171.05,57.01666666666667,0.23,0.13333333333333333
C05244,22,2790.15,126.825,0.76,0.35409090909090907
C09358,41,13208.59,322.1607317073171,0.61,0.17243902439024392
C12786,3,310.33,103.44333333333333,0.42,0.18333333333333335
C00147,15,1938.25,129.21666666666667,0.33,0.13266666666666668
C08578,124,16527.78,133.28854838709677,0.8,0.16
C07834,9,648.67,72.07444444444444,0.23,0.15222222222222223
C10062,1,29.02,29.02,0.03,0.03
C12629,56,7588.36,135.50642857142856,0.42,0.15107142857142858
C09719,50,6375.39,127.5078,0.8,0.2556
C03693,14,2721.6099999999997,194.40071428571426,0.41,0.15285714285714286
C05659,5,262.68,52.536,0.41,0.202
C05214,17,3042.37,178.9629411764706,0.68,0.16294117647058823
C01209,3,177.95,59.31666666666666,0.85,0.3233333333333333
C13266,9,820.73,91.19222222222223,0.19,0.0811111111111111
C09285,9,2216.26,246.25111111111113,0.22,0.1522222222222222
C05127,98,5738.36,58.55469387755102,0.75,0.20153061224489796
C07039,8,1487.05,185.88125,0.43,0.17375000000000002
C00501,73,9887.48,135.44493150684931,0.51,0.1252054794520548
C04529,2,900.03,450.015,0.07,0.05500000000000001
C02345,1,254.91,254.91,0.08,0.08
C10414,6,1667.6,277.93333333333334,0.36,0.13166666666666668
C11653,7,1093.03,156.14714285714285,0.7,0.20857142857142857
C10075,85,8195.51,96.41776470588236,0.43,0.12129411764705883
C05970,14,1498.6200000000001,107.04428571428572,0.53,0.24571428571428572
C08205,20,2457.0299999999997,122.85149999999999,0.3,0.101
C04573,2,178.92000000000002,89.46000000000001,0.16,0.13
C08111,37,6843.6,184.96216216216217,0.85,0.1391891891891892
C07002,15,838.6800000000001,55.912000000000006,0.54,0.18533333333333335
C03121,2,299.94,149.97,0.17,0.09000000000000001
C11959,34,10695.82,314.58294117647057,0.81,0.24176470588235296
C06105,16,1960.0,122.5,0.19,0.100625
C01014,5,363.39,72.678,0.63,0.2
C11866,12,410.38,34.19833333333333,0.47,0.18083333333333332
C03358,23,3089.46,134.32434782608695,0.39,0.1073913043478261
C00631,7,5436.53,776.6471428571429,0.74,0.21428571428571427
C04145,2,200.09,100.045,0.15,0.14
C06089,3,221.9,73.96666666666667,0.18,0.11333333333333333
C05347,54,8355.28,154.7274074074074,0.77,0.12425925925925926
C01343,6,1774.8600000000001,295.81,0.77,0.21333333333333335
C05851,28,4157.17,148.47035714285715,0.28,0.08678571428571429
C10941,1,107.97,107.97,0.42,0.42
C09027,34,3536.08,104.00235294117647,0.39,0.15382352941176472
C10354,12,877.87,73.15583333333333,0.27,0.12166666666666666
C01016,57,8099.82,142.10210526315788,0.43,0.14192982456140352
C03657,46,7668.75,166.71195652173913,0.92,0.2234782608695652
C11313,14,3383.29,241.66357142857143,0.42,0.14285714285714285
C10783,11,915.65,83.24090909090908,0.43,0.13545454545454547
C05444,22,1758.45,79.92954545454546,0.47,0.18681818181818183
C06314,40,3025.75,75.64375,0.49,0.17450000000000002
C09465,41,2682.21,65.41975609756098,0.77,0.15682926829268293
C01504,17,3027.22,178.07176470588234,0.46,0.1776470588235294
C08382,5,312.77,62.553999999999995,0.54,0.192
C00564,13,1060.57,81.5823076923077,0.39,0.1176923076923077
C03002,85,8252.94,97.09341176470589,0.6,0.1491764705882353
C00989,6,1499.73,249.955,0.73,0.25166666666666665
C06002,46,3759.58,81.73,0.65,0.1391304347826087
C12742,43,4353.86,101.25255813953487,0.88,0.1686046511627907
C01488,15,1099.17,73.278,0.51,0.17200000000000001
C07838,41,2556.85,62.36219512195122,0.3,0.11658536585365854
C05050,3,351.06,117.02,0.31,0.12333333333333334
C10314,8,1949.8,243.725,0.44,0.11625
C05661,47,5734.05,122.00106382978724,0.72,0.1497872340425532
C08293,111,14886.78,134.11513513513515,0.75,0.13873873873873874
C06178,1,209.89,209.89,0.03,0.03
C10981,11,2007.58,182.50727272727272,0.43,0.19090909090909092
C10206,8,754.1099999999999,94.26374999999999,0.25,0.1525
C08185,37,11491.79,310.5889189189189,0.74,0.16837837837837838
C12973,177,16077.87,90.83542372881357,0.63,0.11689265536723165
C09854,83,29368.0,353.8313253012048,0.63,0.12506024096385543
C04184,10,1479.0,147.9,0.43,0.137
C12726,3,400.01,133.33666666666667,0.37,0.22
C06539,1,79.04,79.04,0.04,0.04
C08106,216,7671.94,35.51824074074074,0.83,0.18736111111111112
C12162,7,846.06,120.86571428571428,0.32,0.13
C09148,62,9022.35,145.5217741935484,0.4,0.13225806451612904
C10434,36,5539.2,153.86666666666667,0.93,0.245
C08143,4,927.07,231.7675,0.55,0.24250000000000002
C05249,1,103.96,103.96,0.13,0.13
C07201,4,142.06,35.515,0.38,0.1575
C07816,35,2859.41,81.69742857142857,0.39,0.11314285714285714
C08410,35,7285.469999999999,208.1562857142857,0.31,0.10400000000000001
C11927,29,1631.8899999999999,56.272068965517235,0.36,0.13862068965517244
C07107,24,1889.92,78.74666666666667,0.53,0.13
C12620,3,575.0,191.66666666666666,0.15,0.08666666666666667
C08856,3,500.02,166.67333333333332,0.17,0.11333333333333334
C08999,125,29596.78,236.77424,0.83,0.16904
C08463,2,157.88,78.94,0.13,0.13
C10893,9,523.42,58.157777777777774,0.6,0.21
C07794,79,11885.81,150.4532911392405,0.66,0.13936708860759495
C01255,4,849.9200000000001,212.48000000000002,0.68,0.26
C11722,31,3822.87,123.31838709677419,0.37,0.13548387096774195
C09257,5,145.15,29.03,0.09,0.06
C09080,11,569.76,51.79636363636364,0.48,0.14
C02433,9,959.74,106.63777777777779,0.37,0.1388888888888889
C00534,146,14791.03,101.30842465753425,0.81,0.13773972602739726
C04386,213,11860.37,55.6824882629108,0.9,0.20661971830985915
C08759,5,925.5500000000001,185.11,0.73,0.30999999999999994
C08496,19,2200.25,115.80263157894737,0.62,0.1626315789473684
C06756,104,9386.62,90.25596153846155,0.62,0.1410576923076923
C08691,27,2999.21,111.08185185185185,0.39,0.14555555555555555
C08845,283,21625.88,76.4165371024735,0.81,0.13265017667844523
C03645,41,4585.02,111.82975609756099,0.72,0.16878048780487806
C08380,17,2265.81,133.2829411764706,0.43,0.14823529411764705
C07965,3,193.03,64.34333333333333,0.32,0.14333333333333334
C02312,2,199.99,99.995,0.32,0.165
C11596,139,11560.52,83.16920863309353,0.87,0.14172661870503597
C06036,62,2474.99,39.91919354838709,0.87,0.14709677419354839
C09141,164,23025.06,140.39670731707318,0.73,0.11030487804878049
C02714,25,1382.68,55.3072,0.25,0.1232
C08527,23,2260.2,98.2695652173913,0.38,0.11521739130434783
C05814,185,21172.56,114.44627027027028,0.76,0.13205405405405404
C12165,18,7773.94,431.8855555555555,0.34,0.1311111111111111
C09390,2,252.5,126.25,0.19,0.18
C08491,3,140.49,46.830000000000005,0.11,0.056666666666666664
C02541,21,3003.87,143.04142857142855,0.28,0.08333333333333333
C11926,31,1944.46,62.72451612903226,0.7,0.1429032258064516
C10720,21,1609.77,76.65571428571428,0.4,0.17095238095238094
C04514,7,581.38,83.05428571428571,0.28,0.10857142857142857
C08174,56,7537.5,134.59821428571428,0.69,0.17267857142857143
C06008,15,890.34,59.356,0.28,0.142
C04626,5,195.05,39.010000000000005,0.72,0.48
C05449,7,1235.97,176.56714285714287,0.39,0.16571428571428573
C07237,51,5407.51,106.02960784313726,0.41,0.13392156862745097
C07828,50,5031.95,100.639,0.43,0.1392
C08509,8,1053.75,131.71875,0.34,0.15
C00864,7,353.46,50.49428571428571,0.26,0.17857142857142858
C13447,152,6429.04,42.29631578947368,0.93,0.21552631578947368
C11791,4,381.81,95.4525,0.34,0.155
C01469,20,2893.0299999999997,144.6515,0.32,0.097
C10751,54,9955.37,184.35870370370372,0.87,0.17648148148148146
C04562,7,342.84000000000003,48.97714285714286,0.26,0.1142857142857143
C03390,2,350.01,175.005,0.61,0.365
C10429,2,1250.1200000000001,625.0600000000001,0.2,0.135
C04357,14,1184.8600000000001,84.63285714285715,0.28,0.10428571428571429
C11102,66,5164.17,78.245,0.72,0.12621212121212122
C00536,4,374.98,93.745,0.43,0.2025
C07102,60,11014.97,183.58283333333333,0.81,0.28583333333333333
C00651,1,25.07,25.07,0.04,0.04
C11857,5,290.07,58.013999999999996,0.23,0.122
C08199,10,552.06,55.205999999999996,0.18,0.10400000000000001
C12420,28,3476.07,124.14535714285715,0.82,0.20107142857142857
C09193,34,6715.26,197.50764705882352,0.34,0.1252941176470588
C05175,27,4390.28,162.60296296296295,0.87,0.15555555555555556
C06020,3,274.9,91.63333333333333,0.39,0.21
C05855,28,3133.64,111.91571428571429,0.6,0.13464285714285715
C13195,9,441.22,49.02444444444445,0.28,0.11888888888888889
C09483,4,797.0,199.25,0.36,0.1575
C10470,6,799.81,133.30166666666665,0.14,0.09333333333333334
C06629,3,446.78000000000003,148.92666666666668,0.1,0.07
C05077,39,4017.53,103.01358974358975,0.75,0.14615384615384616
C04773,71,6543.87,92.16718309859155,0.53,0.13732394366197184
C03802,25,3340.27,133.6108,0.5,0.1612
C11601,25,839.99,33.5996,0.85,0.17759999999999998
C02584,14,1005.8000000000001,71.84285714285714,0.34,0.12571428571428572
C08366,174,34825.52,200.14666666666665,0.82,0.2020689655172414
C11323,15,1439.18,95.94533333333334,0.84,0.2733333333333333
C01439,55,2558.03,46.50963636363637,0.83,0.14745454545454545
C07368,41,7955.36,194.03317073170732,0.81,0.16121951219512196
C02870,20,1877.43,93.8715,0.39,0.14350000000000002
C03694,11,768.47,69.86090909090909,0.23,0.08818181818181818
C01410,3,166.96,55.653333333333336,0.21,0.10333333333333333
C08465,16,4750.22,296.88875,0.84,0.325
C12888,1,49.95,49.95,0.59,0.59
C09704,17,2502.66,147.21529411764706,0.42,0.1211764705882353
C00815,16,5680.76,355.0475,0.63,0.163125
C01501,1,149.94,149.94,0.15,0.15
C03067,27,3521.45,130.42407407407407,0.31,0.1325925925925926
C03789,11,3584.12,325.8290909090909,0.49,0.18999999999999997
C11159,55,18560.7,337.46727272727276,0.91,0.26181818181818184
C06326,8,844.71,105.58875,0.18,0.0975
C01242,20,1274.32,63.715999999999994,0.34,0.12450000000000001
C00583,117,5872.02,50.188205128205134,0.85,0.19008547008547008
C04811,2,101.69999999999999,50.849999999999994,0.06,0.034999999999999996
C09917,36,6474.88,179.85777777777778,0.61,0.1638888888888889
C10395,19,1365.27,71.85631578947368,0.21,0.08052631578947368
C07347,29,896.25,30.905172413793103,0.53,0.16034482758620688
C09187,13,2375.24,182.71076923076922,0.91,0.3776923076923077
C11787,51,2152.11,42.19823529411765,0.8,0.2054901960784314
C05049,9,594.12,66.01333333333334,0.39,0.12444444444444445
C10040,4,131.72,32.93,0.66,0.2725
C08023,17,1576.8799999999999,92.75764705882352,0.55,0.24
C11628,32,8170.969999999999,255.34281249999998,0.42,0.12375
C08564,2,494.85,247.425,0.46,0.265
C05404,30,1978.17,65.93900000000001,0.41,0.13
C10520,19,2249.89,118.41526315789473,0.96,0.4131578947368421
C03436,8,1448.6,181.075,0.7,0.19874999999999998
C06427,47,3942.52,83.88340425531915,0.39,0.12382978723404256
C13448,6,725.05,120.84166666666665,0.65,0.24500000000000002
C08405,3,101.42,33.806666666666665,0.18,0.10333333333333333
C10224,86,23591.66,274.32162790697674,0.84,0.22604651162790698
C00144,4,1423.33,355.8325,0.36,0.125
C10988,7,1071.31,153.0442857142857,0.69,0.16999999999999998
C11015,1,25.03,25.03,0.08,0.08
C11668,32,1415.57,44.2365625,0.48,0.1596875
C11856,9,430.0,47.77777777777778,0.56,0.1922222222222222
C08484,8,1004.04,125.505,0.4,0.09375
C01923,3,556.05,185.35,0.11,0.08
C04930,1,53.93,53.93,0.07,0.07
C13399,29,1916.98,66.10275862068966,0.39,0.1396551724137931
C09903,15,1666.22,111.08133333333333,0.27,0.10466666666666667
C01620,4,858.76,214.69,0.69,0.4175
C09403,3,638.88,212.96,0.57,0.21999999999999997
C09433,12,3081.36,256.78000000000003,0.66,0.16416666666666666
C06763,9,611.65,67.96111111111111,0.34,0.15333333333333335
C11160,1,773.95,773.95,0.06,0.06
C03301,18,1784.82,99.15666666666667,0.42,0.11388888888888887
C02952,13,1303.71,100.28538461538461,0.42,0.1946153846153846
C06398,8,2465.35,308.16875,0.5,0.29
C01726,34,5676.07,166.94323529411764,0.42,0.14294117647058824
C11894,5,504.04,100.808,0.57,0.21599999999999997
C03965,1,200.03,200.03,0.05,0.05
C05879,19,1691.06,89.00315789473684,0.49,0.14578947368421052
C12177,25,8225.04,329.00160000000005,0.42,0.12359999999999999
C05090,18,850.28,47.23777777777778,0.4,0.16666666666666666
C06168,31,1735.16,55.972903225806455,0.54,0.18225806451612905
C10675,24,1669.75,69.57291666666667,0.81,0.12291666666666667
C05654,79,9012.81,114.08620253164557,0.82,0.13240506329113924
C07403,38,2305.38,60.66789473684211,0.34,0.11973684210526316
C07784,8,745.56,93.195,0.84,0.37
C07026,11,1526.74,138.79454545454544,0.37,0.16272727272727272
C10935,41,5161.61,125.89292682926829,0.73,0.17463414634146343
C09962,4,640.87,160.2175,0.41,0.2225
C04656,85,6390.08,75.17741176470588,0.5,0.1363529411764706
C10284,6,1002.64,167.10666666666665,0.32,0.16
C11171,9,2037.8500000000001,226.4277777777778,0.18,0.07555555555555554
C02924,21,1327.31,63.205238095238094,0.55,0.15952380952380954
C05213,4,1474.9,368.725,0.64,0.3425
C04355,8,483.68,60.46,0.41,0.16625
C03101,12,1635.07,136.25583333333333,0.46,0.18333333333333335
C09716,80,7003.29,87.541125,0.64,0.1305
C07723,2,224.93,112.465,0.58,0.365
C06401,7,1764.96,252.13714285714286,0.26,0.11
C07030,32,2594.52,81.07875,0.5,0.11375
C04461,3,561.97,187.32333333333335,0.27,0.15666666666666668
C02265,41,5838.84,142.41073170731707,0.44,0.13902439024390245
C06397,2,125.17,62.585,0.42,0.265
C12469,8,287.5,35.9375,0.24,0.08875
C12029,1,117.01,117.01,0.04,0.04
C00338,25,3502.3,140.092,0.57,0.18280000000000002
C08991,4,466.22,116.555,0.13,0.0775
C09840,2,250.01,125.005,0.74,0.43
C08517,8,1656.5,207.0625,0.2,0.085
C07296,94,4332.35,46.08882978723405,0.62,0.14191489361702128
C03513,11,1318.97,119.90636363636364,0.46,0.13272727272727272
C02598,4,1069.99,267.4975,0.54,0.34
C10138,4,804.66,201.165,0.15,0.095
C00741,68,21000.0,308.8235294117647,0.57,0.12088235294117648
C09527,5,899.9000000000001,179.98000000000002,0.14,0.064
C00877,22,2949.76,134.08,0.73,0.3140909090909091
C10621,14,1329.85,94.98928571428571,0.56,0.21571428571428572
C10999,5,450.09999999999997,90.02,0.83,0.414
C10372,9,1300.11,144.45666666666665,0.66,0.27222222222222225
C13155,3,325.03999999999996,108.34666666666665,0.45,0.18666666666666665
C00438,2,571.88,285.94,0.19,0.125
C04272,25,3643.41,145.7364,0.37,0.1364
C10759,20,3372.14,168.607,0.35,0.15
C13429,16,2084.62,130.28875,0.75,0.164375
C07938,41,4236.2699999999995,103.32365853658536,0.51,0.14560975609756097
C12955,14,2882.79,205.91357142857143,0.79,0.16357142857142856
C06212,26,3015.2,115.96923076923076,0.28,0.14115384615384616
C03070,16,3175.3,198.45625,0.78,0.36124999999999996
C10633,7,750.23,107.17571428571429,0.7,0.3085714285714286
C02291,1,50.09,50.09,0.11,0.11
C11360,11,1714.11,155.8281818181818,0.37,0.0990909090909091
C02363,7,1398.6,199.79999999999998,0.32,0.10428571428571429
C00840,1,225.97,225.97,0.17,0.17
C08306,4,3021.19,755.2975,0.51,0.24000000000000002
C10389,1,36.04,36.04,0.22,0.22
C08016,12,1564.88,130.40666666666667,0.62,0.18500000000000003
C04533,74,27311.1,369.0689189189189,0.86,0.20486486486486485
C06028,12,1341.82,111.81833333333333,0.23,0.09583333333333333
C02916,16,853.55,53.346875,0.88,0.1625
C08163,2,433.32,216.66,0.1,0.055
C00245,10,1236.62,123.66199999999999,0.43,0.231
C02177,44,7518.610000000001,170.87750000000003,0.84,0.18704545454545454
C00034,52,4470.78,85.97653846153845,0.46,0.13596153846153847
C04719,3,299.81,99.93666666666667,0.27,0.10000000000000002
C03303,11,2499.79,227.25363636363636,0.83,0.35818181818181816
C05589,1,25.03,25.03,0.01,0.01
C04142,14,692.3,49.449999999999996,0.33,0.12142857142857144
C09663,176,53118.57,301.8100568181818,0.95,0.2975568181818182
C01006,9,1603.94,178.21555555555557,0.36,0.21444444444444444
C04260,10,865.98,86.598,0.29,0.137
C09628,19,3942.9300000000003,207.5226315789474,0.41,0.12842105263157894
C04516,16,1282.93,80.183125,0.41,0.139375
C06986,43,1984.82,46.15860465116279,0.86,0.18953488372093025
C09440,8,665.88,83.235,0.26,0.15
C11340,14,1240.1,88.57857142857142,0.76,0.22428571428571428
C10610,1,335.02,335.02,0.11,0.11
C09401,61,10372.85,170.0467213114754,0.66,0.13327868852459018
C10880,13,2705.8100000000004,208.1392307692308,0.58,0.13923076923076924
C10004,19,3039.88,159.9936842105263,0.45,0.10894736842105264
C00342,7,370.79,52.970000000000006,0.32,0.15285714285714286
C03025,2,150.04000000000002,75.02000000000001,0.35,0.22499999999999998
C06746,13,1463.76,112.59692307692308,0.27,0.13384615384615384
C04528,112,15065.85,134.51651785714287,0.67,0.14562499999999998
C03986,23,3157.19,137.26913043478262,0.57,0.13304347826086957
C07848,82,8921.22,108.79536585365852,0.37,0.11682926829268293
C07051,23,7651.15,332.6586956521739,0.35,0.12608695652173912
C12777,5,550.16,110.032,0.59,0.27599999999999997
C07840,222,24048.79,108.32788288288289,0.82,0.17229729729729729
C08011,7,730.07,104.2957142857143,0.9,0.4257142857142857
C01931,1,75.05,75.05,0.04,0.04
C09990,2,249.92000000000002,124.96000000000001,0.09,0.06
C03191,3,814.1700000000001,271.39000000000004,0.31,0.21666666666666667
C07993,7,1400.05,200.00714285714284,0.87,0.5214285714285715
C06288,32,5749.84,179.6825,0.35,0.1134375
C00580,8,675.08,84.385,0.21,0.09
C07277,100,16105.64,161.0564,0.51,0.128
C08871,11,1503.19,136.65363636363637,0.43,0.16363636363636364
C03357,2,299.85,149.925,0.53,0.325
C01803,9,566.76,62.97333333333333,0.33,0.1
C10814,109,14162.23,129.92871559633028,0.54,0.14587155963302753
C08850,18,2819.85,156.65833333333333,0.89,0.415
C01269,22,9265.75,421.17045454545456,0.92,0.32636363636363636
C12114,3,2193.6,731.1999999999999,0.16,0.09666666666666668
C03517,103,20652.03,200.50514563106796,0.93,0.18728155339805824
C11486,6,772.95,128.82500000000002,0.68,0.275
C03282,1,149.96,149.96,0.09,0.09
C01302,2,382.06,191.03,0.26,0.15
C11716,99,18794.12,189.83959595959595,0.78,0.15505050505050505
C06487,4,1445.0900000000001,361.27250000000004,0.25,0.10250000000000001
C09701,67,4453.14,66.46477611940298,0.55,0.12701492537313433
C12921,7,1028.78,146.96857142857144,0.21,0.11714285714285713
C01409,8,482.05,60.25625,0.33,0.13999999999999999
C12583,84,7008.87,83.43892857142858,0.42,0.13642857142857143
C09312,29,1369.83,47.235517241379306,0.44,0.11965517241379311
C12391,37,9414.66,254.45027027027027,0.34,0.12243243243243244
C11577,9,2360.75,262.30555555555554,0.65,0.22111111111111112
C12364,29,3875.16,133.6262068965517,0.8,0.23586206896551723
C09131,79,9661.98,122.30354430379747,0.79,0.13443037974683544
C11530,29,1057.77,36.4748275862069,0.85,0.16655172413793104
C02311,111,12761.57,114.9690990990991,0.52,0.14207207207207206
C03712,2,199.9,99.95,0.28,0.25
C05613,26,4887.94,187.9976923076923,0.56,0.16346153846153846
C10894,2,83.25,41.625,0.21,0.14
C01546,3,150.01,50.00333333333333,0.6,0.2833333333333333
C05770,41,6223.31,151.78804878048783,0.9,0.19097560975609756
C06875,60,6911.97,115.1995,0.5,0.11233333333333334
C12057,58,7481.46,128.99068965517242,0.8,0.16448275862068967
C09397,11,1581.88,143.80727272727273,0.31,0.15636363636363637
C03166,5,825.92,165.184,0.71,0.374
C07008,8,2059.98,257.4975,0.19,0.08625000000000001
C13139,6,1010.1299999999999,168.355,0.85,0.525
C05810,5,800.09,160.018,0.75,0.23399999999999999
C12964,10,1179.21,117.921,0.27,0.10300000000000001
C10753,5,319.17,63.834,0.54,0.24
C02905,23,1034.68,44.98608695652174,0.73,0.1634782608695652
C09429,2,109.14,54.57,0.05,0.030000000000000002
C13110,51,4219.93,82.74372549019608,0.37,0.1
C00813,14,3037.43,216.9592857142857,0.22,0.095
C07192,2,1036.51,518.255,0.14,0.135
C06076,13,709.46,54.573846153846155,0.37,0.1769230769230769
C01543,6,409.42,68.23666666666666,0.49,0.19833333333333333
C09744,18,4204.83,233.60166666666666,0.61,0.17833333333333334
C09160,2,197.12,98.56,0.05,0.030000000000000002
C12110,4,806.95,201.7375,0.08,0.0525
C08957,16,3667.46,229.21625,0.34,0.105625
C05849,2,147.59,73.795,0.21,0.125
C07152,7,800.54,114.36285714285714,0.2,0.09428571428571429
C05831,20,3716.56,185.828,0.33,0.1045
C07944,210,33605.72,160.0272380952381,0.96,0.20147619047619048
C08978,1,100.09,100.09,0.01,0.01
C08752,20,5212.41,260.6205,0.33,0.11499999999999999
C13319,45,3141.67,69.81488888888889,0.65,0.15288888888888888
C01925,9,5082.89,564.7655555555556,0.33,0.1611111111111111
C08140,25,5352.84,214.11360000000002,0.88,0.24280000000000002
C12230,21,2617.36,124.63619047619048,0.88,0.3
C12020,2,114.28999999999999,57.144999999999996,0.11,0.095
C10624,10,2470.7200000000003,247.07200000000003,0.45,0.135
C11962,32,3346.5099999999998,104.57843749999999,0.48,0.1490625
C03043,39,7825.07,200.6428205128205,0.82,0.25743589743589745
C00368,108,14316.01,132.55564814814815,0.81,0.13555555555555557
C04655,78,3027.14,38.80948717948718,0.84,0.1937179487179487
C13451,5,540.19,108.03800000000001,0.15,0.11400000000000002
C04269,34,4134.72,121.6094117647059,0.83,0.14352941176470588
C00231,8,1545.8300000000002,193.22875000000002,0.27,0.1475
C05088,71,11809.14,166.32591549295773,0.73,0.1571830985915493
C06265,27,888.95,32.92407407407408,0.38,0.11481481481481481
C01594,41,2212.24,53.957073170731704,0.41,0.13317073170731708
C10205,53,3541.2,66.81509433962263,0.4,0.1430188679245283
C01391,57,10390.83,182.29526315789474,0.44,0.12842105263157896
C09851,14,573.45,40.96071428571429,0.49,0.17357142857142857
C01201,2,68.9,34.45,0.03,0.02
C04726,10,1160.87,116.08699999999999,0.84,0.217
C06114,1,49.91,49.91,0.14,0.14
C12842,6,1900.03,316.6716666666667,0.46,0.21666666666666667
C10667,9,1470.76,163.4177777777778,0.39,0.15777777777777777
C08381,4,317.99,79.4975,0.66,0.255
C03205,2,153.98000000000002,76.99000000000001,0.19,0.105
C01041,112,19850.55,177.23705357142856,0.89,0.1380357142857143
C10740,2,157.13,78.565,0.28,0.17500000000000002
C09171,11,1490.87,135.53363636363636,0.73,0.3609090909090909
C08632,4,750.01,187.5025,0.65,0.3025
C07180,30,6366.95,212.23166666666665,0.84,0.26233333333333336
C06021,33,5671.1900000000005,171.85424242424244,0.36,0.13
C12733,1,49.95,49.95,0.03,0.03
C03382,9,591.77,65.75222222222222,0.16,0.09555555555555556
C05698,33,3986.13,120.79181818181819,0.54,0.14424242424242423
C02266,34,2241.94,65.93941176470588,0.77,0.17088235294117649
C05655,44,4959.9,112.725,0.43,0.14181818181818182
C03762,5,696.03,139.206,0.4,0.21000000000000002
C01245,1,14.92,14.92,0.39,0.39
C00313,11,1187.68,107.9709090909091,0.36,0.16090909090909092
C13210,8,2249.68,281.21,0.75,0.19125
C10683,92,12468.24,135.52434782608697,0.82,0.2016304347826087
C02019,66,11345.26,171.8978787878788,0.87,0.15318181818181817
C12104,146,34109.11,233.62404109589042,0.75,0.12794520547945204
C08039,13,12573.8,967.2153846153846,0.24,0.08230769230769232
C07768,26,3294.22,126.70076923076923,0.31,0.10192307692307692
C09267,35,2929.24,83.69257142857143,0.3,0.12628571428571428
C02305,9,1378.18,153.13111111111112,0.34,0.09000000000000001
C00060,30,8534.85,284.495,0.64,0.24100000000000002
C08107,11,2201.2,200.1090909090909,0.45,0.1918181818181818
C11734,16,3511.26,219.45375,0.5,0.16062500000000002
C04290,1,150.06,150.06,0.27,0.27
C02152,30,5060.69,168.68966666666665,0.32,0.13
C12449,10,1075.17,107.51700000000001,0.21,0.122
C11183,11,551.69,50.153636363636366,0.61,0.15181818181818182
C01757,71,7223.2300000000005,101.7356338028169,0.37,0.12929577464788733
C04697,21,3925.17,186.91285714285715,0.26,0.06952380952380952
C11918,136,11181.7,82.21838235294118,0.65,0.12404411764705883
C00416,115,20941.78,182.1024347826087,0.82,0.13321739130434782
C06295,22,3824.93,173.86045454545453,0.66,0.2459090909090909
C02069,45,8037.04,178.60088888888887,0.46,0.12377777777777778
C08133,6,1449.75,241.625,0.72,0.2733333333333334
C12689,6,898.8,149.79999999999998,0.15,0.10833333333333334
C04317,41,8079.78,197.06780487804878,0.77,0.15414634146341463
C07106,18,4029.5499999999997,223.86388888888888,0.71,0.17055555555555554
C01816,29,5282.0,182.13793103448276,0.76,0.18655172413793103
C05860,14,1793.2,128.0857142857143,0.28,0.12142857142857144
C03168,1,981.93,981.93,0.18,0.18
C09375,1,199.96,199.96,0.21,0.21
C00611,4,1023.9100000000001,255.97750000000002,0.38,0.245
C04568,148,16358.82,110.53256756756757,0.76,0.1343243243243243
C11953,3,349.99,116.66333333333334,0.21,0.13
C09952,26,4680.89,180.0342307692308,0.58,0.09384615384615384
C07257,10,2251.79,225.179,0.25,0.126
C07422,17,2407.79,141.63470588235293,0.42,0.19
C05224,1,49.95,49.95,0.08,0.08
C05670,168,16231.22,96.61440476190475,0.9,0.16357142857142856
C07011,187,23000.06,122.99497326203209,0.7,0.14149732620320857
C11292,1,49.91,49.91,0.12,0.12
C12302,26,4262.28,163.93384615384613,0.31,0.1026923076923077
C04162,3,1884.84,628.28,0.36,0.2833333333333333
C10596,23,2087.38,90.75565217391305,0.31,0.1008695652173913
C09079,19,7406.12,389.7957894736842,0.59,0.13894736842105262
C06238,23,2477.78,107.72956521739131,0.39,0.15695652173913044
C06424,94,3347.79,35.61478723404255,0.62,0.16085106382978726
C10919,8,2800.0499999999997,350.00624999999997,0.32,0.1475
C11574,26,5157.54,198.3669230769231,0.75,0.11576923076923078
C09669,79,6469.98,81.89848101265822,0.89,0.18126582278481013
C11537,19,1771.15,93.21842105263158,0.34,0.1931578947368421
C01400,20,6817.0,340.85,0.78,0.24900000000000003
C08748,29,5925.18,204.31655172413795,0.9,0.2806896551724138
C04614,22,4330.92,196.86,0.39,0.11863636363636364
C03234,16,993.8199999999999,62.113749999999996,0.95,0.2125
C05761,7,562.99,80.42714285714285,0.27,0.14142857142857143
C09863,66,18955.79,287.20893939393943,0.85,0.24469696969696966
C13284,11,1094.76,99.52363636363636,0.85,0.1709090909090909
C12884,6,677.42,112.90333333333332,0.41,0.15833333333333333
C07164,22,4060.06,184.5481818181818,0.85,0.24045454545454545
C10411,15,2026.09,135.07266666666666,0.33,0.12933333333333333
C08504,18,1618.97,89.94277777777778,0.29,0.1388888888888889
C13540,1,30.9,30.9,0.08,0.08
C13521,100,37824.0,378.24,0.97,0.2046
C12261,2,34.91,17.455,0.14,0.125
C04424,13,3110.06,239.23538461538462,0.88,0.3261538461538462
C01099,45,5083.71,112.97133333333333,0.63,0.16844444444444445
C05713,104,8601.33,82.70509615384616,0.7,0.13951923076923076
C02783,26,4750.48,182.71076923076922,0.7,0.30538461538461537
C10369,19,3616.16,190.3242105263158,0.3,0.12263157894736842
C04440,7,1697.96,242.56571428571428,0.3,0.12285714285714286
C09356,5,526.85,105.37,0.24,0.124
C00429,6,639.48,106.58,0.41,0.22999999999999998
C00658,1,117.06,117.06,0.1,0.1
C12310,5,1212.88,242.57600000000002,0.77,0.266
C04397,3,427.79,142.59666666666666,0.14,0.09666666666666668
C07735,3,263.61,87.87,0.09,0.07666666666666667
C02040,4,1286.02,321.505,0.73,0.42000000000000004
C11008,114,17448.29,153.0551754385965,0.78,0.14175438596491227
C05124,35,6513.85,186.11,0.37,0.12428571428571428
C07474,6,638.9399999999999,106.49,0.18,0.09000000000000001
C04029,20,1220.7,61.035000000000004,0.34,0.12
C06097,20,3218.52,160.926,0.37,0.1345
C01166,12,1224.87,102.07249999999999,0.82,0.4008333333333334
C04963,4,970.0600000000001,242.51500000000001,0.25,0.1275
C09464,17,1107.66,65.1564705882353,0.55,0.17411764705882352
C01758,8,187.1,23.3875,0.23,0.16625
C01225,25,2030.72,81.2288,0.23,0.1164
C10091,34,3806.93,111.9685294117647,0.52,0.12588235294117647
C03523,7,357.96000000000004,51.13714285714286,0.3,0.12571428571428572
C06302,7,900.02,128.5742857142857,0.75,0.18285714285714286
C01105,23,2628.14,114.26695652173912,0.38,0.15608695652173912
C05106,6,449.90000000000003,74.98333333333333,0.71,0.29
C07916,9,377.37,41.93,0.27,0.1711111111111111
C13039,16,1584.44,99.0275,0.36,0.12125000000000001
C09631,29,2361.63,81.43551724137932,0.87,0.16793103448275862
C03418,12,2265.22,188.76833333333332,0.91,0.22583333333333333
C12699,26,3789.43,145.7473076923077,0.43,0.13884615384615384
C02338,3,714.05,238.01666666666665,0.19,0.09666666666666666
C03179,14,1237.03,88.35928571428572,0.32,0.08571428571428572
C13192,2,244.57999999999998,122.28999999999999,0.25,0.165
C08737,62,18848.41,304.0066129032258,0.91,0.185
C10794,3,702.96,234.32000000000002,0.24,0.10666666666666667
C08336,106,10125.76,95.52603773584906,0.83,0.17037735849056604
C04889,47,8429.36,179.348085106383,0.71,0.16021276595744682
C00458,32,1067.67,33.3646875,0.88,0.18281250000000002
C00842,101,17958.59,177.80782178217822,0.87,0.15405940594059406
C06329,4,149.15,37.2875,0.19,0.14500000000000002
C12949,6,359.42,59.903333333333336,0.34,0.16833333333333333
C02003,40,3626.41,90.66024999999999,0.36,0.12350000000000001
C02626,10,496.92,49.692,0.56,0.17800000000000002
C12494,3,638.02,212.67333333333332,0.13,0.08
C03533,177,19316.23,109.1312429378531,0.76,0.13898305084745763
C08739,4,225.95,56.4875,0.19,0.1225
C00180,5,649.91,129.982,0.17,0.10200000000000001
C03317,34,2253.95,66.29264705882352,0.35,0.11647058823529412
C05497,12,1224.8899999999999,102.07416666666666,0.6,0.2675
C04242,5,724.65,144.93,0.25,0.16599999999999998
C10220,6,376.65999999999997,62.776666666666664,0.28,0.11833333333333335
C09786,9,612.74,68.08222222222223,0.32,0.12666666666666668
C13293,2,150.08,75.04,0.15,0.11499999999999999
C12388,15,4284.95,285.6633333333333,0.19,0.07866666666666668
C10375,1,69.95,69.95,0.1,0.1
C06930,1,55.01,55.01,0.04,0.04
C10821,20,2784.59,139.2295,0.82,0.181
C04576,15,4214.18,280.94533333333334,0.77,0.3093333333333333
C13026,14,1082.52,77.32285714285715,0.7,0.1692857142857143
C01545,22,1656.42,75.29181818181819,0.31,0.10590909090909091
C04948,4,402.97,100.7425,0.74,0.4475
C07821,36,3616.86,100.46833333333333,0.4,0.125
C03181,33,1499.56,45.44121212121212,0.82,0.1824242424242424
C04847,34,2612.22,76.83,0.34,0.1361764705882353
C07078,28,2013.96,71.92714285714285,0.72,0.16178571428571428
C01887,7,736.02,105.14571428571428,0.84,0.25999999999999995
C12509,53,7448.1,140.5301886792453,0.86,0.26660377358490567
C06296,27,1905.8899999999999,70.58851851851851,0.69,0.18074074074074073
C06984,1,91.97,91.97,0.11,0.11
C13081,46,5371.75,116.77717391304348,0.89,0.2669565217391304
C13364,82,4218.09,51.44012195121952,0.97,0.2521951219512195
C12115,4,611.5,152.875,0.46,0.2575
C07204,198,7145.12,36.08646464646465,0.95,0.21095959595959599
C03946,13,1897.04,145.92615384615385,0.3,0.10923076923076923
C02959,4,524.86,131.215,0.59,0.2575
C05268,49,2635.95,53.79489795918367,0.81,0.18346938775510205
C07429,20,2417.41,120.87049999999999,0.32,0.1265
C03306,17,1683.76,99.04470588235294,0.38,0.14529411764705882
C04394,2,50.12,25.06,0.16,0.11
C01402,6,492.87,82.145,0.32,0.09499999999999999
C10181,7,725.09,103.58428571428571,0.72,0.2314285714285714
C03571,12,1875.36,156.28,0.89,0.5291666666666667
C08699,17,2834.61,166.74176470588236,0.77,0.27647058823529413
C11715,2,250.0,125.0,0.79,0.515
C07751,7,1025.15,146.45000000000002,0.61,0.24571428571428572
C04423,6,2395.6499999999996,399.2749999999999,0.14,0.08333333333333333
C05824,5,2594.54,518.908,0.69,0.23399999999999999
C04055,24,5308.7,221.19583333333333,0.8,0.18458333333333332
C07431,2,475.09,237.545,0.57,0.31999999999999995
C01495,53,5439.6,102.63396226415095,0.42,0.12132075471698114
C03605,3,135.09,45.03,0.11,0.09000000000000001
C09905,14,3915.2000000000003,279.6571428571429,0.65,0.1757142857142857
C05240,29,8574.3,295.6655172413793,0.88,0.2013793103448276
C08652,25,3640.48,145.6192,0.23,0.1116
C02391,1,144.96,144.96,0.05,0.05
C09146,39,6614.83,169.61102564102563,0.88,0.17461538461538462
C08887,1,24.95,24.95,0.16,0.16
C13306,11,795.65,72.33181818181818,0.3,0.1109090909090909
C00637,13,1944.89,149.6069230769231,0.82,0.21
C05253,37,7148.74,193.20918918918917,0.89,0.19567567567567568
C04124,38,2754.82,72.49526315789474,0.58,0.135
C09207,54,5604.0,103.77777777777777,0.63,0.1538888888888889
C01459,38,3650.9900000000002,96.07868421052632,0.51,0.14
C02879,5,478.14,95.628,0.15,0.06
C10547,2,228.02,114.01,0.19,0.1
C05103,1,18.88,18.88,0.05,0.05
C01718,4,311.86,77.965,0.09,0.0625
C03346,21,1865.75,88.8452380952381,0.32,0.13857142857142857
C01549,28,3088.53,110.30464285714287,0.43,0.14464285714285713
C11419,5,531.73,106.346,0.67,0.348
C07552,67,7052.72,105.26447761194031,0.38,0.10582089552238806
C09104,2,2054.83,1027.415,0.14,0.13
C13249,37,2642.9,71.42972972972973,0.93,0.36756756756756753
C01317,65,12486.24,192.096,0.54,0.14092307692307693
C01604,8,584.03,73.00375,0.16,0.0925
C09292,11,1012.42,92.03818181818181,0.28,0.12000000000000001
C07560,49,5808.51,118.54102040816326,0.45,0.14244897959183675
C04446,39,7870.04,201.79589743589744,0.87,0.2494871794871795
C08300,1,30.09,30.09,0.06,0.06
C05650,13,1293.61,99.50846153846153,0.29,0.10384615384615385
C01544,35,3222.85,92.08142857142857,0.56,0.15514285714285714
C13152,8,791.82,98.9775,0.39,0.085
C09116,57,6267.16,109.95017543859649,0.43,0.12789473684210526
C11443,3,383.88,127.96,0.34,0.16666666666666666
C05152,1,117.07,117.07,0.12,0.12
C03198,3,511.05,170.35,0.5,0.21333333333333335
C04172,214,43033.86,201.09280373831777,0.92,0.19920560747663552
C03593,12,1439.79,119.9825,0.9,0.37916666666666665
C08448,35,4289.29,122.55114285714285,0.45,0.132
C03908,14,5350.63,382.1878571428571,0.32,0.11857142857142856
C13401,3,195.32,65.10666666666667,0.13,0.10333333333333333
C08334,111,12290.94,110.7291891891892,0.93,0.1561261261261261
C12258,63,3321.25,52.71825396825397,0.87,0.28746031746031747
C02667,67,17734.85,264.6992537313433,0.95,0.2564179104477612
C02889,16,1908.35,119.271875,0.76,0.29
C12840,18,1605.6000000000001,89.2,0.29,0.09444444444444444
C12762,16,1778.69,111.168125,0.59,0.173125
C05219,6,2500.26,416.71000000000004,0.21,0.08166666666666667
C12006,2,317.81,158.905,0.2,0.125
C03326,10,590.16,59.016,0.21,0.078
C09713,7,1271.12,181.5885714285714,0.36,0.15285714285714286
C09494,29,11052.51,381.1210344827586,0.55,0.1403448275862069
C13041,261,24063.68,92.19800766283525,0.81,0.1381992337164751
C09391,1,107.97,107.97,0.07,0.07
C11861,11,5056.27,459.6609090909091,0.74,0.2681818181818182
C09056,3,219.61,73.20333333333333,0.2,0.1466666666666667
C07650,8,332.15,41.51875,0.19,0.08
C05893,4,300.11,75.0275,0.48,0.1925
C06990,6,316.6,52.76666666666667,0.22,0.13999999999999999
C05712,38,11415.97,300.42026315789474,0.88,0.22684210526315787
C12491,6,898.13,149.68833333333333,0.22,0.12166666666666666
C08566,59,11766.85,199.43813559322035,0.59,0.13220338983050847
C05474,42,3651.81,86.94785714285715,0.43,0.14309523809523808
C11346,26,7432.76,285.87538461538463,0.73,0.18846153846153849
C12579,8,2550.07,318.75875,0.61,0.19125
C13065,4,795.09,198.7725,0.21,0.105
C06886,45,4436.59,98.5908888888889,0.82,0.18511111111111112
C03709,2,97.08000000000001,48.540000000000006,0.2,0.135
C06579,23,1818.28,79.05565217391305,0.43,0.1326086956521739
C11384,28,5414.94,193.39071428571427,0.74,0.13714285714285715
C05563,9,786.74,87.41555555555556,0.09,0.05
C13031,15,4091.62,272.77466666666663,0.75,0.23066666666666666
C10947,9,857.67,95.29666666666667,0.26,0.09000000000000001
C02191,11,493.31,44.846363636363634,0.78,0.2209090909090909
C09181,7,2598.77,371.2528571428571,0.45,0.24571428571428572
C12012,89,12052.73,135.42393258426966,0.93,0.14797752808988765
C06135,23,6031.96,262.2591304347826,0.55,0.11739130434782609
C10845,3,149.92,49.97333333333333,0.22,0.14333333333333334
C11600,14,1653.68,118.12,0.3,0.11
C07694,75,9474.2,126.32266666666668,0.94,0.1436
C04593,1,124.99,124.99,0.08,0.08
C13302,10,1635.05,163.505,0.68,0.24700000000000003
C09500,92,14198.82,154.335,0.45,0.11119565217391304
C07017,28,5807.17,207.39892857142857,0.44,0.12428571428571429
C02444,5,850.1700000000001,170.03400000000002,0.47,0.16
C13524,62,6339.36,102.24774193548386,0.44,0.12435483870967742
C11076,31,3530.27,113.87967741935483,0.35,0.1067741935483871
C07341,46,3761.83,81.77891304347825,0.68,0.14369565217391306
C08413,1,30.02,30.02,0.05,0.05
C11657,24,2362.0,98.41666666666667,0.6,0.145
C05455,14,634.34,45.31,0.35,0.13428571428571429
C01018,8,781.89,97.73625,0.34,0.13375
C06707,2,88.99000000000001,44.495000000000005,0.53,0.445
C02187,69,7747.27,112.27927536231884,0.47,0.12376811594202897
C09684,65,5695.75,87.62692307692308,0.42,0.13276923076923078
C00216,1,1658.21,1658.21,0.31,0.31
C00357,16,1491.0,93.1875,0.24,0.11812500000000001
C09964,19,2634.23,138.64368421052632,0.35,0.1331578947368421
C10990,36,3061.72,85.04777777777777,0.56,0.15416666666666667
C00929,2,174.95999999999998,87.47999999999999,0.1,0.08
C07439,60,8308.0,138.46666666666667,0.42,0.13116666666666668
C04207,5,358.84000000000003,71.768,0.31,0.134
C13388,4,214.39,53.5975,0.78,0.3
C10352,9,500.36,55.595555555555556,0.46,0.1388888888888889
C13500,7,1475.08,210.72571428571428,0.62,0.28285714285714286
C03251,12,2789.1699999999996,232.4308333333333,0.78,0.1758333333333333
C06131,7,353.06,50.43714285714286,0.33,0.1285714285714286
C03443,66,3683.05,55.80378787878788,0.77,0.16454545454545455
C03510,1,75.09,75.09,0.19,0.19
C05802,7,700.38,100.05428571428571,0.22,0.14857142857142858
C09949,20,1214.96,60.748000000000005,0.37,0.10700000000000001
C07481,6,649.05,108.175,0.17,0.07833333333333334
C08852,21,1935.94,92.18761904761905,0.41,0.15
C02795,3,328.88,109.62666666666667,0.09,0.07333333333333333
C03890,5,174.82,34.964,0.29,0.16999999999999998
C03695,8,2681.5899999999997,335.19874999999996,0.74,0.42
C13190,29,3529.33,121.70103448275862,0.89,0.3596551724137931
C12686,24,8630.44,359.6016666666667,0.73,0.20875
C07173,37,3736.87,100.99648648648649,0.65,0.18
C11599,23,2048.11,89.04826086956523,0.53,0.12391304347826088
C04339,8,710.76,88.845,0.32,0.1375
C01646,2,257.48,128.74,0.03,0.02
C00263,9,734.85,81.65,0.93,0.49222222222222217
C12515,53,5215.95,98.41415094339622,0.41,0.12754716981132075
C03432,130,7877.889999999999,60.59915384615384,0.48,0.13676923076923078
C11446,14,1253.17,89.51214285714286,0.26,0.13071428571428573
C03479,17,3199.94,188.23176470588237,0.96,0.3211764705882353
C09461,9,2389.85,265.5388888888889,0.79,0.27222222222222225
C00532,6,976.23,162.705,0.83,0.4566666666666667
C01175,1,50.04,50.04,0.75,0.75
C10374,40,2155.33,53.88325,0.42,0.14975
C10238,63,3745.2,59.44761904761904,0.26,0.10174603174603175
C08627,23,1922.96,83.60695652173914,0.28,0.11695652173913043
C03158,24,4265.82,177.74249999999998,0.43,0.13083333333333333
C11428,15,1683.6899999999998,112.246,0.37,0.14066666666666666
C10552,36,2700.33,75.00916666666666,0.36,0.14777777777777779
C10259,9,1696.94,188.54888888888888,0.54,0.13777777777777778
C09163,4,526.01,131.5025,0.3,0.1
C09430,104,11023.65,105.99663461538461,0.91,0.12182692307692308
C08720,4,250.06,62.515,0.85,0.3825
C09330,10,2043.19,204.31900000000002,0.6,0.20299999999999999
C02023,11,2565.15,233.19545454545457,0.7,0.24454545454545454
C03519,25,5094.02,203.76080000000002,0.51,0.1476
C12416,5,333.57,66.714,0.46,0.148
C12146,111,8886.1,80.05495495495497,0.56,0.12468468468468469
C01285,45,4612.87,102.50822222222222,0.51,0.12866666666666668
C12009,24,8687.24,361.9683333333333,0.44,0.13208333333333333
C01135,13,6422.0199999999995,494.0015384615384,0.62,0.18076923076923077
C11101,5,277.67,55.534000000000006,0.12,0.046
C02154,2,74.03999999999999,37.019999999999996,0.24,0.125
C13503,16,2042.47,127.654375,0.39,0.153125
C05343,13,745.2,57.323076923076925,0.4,0.14153846153846156
C13011,5,3589.8199999999997,717.9639999999999,0.31,0.194
C00906,3,276.86,92.28666666666668,0.2,0.08333333333333333
C13052,17,2324.96,136.76235294117646,0.66,0.19999999999999998
C09966,23,2617.55,113.80652173913045,0.77,0.12956521739130436
C01458,15,3302.4100000000003,220.16066666666669,0.74,0.196
C09022,12,619.54,51.62833333333333,0.26,0.10833333333333334
C08010,125,12215.38,97.72304,0.81,0.15736
C06784,68,4918.24,72.32705882352941,0.51,0.12161764705882352
C08854,14,1358.77,97.05499999999999,0.27,0.13642857142857143
C12776,1,480.21,480.21,0.23,0.23
C07082,2,125.14999999999999,62.574999999999996,0.09,0.07
C02394,7,999.89,142.84142857142857,0.53,0.2928571428571428
C04077,31,4550.38,146.78645161290322,0.86,0.2503225806451613
C13230,41,4199.84,102.43512195121951,0.75,0.14975609756097563
C11663,49,4894.03,99.87816326530611,0.87,0.15061224489795919
C07727,23,2656.25,115.48913043478261,0.43,0.1760869565217391
C03381,36,4498.94,124.97055555555555,0.37,0.12638888888888888
C00767,3,60.519999999999996,20.173333333333332,0.37,0.16333333333333333
C00622,1,981.97,981.97,0.3,0.3
C13070,7,680.0,97.14285714285714,0.26,0.15571428571428572
C07346,7,363.92,51.98857142857143,0.4,0.23714285714285716
C09600,11,502.78,45.70727272727272,0.47,0.14727272727272728
C03675,24,2838.75,118.28125,0.74,0.155
C07473,36,7628.8099999999995,211.91138888888887,0.71,0.15611111111111112
C06200,42,24815.82,590.8528571428571,0.5,0.09642857142857142
C01820,2,288.01,144.005,0.09,0.075
C03448,2,800.1600000000001,400.08000000000004,0.28,0.14500000000000002
C00756,13,3285.74,252.74923076923076,0.56,0.2076923076923077
C02387,33,6837.349999999999,207.19242424242424,0.9,0.18333333333333332
C05161,3,149.94,49.98,0.11,0.06
C08885,23,4332.1,188.3521739130435,0.42,0.1491304347826087
C02045,14,1025.1100000000001,73.22214285714287,0.29,0.09142857142857143
C09442,27,3590.28,132.97333333333333,0.94,0.4225925925925926
C04170,13,1900.28,146.17538461538462,0.8,0.32230769230769235
C11129,22,2438.71,110.85045454545455,0.4,0.13954545454545456
C09769,1,49.06,49.06,0.48,0.48
C05284,54,6256.61,115.86314814814814,0.68,0.13314814814814815
C11459,41,5920.53,144.40317073170732,0.45,0.1329268292682927
C00649,10,1649.8700000000001,164.98700000000002,0.9,0.45899999999999996
C00214,20,5984.19,299.2095,0.48,0.14850000000000002
C11562,2,208.42000000000002,104.21000000000001,0.15,0.12
C00845,5,578.8299999999999,115.76599999999999,0.2,0.098
C12141,5,751.48,150.296,0.29,0.11800000000000002
C01005,11,1043.2,94.83636363636364,0.73,0.2127272727272727
C09929,47,4055.4900000000002,86.28702127659575,0.59,0.1453191489361702
C09431,56,14173.57,253.09946428571428,0.67,0.12303571428571429
C01936,99,11546.05,116.62676767676767,0.63,0.14202020202020202
C00898,13,1851.82,142.4476923076923,0.45,0.15615384615384617
C11633,67,17359.97,259.10402985074626,0.88,0.18119402985074629
C08689,3,483.88,161.29333333333332,0.32,0.20666666666666667
C07444,6,481.78000000000003,80.29666666666667,0.31,0.12333333333333334
C01147,7,715.87,102.26714285714286,0.21,0.09285714285714286
C09435,4,800.04,200.01,0.17,0.10750000000000001
C11996,34,6167.34,181.39235294117648,0.34,0.11352941176470588
C00280,129,16390.920000000002,127.06139534883722,0.82,0.1418604651162791
C05367,21,819.55,39.02619047619047,0.46,0.11571428571428573
C02987,4,550.08,137.52,0.79,0.495
C11792,39,6168.84,158.17538461538462,0.93,0.3351282051282051
C09679,26,5472.93,210.49730769230771,0.49,0.10807692307692308
C01169,73,8335.34,114.18273972602739,0.47,0.13986301369863016
C06372,24,4856.24,202.34333333333333,0.32,0.12333333333333334
C01035,13,1375.04,105.77230769230769,0.88,0.3738461538461539
C02863,8,552.95,69.11875,0.23,0.12375
C03943,18,2854.73,158.5961111111111,0.76,0.1311111111111111
C06635,14,1044.03,74.57357142857143,0.37,0.11642857142857142
C00733,5,270.03999999999996,54.007999999999996,0.31,0.118
C11168,11,1950.19,177.29,0.79,0.3063636363636364
C01426,24,5974.75,248.94791666666666,0.87,0.3841666666666667
C02239,12,3191.5,265.9583333333333,0.24,0.11416666666666668
C11802,1,21.91,21.91,0.07,0.07
C09829,18,3346.0299999999997,185.89055555555555,0.55,0.15611111111111112
C04787,7,1275.08,182.1542857142857,0.09,0.037142857142857144
C05605,47,6331.13,134.70489361702127,0.44,0.1351063829787234
C11717,33,6691.2,202.76363636363635,0.36,0.13545454545454544
C09607,10,722.5,72.25,0.36,0.155
C03796,13,831.98,63.99846153846154,0.29,0.15076923076923077
C12867,99,13422.98,135.58565656565656,0.78,0.15808080808080807
C04166,33,3219.46,97.55939393939394,0.34,0.10666666666666667
C00233,2,78.3,39.15,0.06,0.055
C09337,13,1036.92,79.76307692307692,0.66,0.2469230769230769
C01153,2,150.04000000000002,75.02000000000001,0.66,0.34
C05147,3,207.85,69.28333333333333,0.16,0.12666666666666668
C02075,9,1230.12,136.67999999999998,0.8,0.3222222222222222
C00073,101,4053.28,40.131485148514855,0.88,0.17485148514851484
C10573,4,472.49,118.1225,0.11,0.065
C12578,44,5786.34,131.50772727272727,0.8,0.16318181818181818
C10085,2,350.11,175.055,0.89,0.46
C06623,4,724.8199999999999,181.20499999999998,0.76,0.2575
C00589,2,104.07,52.035,0.47,0.27499999999999997
C02033,20,3313.82,165.691,0.67,0.3085
C09919,4,850.14,212.535,0.18,0.07
C11632,3,858.15,286.05,0.2,0.09333333333333334
C12198,2,200.01,100.005,0.61,0.32
C11528,20,3576.9900000000002,178.8495,0.3,0.1335
C12545,1,25.0,25.0,0.1,0.1
C02474,37,2850.26,77.03405405405405,0.37,0.1291891891891892
C10738,6,576.5899999999999,96.09833333333331,0.15,0.09333333333333334
C00940,7,815.79,116.54142857142857,0.14,0.06285714285714286
C05416,15,5365.22,357.6813333333333,0.91,0.19066666666666668
C06185,8,479.39,59.92375,0.27,0.125
C03375,1,159.94,159.94,0.01,0.01
C12983,206,66299.7,321.8432038834951,0.92,0.2471359223300971
C13253,28,3319.72,118.56142857142856,0.6,0.14392857142857143
C13037,11,3760.84,341.8945454545455,0.85,0.3118181818181818
C00464,3,125.02,41.67333333333333,0.17,0.11
C01482,18,6056.9800000000005,336.4988888888889,0.88,0.21944444444444444
C05943,10,535.9300000000001,53.593,0.22,0.097
C01863,6,1461.99,243.665,0.39,0.17500000000000002
C01605,31,3591.27,115.8474193548387,0.64,0.1406451612903226
C10889,48,4956.39,103.258125,0.32,0.13375
C09880,4,668.96,167.24,0.09,0.042499999999999996
C00479,5,252.76999999999998,50.553999999999995,0.4,0.2
C02793,57,14631.4,256.69122807017544,0.52,0.13526315789473684
C01394,25,3495.8,139.832,0.51,0.14880000000000002
C07511,6,1297.0,216.16666666666666,0.31,0.17833333333333334
C06665,70,4697.45,67.10642857142857,0.51,0.139
C09688,1,50.02,50.02,0.02,0.02
C06407,18,2405.42,133.63444444444445,0.36,0.12611111111111112
C03990,29,4023.76,138.75034482758622,0.48,0.11068965517241379
C10401,56,10812.91,193.08767857142857,0.39,0.12517857142857142
C02590,7,1333.73,190.53285714285715,0.3,0.19999999999999998
C08304,2,250.03000000000003,125.01500000000001,0.63,0.34
C03459,5,635.83,127.16600000000001,0.25,0.132
C01034,19,1264.07,66.53,0.52,0.1636842105263158
C00198,25,4555.54,182.2216,0.6,0.16879999999999998
C06354,75,7230.79,96.41053333333333,0.56,0.14826666666666669
C08383,3,1350.1799999999998,450.05999999999995,0.22,0.16333333333333333
C02738,25,4036.7599999999998,161.47039999999998,0.54,0.15600000000000003
C08303,64,6907.44,107.92875,0.59,0.14296875
C09502,6,525.14,87.52333333333333,0.75,0.33166666666666667
C07757,26,5345.8099999999995,205.6080769230769,0.6,0.14807692307692308
C11103,1,25.76,25.76,0.07,0.07
C07961,13,2031.08,156.23692307692306,0.48,0.15307692307692308
C02472,16,2585.01,161.563125,0.7,0.261875
C07513,50,6126.19,122.5238,0.94,0.235
C10465,5,1897.01,379.402,0.3,0.13399999999999998
C04356,12,2650.14,220.845,0.82,0.33416666666666667
C09007,31,11249.83,362.89774193548385,0.87,0.17935483870967744
C00797,10,1391.81,139.18099999999998,0.3,0.142
C09299,89,11519.77,129.4356179775281,0.69,0.15202247191011234
C12877,40,6060.78,151.5195,0.48,0.10625
C05797,24,3490.11,145.42125000000001,0.93,0.37000000000000005
C02087,11,698.95,63.540909090909096,0.55,0.21545454545454545
C01898,17,3058.72,179.92470588235292,0.5,0.12058823529411763
C05948,10,1221.08,122.10799999999999,0.42,0.126
C02460,34,2404.11,70.70911764705883,0.71,0.18588235294117647
C07348,19,36320.42,1911.6010526315788,0.49,0.14894736842105263
C11610,16,1031.76,64.485,0.35,0.12125
C04066,8,472.64,59.08,0.25,0.07875
C05552,31,4596.31,148.26806451612904,0.43,0.12741935483870967
C13137,10,2885.01,288.50100000000003,0.43,0.196
C04322,2,500.01,250.005,0.27,0.21500000000000002
C09315,3,242.89,80.96333333333332,0.37,0.22999999999999998
C04422,2,149.92000000000002,74.96000000000001,0.55,0.335
C00477,16,1422.3899999999999,88.89937499999999,0.91,0.20500000000000002
C00731,40,4622.35,115.55875,0.27,0.11025
C02131,26,7685.07,295.57961538461535,0.9,0.2057692307692308
C01581,2,37.040000000000006,18.520000000000003,0.1,0.055
C02628,42,2071.83,49.32928571428571,0.61,0.14452380952380953
C11307,40,2856.79,71.41975,0.88,0.15
C12022,1,39.98,39.98,0.13,0.13
C02222,31,2329.52,75.1458064516129,0.84,0.27774193548387094
C09290,91,3246.94,35.68065934065934,0.66,0.15406593406593405
C06275,4,2425.9700000000003,606.4925000000001,0.17,0.115
C12772,6,629.89,104.98166666666667,0.17,0.08833333333333333
C05297,2,74.14,37.07,0.16,0.135
C08455,42,4205.42,100.12904761904763,0.82,0.2088095238095238
C04366,10,2013.74,201.374,0.35,0.11699999999999999
C01733,16,488.36,30.5225,0.39,0.1775
C00904,2,86.22,43.11,0.07,0.05500000000000001
C13140,16,3893.8199999999997,243.36374999999998,0.86,0.34750000000000003
C13021,6,389.83000000000004,64.97166666666668,0.29,0.12666666666666668
C02811,42,2846.9,67.78333333333333,0.39,0.13428571428571429
C03804,4,230.06,57.515,0.19,0.095
C12994,1,107.97,107.97,0.11,0.11
C01300,9,411.66,45.74,0.57,0.17555555555555555
C11388,25,2434.84,97.3936,0.89,0.46159999999999995
C06797,5,259.28,51.855999999999995,0.81,0.288
C02899,4,1426.62,356.655,0.83,0.5525
C07224,6,1060.47,176.745,0.23,0.12166666666666666
C03304,1,100.09,100.09,0.04,0.04
C10723,3,76.91,25.636666666666667,0.28,0.17
C00393,7,454.32,64.90285714285714,0.5,0.16714285714285712
C10615,11,1094.79,99.52636363636363,0.99,0.3618181818181818
C10617,19,7877.84,414.62315789473683,0.3,0.1405263157894737
C01609,9,2418.64,268.73777777777775,0.82,0.16444444444444445
C12195,2,150.06,75.03,0.15,0.11499999999999999
C07882,1,320.03,320.03,0.1,0.1
C04581,1,92.02,92.02,0.02,0.02
C06362,50,2334.9,46.698,0.88,0.2304
C07607,25,3346.25,133.85,0.93,0.1544
C01060,1,99.96,99.96,0.64,0.64
C13170,15,2793.48,186.232,0.34,0.11133333333333334
C01994,17,1956.25,115.07352941176471,0.42,0.17647058823529413
C05957,121,11941.78,98.69239669421488,0.8,0.14206611570247935
C09235,23,919.8100000000001,39.99173913043479,0.3,0.13608695652173913
C01986,10,1245.8200000000002,124.58200000000002,0.19,0.096
C01727,106,18183.27,171.54028301886794,0.75,0.16764150943396225
C05490,6,247.21,41.20166666666667,0.85,0.32666666666666666
C10809,39,2983.61,76.50282051282052,0.33,0.09743589743589744
C06286,21,4382.78,208.70380952380953,0.53,0.15000000000000002
C08167,9,1047.03,116.33666666666666,0.55,0.19555555555555557
C01434,22,1558.57,70.84409090909091,0.9,0.15863636363636366
C06778,14,1464.3600000000001,104.59714285714287,0.24,0.09214285714285715
C02812,26,2593.31,99.74269230769231,0.22,0.08923076923076922
C00905,4,334.82,83.705,0.3,0.175
C03871,8,1200.18,150.0225,0.85,0.27999999999999997
C09695,6,894.42,149.07,0.36,0.12
C11462,5,516.8199999999999,103.36399999999999,0.39,0.148
C10153,4,479.91999999999996,119.97999999999999,0.12,0.0675
C11471,3,207.88,69.29333333333334,0.3,0.25666666666666665
C12902,11,1025.46,93.22363636363637,0.8,0.19363636363636366
C04098,9,2832.85,314.7611111111111,0.39,0.1411111111111111
C08367,52,6652.52,127.93307692307692,0.35,0.13673076923076924
C09942,2,434.82,217.41,0.12,0.065
C10875,17,1555.16,91.48,0.58,0.13647058823529412
C04252,18,1745.48,96.97111111111111,0.32,0.09055555555555556
C04648,7,941.89,134.5557142857143,0.8,0.3971428571428572
C00657,24,2623.7200000000003,109.32166666666667,0.34,0.12541666666666668
C00124,2,141.81,70.905,0.18,0.16999999999999998
C01723,35,2964.8900000000003,84.71114285714286,0.65,0.14542857142857143
C06308,12,3987.95,332.32916666666665,0.59,0.25083333333333335
C05648,21,2737.58,130.36095238095237,0.42,0.14238095238095239
C04936,2,298.83,149.415,0.21,0.16999999999999998
C04521,9,1849.79,205.53222222222223,0.65,0.12888888888888891
C04566,42,6314.7,150.35,0.61,0.15476190476190477
C11191,23,1275.12,55.44,0.88,0.20434782608695654
C04814,8,487.54,60.9425,0.36,0.19375
C05484,12,1095.49,91.29083333333334,0.9,0.18000000000000002
C04360,4,323.94,80.985,0.15,0.1325
C10131,8,397.42,49.6775,0.46,0.14375
C13543,1,151.73,151.73,0.1,0.1
C09606,9,1300.07,144.45222222222222,0.77,0.27555555555555555
C06341,3,347.89,115.96333333333332,0.86,0.5333333333333333
C09725,5,103.06,20.612000000000002,0.3,0.11200000000000002
C03036,26,5836.82,224.4930769230769,0.43,0.11692307692307692
C06108,33,2042.91,61.906363636363636,0.92,0.16696969696969696
C07551,3,278.86,92.95333333333333,0.23,0.10666666666666667
C11192,7,767.17,109.59571428571428,0.22,0.10714285714285714
C04796,12,1599.91,133.32583333333335,0.79,0.3275
C08993,51,8690.86,170.40901960784313,0.82,0.13509803921568628
C09757,59,8701.41,147.4815254237288,0.79,0.15305084745762712
C11131,10,940.1700000000001,94.01700000000001,0.65,0.21600000000000003
C05221,2,193.77999999999997,96.88999999999999,0.03,0.025
C11770,12,853.36,71.11333333333333,0.23,0.09250000000000001
C09198,2,89.0,44.5,0.1,0.07
C10983,19,724.54,38.13368421052631,0.82,0.18157894736842106
C07067,18,950.82,52.82333333333334,0.26,0.125
C12383,1,49.97,49.97,0.13,0.13
C00606,25,1018.8199999999999,40.7528,0.65,0.1948
C01619,47,7619.38,162.11446808510638,0.8,0.16191489361702127
C05554,10,750.33,75.033,0.92,0.34900000000000003
C07975,11,1324.91,120.44636363636364,0.8,0.30818181818181817
C05773,1,100.04,100.04,0.01,0.01
C03298,3,558.59,186.1966666666667,0.16,0.08666666666666667
C11840,10,323.87,32.387,0.22,0.092
C08150,1,107.92,107.92,0.03,0.03
C02446,18,1574.64,87.48,0.32,0.1488888888888889
C03980,34,3919.17,115.26970588235294,0.45,0.13970588235294118
C11750,15,561.46,37.43066666666667,0.85,0.21
C02967,7,947.98,135.4257142857143,0.18,0.09285714285714286
C05234,13,975.36,75.0276923076923,0.84,0.31538461538461543
C02582,7,899.9,128.55714285714285,0.77,0.19571428571428573
C09051,14,760.9499999999999,54.35357142857142,0.43,0.15214285714285714
C07001,7,632.2,90.31428571428572,0.29,0.1757142857142857
C09625,1,58.92,58.92,0.13,0.13
C01690,17,1764.8899999999999,103.81705882352941,0.35,0.17941176470588235
C03228,3,195.13,65.04333333333334,0.19,0.17333333333333334
C00914,49,8346.01,170.32673469387757,0.4,0.11755102040816326
C00807,2,157.89,78.945,0.12,0.08499999999999999
C08797,98,11812.34,120.53408163265306,0.75,0.1457142857142857
C00828,1,20.07,20.07,0.03,0.03
C13183,1,150.09,150.09,0.07,0.07
C03964,8,308.51,38.56375,0.31,0.14125
C02188,19,2925.28,153.9621052631579,0.91,0.3863157894736842
C09151,5,1335.07,267.014,0.37,0.166
C13124,19,2975.48,156.6042105263158,0.76,0.3
C03223,8,1128.33,141.04125,0.55,0.185
C06900,7,549.6800000000001,78.5257142857143,0.3,0.1442857142857143
C06737,22,902.73,41.033181818181816,0.57,0.14181818181818182
C10145,2,152.14,76.07,0.14,0.115
C13204,11,456.28,41.48,0.71,0.21545454545454545
C09035,14,764.83,54.63071428571429,0.4,0.11857142857142858
C12905,3,91.94,30.646666666666665,0.08,0.06666666666666667
C05728,44,4543.12,103.25272727272727,0.56,0.12704545454545454
C12451,2,294.96000000000004,147.48000000000002,0.24,0.16999999999999998
C04556,37,13344.18,360.65351351351353,0.85,0.2391891891891892
C10964,23,3116.19,135.48652173913044,0.51,0.14347826086956522
C13505,1,179.94,179.94,0.03,0.03
C10063,13,846.64,65.12615384615384,0.21,0.09
C10287,18,2241.82,124.54555555555557,0.87,0.20277777777777778
C10088,5,750.8199999999999,150.164,0.21,0.06999999999999999
C07732,10,3424.6700000000005,342.46700000000004,0.54,0.27
C09708,10,1729.67,172.967,0.82,0.357
C01566,2,206.38,103.19,0.2,0.12000000000000001
C05861,18,1333.09,74.06055555555555,0.33,0.14777777777777779
C08310,4,950.11,237.5275,0.52,0.2025
C04195,2,500.0,250.0,0.21,0.11499999999999999
C02908,48,3194.11,66.54395833333334,0.85,0.15375
C07887,19,4780.1,251.58421052631581,0.28,0.11526315789473685
C02341,37,7914.96,213.91783783783785,0.87,0.20216216216216218
C13100,5,434.54,86.908,0.34,0.138
C09038,1,170.97,170.97,0.24,0.24
C10574,67,9594.24,143.19761194029851,0.87,0.12611940298507462
C11526,39,3410.76,87.45538461538462,0.46,0.1076923076923077
C01123,6,530.75,88.45833333333333,0.93,0.24666666666666667
C07885,33,3506.29,106.25121212121212,0.38,0.1406060606060606
C09478,19,3969.43,208.91736842105263,0.48,0.1031578947368421
C11430,3,382.14,127.38,0.27,0.16
C03446,5,459.93,91.986,0.36,0.16599999999999998
C01237,2,94.36,47.18,0.56,0.31000000000000005
C05600,19,3075.2000000000003,161.85263157894738,0.82,0.3278947368421053
C13243,32,2083.46,65.108125,0.38,0.1284375
C02504,12,1882.01,156.83416666666668,0.35,0.13416666666666666
C00922,16,2739.21,171.200625,0.46,0.164375
C03981,12,2627.44,218.95333333333335,0.44,0.15916666666666668
C04176,10,1331.44,133.144,0.28,0.134
C01494,16,1905.1299999999999,119.07062499999999,0.85,0.223125
C10525,28,1341.25,47.901785714285715,0.37,0.09785714285714286
C09842,10,421.14,42.114,0.27,0.10400000000000001
C01823,31,9278.68,299.31225806451613,0.87,0.26
C00156,26,2096.73,80.64346153846154,0.55,0.16576923076923075
C01137,30,5935.69,197.8563333333333,0.91,0.39666666666666667
C05260,9,612.97,68.10777777777778,0.29,0.14555555555555555
C03123,3,133.46,44.48666666666667,0.25,0.12666666666666668
C00430,12,3376.8,281.40000000000003,0.49,0.1125
C00851,11,1229.34,111.75818181818181,0.32,0.13363636363636364
C10531,38,4104.51,108.01342105263159,0.44,0.15473684210526314
C12001,30,6101.82,203.39399999999998,0.78,0.23600000000000002
C11440,3,14.17,4.723333333333334,0.33,0.15333333333333335
C02042,14,1572.77,112.34071428571428,0.34,0.155
C00787,10,2300.08,230.00799999999998,0.76,0.29900000000000004
C04395,4,213.91,53.4775,0.24,0.13
C06111,31,3107.48,100.24129032258064,0.64,0.16806451612903225
C10187,29,4567.1,157.48620689655175,0.68,0.1817241379310345
C04795,13,3080.11,236.93153846153848,0.56,0.21692307692307694
C01777,3,273.02,91.00666666666666,0.04,0.02
C03821,3,4886.47,1628.8233333333335,0.16,0.10000000000000002
C02818,23,881.25,38.31521739130435,0.36,0.11869565217391305
C09202,4,534.88,133.72,0.33,0.2025
C03881,27,7418.5599999999995,274.76148148148144,0.37,0.11777777777777779
C12291,15,4257.51,283.834,0.84,0.31799999999999995
C11232,37,4371.6,118.15135135135137,0.62,0.16135135135135134
C11865,23,6532.360000000001,284.01565217391305,0.66,0.19521739130434784
C08815,4,196.01999999999998,49.004999999999995,0.17,0.0975
C06794,1,30.89,30.89,0.04,0.04
C09106,11,1685.0,153.1818181818182,0.32,0.11363636363636363
C08638,2,249.97,124.985,0.26,0.225
C11624,9,1110.03,123.33666666666666,0.39,0.15555555555555556
C06149,8,1289.73,161.21625,0.4,0.20750000000000002
C00410,25,3269.08,130.76319999999998,0.67,0.1496
C01881,11,3461.7799999999997,314.7072727272727,0.85,0.2672727272727273
C09583,10,4325.25,432.525,0.83,0.238
C02751,3,150.95,50.31666666666666,0.19,0.10333333333333333
C10879,27,1091.67,40.43222222222222,0.54,0.09851851851851852
C08161,18,1751.92,97.3288888888889,0.58,0.15611111111111112
C01547,7,1576.6299999999999,225.2328571428571,0.34,0.13285714285714284
C01070,12,2301.03,191.75250000000003,0.63,0.20166666666666666
C00353,27,4094.72,151.6562962962963,0.84,0.3088888888888889
C00460,10,896.97,89.697,0.31,0.184
C12066,13,1828.78,140.67538461538462,0.24,0.11307692307692307
C06402,6,1311.1799999999998,218.52999999999997,0.54,0.24666666666666667
C03484,2,250.13,125.065,0.67,0.41500000000000004
C05233,6,385.0,64.16666666666667,0.12,0.05833333333333333
C11026,7,1070.42,152.91714285714286,0.57,0.19857142857142857
C11198,30,3300.97,110.03233333333333,0.93,0.14533333333333334
C05410,34,5383.12,158.3270588235294,0.6,0.14852941176470588
C06469,25,6651.87,266.0748,0.91,0.2932
C05868,74,15274.64,206.41405405405405,0.92,0.2670270270270271
C12448,4,549.99,137.4975,0.82,0.41
C10132,9,702.26,78.02888888888889,0.96,0.21444444444444444
C05372,9,888.23,98.69222222222223,0.17,0.08222222222222222
C07159,3,619.0699999999999,206.35666666666665,0.13,0.08666666666666667
C13143,42,5157.42,122.79571428571428,0.37,0.12666666666666668
C11541,1,99.98,99.98,0.08,0.08
C05680,3,88.62,29.540000000000003,0.33,0.15666666666666668
C02718,52,5343.03,102.75057692307692,0.38,0.11615384615384615
C01030,18,1178.61,65.47833333333332,0.3,0.10777777777777778
C01464,2,68.99,34.495,0.23,0.21000000000000002
C10171,55,7163.96,130.2538181818182,0.49,0.16054545454545455
C01144,7,1550.03,221.43285714285713,0.45,0.19285714285714287
C01403,22,2675.29,121.60409090909091,0.82,0.17863636363636365
C05556,16,1565.25,97.828125,0.28,0.1525
C06103,6,315.08,52.51333333333333,0.18,0.065
C06210,27,9075.66,336.1355555555555,0.88,0.27555555555555555
C01197,2,410.08,205.04,0.1,0.095
C08559,1,40.01,40.01,0.21,0.21
C04940,7,701.85,100.26428571428572,0.35,0.09428571428571428
C08679,13,2588.79,199.1376923076923,0.81,0.26692307692307693
C06712,5,626.97,125.394,0.36,0.144
C02315,17,834.28,49.075294117647054,0.33,0.12470588235294118
C02560,1,75.05,75.05,0.14,0.14
C10113,17,1631.74,95.98470588235294,0.31,0.10764705882352942
C05584,1,49.91,49.91,0.2,0.2
C03279,17,2750.2200000000003,161.77764705882353,0.76,0.3070588235294118
C10501,2,250.01,125.005,0.17,0.12000000000000001
C05046,42,2614.97,62.26119047619047,0.52,0.13238095238095238
C03872,23,7802.62,339.24434782608694,0.86,0.24478260869565216
C02377,12,756.11,63.009166666666665,0.88,0.29083333333333333
C04804,2,500.1,250.05,0.4,0.21500000000000002
C02101,23,856.52,37.24,0.43,0.1473913043478261
C07281,14,1785.04,127.50285714285714,0.47,0.1357142857142857
C08998,2,189.05,94.525,0.14,0.14
C09629,80,10590.81,132.385125,0.62,0.13674999999999998
C09993,2,199.94,99.97,0.17,0.12000000000000001
C12453,1,762.0,762.0,0.63,0.63
C09206,111,14927.87,134.48531531531532,0.91,0.28954954954954953
C07755,4,390.06,97.515,0.72,0.35250000000000004
C12732,10,536.52,53.652,0.31,0.17
C09712,3,446.85,148.95000000000002,0.57,0.3133333333333333
C03538,19,3815.88,200.83578947368423,0.68,0.24263157894736845
C07352,31,7302.49,235.5641935483871,0.41,0.13483870967741934
C01383,4,277.01,69.2525,0.07,0.0425
C10862,37,9028.02,244.00054054054056,0.64,0.10837837837837837
C00267,18,1729.09,96.06055555555555,0.82,0.1611111111111111
C03885,21,6668.54,317.5495238095238,0.73,0.14857142857142858
C11508,4,331.92,82.98,0.18,0.09
C04160,10,1335.13,133.513,0.18,0.081
C02438,21,2515.44,119.78285714285714,0.27,0.09857142857142859
C07782,12,1399.98,116.665,0.78,0.23
C00796,64,10730.01,167.65640625,0.86,0.30796875
C08776,11,3795.08,345.0072727272727,0.48,0.16272727272727272
C09997,12,69.03,5.7525,0.74,0.2225
C05264,21,2158.33,102.77761904761904,0.35,0.1219047619047619
C07676,33,3789.58,114.83575757575757,0.46,0.14666666666666667
C00860,4,309.42,77.355,0.09,0.0525
C01760,6,498.34000000000003,83.05666666666667,0.34,0.14166666666666666
C02073,9,1043.95,115.99444444444445,0.58,0.1811111111111111
C09347,75,8637.14,115.16186666666665,0.42,0.10733333333333334
C13270,3,224.92999999999998,74.97666666666666,0.61,0.35999999999999993
C01548,3,203.07,67.69,0.19,0.11
C10716,14,2043.59,145.97071428571428,0.37,0.16285714285714287
C07459,11,725.6,65.96363636363637,0.35,0.14454545454545453
C12002,15,2350.41,156.694,0.85,0.29133333333333333
C04540,3,457.89,152.63,0.16,0.06666666666666667
C08817,23,2008.29,87.31695652173913,0.31,0.0991304347826087
C06446,19,1467.63,77.24368421052633,0.33,0.10421052631578948
C03018,2,200.02,100.01,0.43,0.24
C08830,6,680.14,113.35666666666667,0.64,0.3116666666666667
C01460,14,1003.09,71.64928571428571,0.35,0.11285714285714286
C09665,6,549.89,91.64833333333333,0.83,0.29
C06116,15,1275.6100000000001,85.04066666666668,0.73,0.19533333333333333
C07225,2,78.01,39.005,0.4,0.22
C01472,3,399.97,133.32333333333335,0.23,0.14666666666666667
C10736,8,805.89,100.73625,0.9,0.26125
C03991,47,3975.2,84.57872340425531,0.42,0.13872340425531915
C12861,13,1299.79,99.98384615384614,0.65,0.2469230769230769
C13489,55,5917.21,107.58563636363637,0.67,0.13345454545454546
C11932,3,889.9,296.6333333333333,0.36,0.18333333333333335
C02850,2,275.08,137.54,0.12,0.06999999999999999
C08760,20,2346.19,117.3095,0.35,0.10400000000000001
C12774,90,12524.26,139.15844444444446,0.69,0.14733333333333334
C07717,25,4766.38,190.6552,0.82,0.3796
C10966,5,575.02,115.00399999999999,0.65,0.26
C12184,14,2574.16,183.8685714285714,0.34,0.11285714285714286
C05611,28,8637.7,308.48928571428576,0.85,0.3192857142857143
C10971,14,2024.82,144.63,0.79,0.31857142857142856
C09672,1,99.93,99.93,0.02,0.02
C12940,2,225.03,112.515,0.19,0.13
C09063,58,6355.41,109.57603448275862,0.67,0.1403448275862069
C09338,15,4112.32,274.1546666666666,0.23,0.10866666666666668
C06389,9,1252.99,139.2211111111111,0.21,0.12555555555555553
C00539,5,482.04,96.408,0.52,0.192
C08348,124,24803.75,200.03024193548387,0.91,0.21879032258064515
C01131,28,3650.82,130.38642857142858,0.44,0.15928571428571428
C11879,20,3173.12,158.656,0.29,0.10800000000000001
C08239,9,396.87,44.096666666666664,0.29,0.10666666666666666
C10444,6,388.77,64.795,0.07,0.04833333333333334
C03755,28,2500.04,89.28714285714285,0.24,0.11928571428571429
C01585,2,735.0,367.5,0.22,0.21000000000000002
C08361,17,2062.85,121.34411764705882,0.29,0.09705882352941175
C02993,2,150.1,75.05,0.22,0.185
C07464,11,1689.95,153.63181818181818,0.61,0.24818181818181817
C00164,15,1677.09,111.806,0.32,0.12000000000000001
C09830,6,571.69,95.28166666666668,0.15,0.09333333333333334
C00019,15,1200.62,80.04133333333333,0.86,0.18333333333333332
C00716,18,1163.73,64.65166666666667,0.28,0.11499999999999999
C10734,21,1581.97,75.33190476190477,0.75,0.1380952380952381
C13398,24,1887.83,78.65958333333333,0.4,0.14916666666666667
C05822,37,5543.5199999999995,149.82486486486485,0.85,0.18864864864864866
C02840,10,491.29999999999995,49.129999999999995,0.33,0.128
C06247,45,1807.42,40.16488888888889,0.64,0.15644444444444444
C11221,24,1951.43,81.30958333333334,0.31,0.11958333333333333
C09297,43,4708.8099999999995,109.50720930232556,0.75,0.14651162790697675
C12139,4,285.76,71.44,0.38,0.1475
C08323,2,108.84,54.42,0.23,0.18
C13255,2,225.02,112.51,0.64,0.36
C01358,5,209.81,41.962,0.27,0.134
C10321,1,200.05,200.05,0.15,0.15
C12034,15,1217.38,81.15866666666668,0.31,0.09266666666666666
C08782,21,1751.63,83.41095238095238,0.5,0.12904761904761905
C02919,7,1419.72,202.81714285714287,0.55,0.17857142857142858
C06876,1,50.03,50.03,0.07,0.07
C09822,5,1555.0900000000001,311.01800000000003,0.23,0.10600000000000001
C04033,102,4404.55,43.181862745098044,0.89,0.2076470588235294
C05734,9,413.65,45.96111111111111,0.1,0.07333333333333333
C11341,3,128.94,42.98,0.22,0.1366666666666667
C00135,49,5758.32,117.51673469387754,0.42,0.1259183673469388
C10644,79,5382.42,68.13189873417721,0.91,0.1610126582278481
C02209,4,220.44,55.11,0.22,0.1625
C02343,1,54.43,54.43,0.04,0.04
C13262,3,282.51,94.17,0.16,0.1366666666666667
C11157,5,311.65,62.33,0.25,0.146
C13244,2,1615.01,807.505,0.07,0.07
C05369,25,2261.4,90.456,0.4,0.1268
C00244,25,4170.03,166.8012,0.49,0.152
C00857,6,897.91,149.65166666666667,0.16,0.125
C09924,11,4613.46,419.4054545454546,0.33,0.13727272727272727
C09514,10,286.08,28.607999999999997,0.52,0.156
C03914,1,149.91,149.91,0.24,0.24
C01890,87,6288.68,72.28367816091955,0.76,0.17080459770114942
C05439,4,144.57,36.1425,0.63,0.23
C13370,24,1425.99,59.41625,0.83,0.16916666666666666
C06465,2,82.85,41.425,0.2,0.10500000000000001
C06244,3,240.09,80.03,0.23,0.14666666666666667
C08152,4,518.03,129.5075,0.26,0.12250000000000001
C10149,90,8265.41,91.83788888888888,0.94,0.2653333333333333
C04343,3,397.97,132.65666666666667,0.32,0.13999999999999999
C13272,38,3257.1,85.71315789473684,0.41,0.13605263157894737
C13315,16,1569.81,98.113125,0.7,0.18
C00538,4,302.21000000000004,75.55250000000001,0.18,0.105
C05684,28,7071.47,252.5525,0.63,0.1842857142857143
C00008,53,4472.51,84.38698113207548,0.81,0.13962264150943396
C12243,3,1171.9,390.6333333333334,0.14,0.06666666666666667
C11940,104,6240.5,60.00480769230769,0.87,0.14615384615384613
C12150,51,10374.8,203.42745098039214,0.74,0.24176470588235294
C11617,40,4750.46,118.7615,0.8,0.16775
C04601,7,449.3,64.18571428571428,0.7,0.22428571428571428
C10183,1,108.92,108.92,0.11,0.11
C08343,2,23.84,11.92,0.39,0.2
C10840,7,1100.07,157.15285714285713,0.68,0.31428571428571433
C01801,23,7677.46,333.80260869565217,0.83,0.2708695652173913
C10781,8,788.51,98.56375,0.46,0.15125
C01352,41,5599.77,136.579756097561,0.54,0.19219512195121952
C06922,4,550.21,137.5525,0.59,0.2975
C12348,5,650.0799999999999,130.016,0.33,0.162
C04131,2,376.55,188.275,0.28,0.165
C09259,13,1824.63,140.35615384615386,0.82,0.3584615384615385
C02068,16,1382.75,86.421875,0.3,0.1325
C12632,24,3060.79,127.53291666666667,0.26,0.09666666666666668
C05624,9,1425.94,158.4377777777778,0.8,0.4311111111111111
C05331,2,136.95,68.475,0.38,0.195
C09674,6,355.53000000000003,59.255,0.5,0.29
C05351,23,2571.64,111.8104347826087,0.6,0.17217391304347826
C01241,24,2498.32,104.09666666666668,0.32,0.10375000000000001
C01689,39,909.84,23.32923076923077,0.41,0.14128205128205126
C11148,1,29.93,29.93,0.82,0.82
C02218,4,1772.14,443.035,0.33,0.1575
C06070,8,1749.36,218.67,0.63,0.21875
C09179,25,3631.2,145.248,0.37,0.1292
C01709,8,1172.63,146.57875,0.25,0.0925
C06368,16,803.36,50.21,0.27,0.108125
C01059,8,2349.9,293.7375,0.71,0.2375
C05026,1,49.95,49.95,0.09,0.09
C06309,2,242.0,121.0,0.1,0.08
C13182,5,132.3,26.46,0.3,0.182
C10177,7,2402.19,343.17,0.43,0.15857142857142859
C09399,1,34.5,34.5,0.13,0.13
C11386,1,553.93,553.93,0.01,0.01
C00800,20,1529.46,76.473,0.54,0.1605
C04866,36,5970.96,165.86,0.5,0.15166666666666667
C05621,13,1070.32,82.3323076923077,0.32,0.11923076923076924
C04668,48,7155.09,149.064375,0.81,0.14270833333333335
C03661,4,1779.06,444.765,0.15,0.095
C13057,11,1285.25,116.8409090909091,0.25,0.12181818181818183
C05355,11,1612.93,146.63,0.3,0.1290909090909091
C07703,70,5990.01,85.57157142857143,0.82,0.148
C10168,9,1207.72,134.19111111111113,0.28,0.17333333333333334
C00436,12,3525.12,293.76,0.83,0.30583333333333335
C08371,3,84.92,28.30666666666667,0.06,0.03
C12458,9,1560.41,173.3788888888889,0.34,0.12888888888888891
C05048,5,583.92,116.78399999999999,0.3,0.16999999999999998
C04852,23,1679.57,73.02478260869565,0.32,0.1508695652173913
C02353,12,1087.3799999999999,90.615,0.5,0.15666666666666665
C10871,13,1700.21,130.78538461538463,0.93,0.3569230769230769
C04952,4,324.83,81.2075,0.17,0.10500000000000001
C08159,3,142.97,47.656666666666666,0.14,0.07
C05790,2,400.02,200.01,0.76,0.385
C00451,45,10398.38,231.07511111111108,0.81,0.22088888888888888
C08389,1,150.02,150.02,0.21,0.21
C07561,12,2255.2,187.9333333333333,0.8,0.4183333333333334
C09533,40,7776.82,194.4205,0.95,0.24975
C10402,2,250.17000000000002,125.08500000000001,0.58,0.52
C09203,1,68.93,68.93,0.01,0.01
C02111,8,3227.35,403.41875,0.49,0.185
C09537,2,229.92000000000002,114.96000000000001,0.2,0.10500000000000001
C00330,6,1124.78,187.46333333333334,0.45,0.165
C09352,4,847.8699999999999,211.96749999999997,0.31,0.155
C04681,17,8443.199999999999,496.6588235294117,0.48,0.1652941176470588
C04300,68,9965.67,146.5539705882353,0.39,0.13161764705882353
C09448,3,104.12,34.70666666666667,0.35,0.15666666666666665
C00951,6,358.65,59.775,0.48,0.15666666666666665
C11246,34,5377.38,158.15823529411765,0.81,0.11823529411764708
C02772,15,2798.56,186.57066666666665,0.43,0.15533333333333335
C00337,12,1580.75,131.72916666666666,0.5,0.19999999999999998
C11746,1,100.02,100.02,0.09,0.09
C01264,5,442.12,88.424,0.37,0.16999999999999998
C13241,37,6066.16,163.95027027027027,0.92,0.16108108108108107
C02049,21,1958.59,93.26619047619047,0.32,0.13142857142857142
C00196,2,30.65,15.325,0.23,0.22
C12731,9,1411.69,156.85444444444445,0.16,0.08555555555555555
C08994,28,5774.45,206.23035714285714,0.88,0.3003571428571429
C03817,12,4209.77,350.8141666666667,0.28,0.1075
C00685,8,1802.54,225.3175,0.14,0.07
C02168,9,6837.97,759.7744444444445,0.85,0.3444444444444444
C03421,1,508.03,508.03,0.06,0.06
C10291,1,49.98,49.98,0.01,0.01
C12161,15,1187.3799999999999,79.15866666666666,0.65,0.18066666666666667
C03242,12,2007.9300000000003,167.32750000000001,0.35,0.17833333333333334
C05302,31,3583.33,115.59129032258065,0.82,0.27419354838709675
C10804,12,3546.2499999999995,295.5208333333333,0.28,0.10916666666666668
C07105,33,3477.97,105.3930303030303,0.59,0.12333333333333334
C02529,7,5506.280000000001,786.6114285714286,0.55,0.19285714285714287
C05491,6,1824.73,304.12166666666667,0.71,0.17
C10639,11,435.95,39.63181818181818,0.84,0.45545454545454545
C05326,4,331.94,82.985,0.53,0.2925
C12568,49,2985.34,60.92530612244898,0.82,0.1879591836734694
C07575,18,1262.01,70.11166666666666,0.38,0.15055555555555555
C04557,5,525.04,105.008,0.52,0.31799999999999995
C02595,61,12768.39,209.31786885245901,0.56,0.13639344262295083
C07495,15,873.45,58.230000000000004,0.35,0.09733333333333333
C13178,5,662.55,132.51,0.23,0.128
C11364,3,268.87,89.62333333333333,0.37,0.2333333333333333
C13161,2,99.98,49.99,0.8,0.405
C04923,10,883.09,88.309,0.32,0.138
C00186,12,1658.8600000000001,138.23833333333334,0.28,0.12
C02773,2,349.87,174.935,0.01,0.01
C07879,20,10373.43,518.6715,0.85,0.2595
C02223,15,2388.94,159.26266666666666,0.43,0.13
C00662,3,239.01999999999998,79.67333333333333,0.16,0.10666666666666667
C12858,14,460.72,32.90857142857143,0.31,0.13142857142857142
C03686,25,4401.85,176.074,0.38,0.1364
C09681,14,2774.6,198.18571428571428,0.86,0.3514285714285714
C04102,2,850.08,425.04,0.11,0.075
C06700,1,100.04,100.04,0.32,0.32
C04753,1,48.62,48.62,0.33,0.33
C01630,1,599.99,599.99,0.02,0.02
C05480,1,24.92,24.92,0.06,0.06
C00703,1,24.03,24.03,0.15,0.15
C10918,5,746.02,149.204,0.76,0.186
C06912,28,4979.9400000000005,177.85500000000002,0.66,0.16
C00097,5,615.12,123.024,0.7,0.306
C06710,27,2793.37,103.45814814814814,0.32,0.12962962962962962
C05953,1,500.03,500.03,0.16,0.16
C00912,11,3175.01,288.6372727272728,0.85,0.2981818181818182
C02400,20,3545.35,177.26749999999998,0.78,0.211
C06027,12,1346.75,112.22916666666667,0.33,0.11416666666666668
C06509,17,1913.59,112.56411764705882,0.39,0.1376470588235294
C07577,16,1786.68,111.6675,0.41,0.113125
C12460,14,1590.06,113.57571428571428,0.75,0.20214285714285715
C03154,2,276.04,138.02,0.05,0.04
C10811,39,3178.67,81.50435897435898,0.74,0.15153846153846154
C07880,9,2647.36,294.1511111111111,0.46,0.17777777777777778
C02205,19,2798.7400000000002,147.3021052631579,0.4,0.14105263157894737
C11356,3,449.76,149.92,0.19,0.10333333333333333
C00528,20,4510.26,225.513,0.49,0.15
C06384,1,99.92,99.92,0.17,0.17
C08492,7,6368.429999999999,909.7757142857142,0.17,0.10571428571428572
C01128,41,5185.82,126.48341463414633,0.88,0.16999999999999998
C07544,5,1249.9099999999999,249.98199999999997,0.34,0.238
C02511,9,1094.26,121.58444444444444,0.38,0.12222222222222223
C02248,1,42.11,42.11,0.01,0.01
C08668,3,434.40999999999997,144.8033333333333,0.3,0.18666666666666668
C06179,2,233.91,116.955,0.25,0.175
C02894,2,175.03,87.515,0.19,0.125
C00623,2,88.07,44.035,0.31,0.21
C05902,28,6925.91,247.35392857142855,0.85,0.1682142857142857
C00640,12,2250.21,187.5175,0.78,0.3416666666666666
C13321,3,150.95,50.31666666666666,0.76,0.35333333333333333
C07329,3,586.02,195.34,0.17,0.11
C09957,5,379.67,75.934,0.2,0.134
C04915,3,467.54999999999995,155.85,0.62,0.33
C00352,10,2227.94,222.794,0.29,0.11199999999999999
C06227,10,745.35,74.535,0.32,0.135
C08882,2,150.54000000000002,75.27000000000001,0.66,0.375
C11512,8,949.75,118.71875,0.42,0.16999999999999998
C11695,4,687.86,171.965,0.3,0.1625
C11731,1,30.24,30.24,0.08,0.08
C00776,15,3087.2799999999997,205.81866666666664,0.3,0.11800000000000001
C11369,1,146.05,146.05,0.09,0.09
C10072,6,606.31,101.05166666666666,0.85,0.2683333333333333
C07631,3,333.89,111.29666666666667,0.15,0.09000000000000001
C03478,35,2924.73,83.56371428571428,0.32,0.134
C01730,33,7515.49,227.74212121212122,0.88,0.2736363636363636
C05466,4,465.51,116.3775,0.67,0.2675
C00236,10,3100.07,310.007,0.69,0.24
C09081,53,5615.98,105.96188679245282,0.54,0.13169811320754718
C08286,3,164.20999999999998,54.73666666666666,0.03,0.02
C02682,48,7836.12,163.2525,0.42,0.11020833333333334
C02985,2,94.44,47.22,0.17,0.135
C06786,2,299.97,149.985,0.18,0.09999999999999999
C00288,25,4107.45,164.298,0.7,0.236
C00570,2,583.4100000000001,291.70500000000004,0.07,0.04
C00769,31,4790.58,154.53483870967742,0.43,0.16709677419354838
C01438,3,550.06,183.35333333333332,0.32,0.20666666666666667
C02791,3,549.84,183.28,0.22,0.10666666666666667
C03937,9,3216.2,357.35555555555555,0.43,0.15000000000000002
C11850,4,608.89,152.2225,0.26,0.165
C03636,7,1659.8899999999999,237.12714285714284,0.3,0.19857142857142857
C11352,21,821.12,39.10095238095238,0.87,0.3138095238095238
C10278,22,3770.05,171.3659090909091,0.6,0.13272727272727272
C00620,8,1538.01,192.25125,0.71,0.27125
C05390,5,1499.8600000000001,299.97200000000004,0.72,0.346
C12871,3,111.91,37.303333333333335,0.07,0.04
C06531,5,682.11,136.422,0.2,0.136
C03516,10,1487.61,148.761,0.62,0.176
C08302,2,174.93,87.465,0.91,0.575
C11098,53,4120.1900000000005,77.73943396226416,0.4,0.11754716981132077
C05176,15,5765.14,384.3426666666667,0.78,0.23533333333333334
C06043,5,1809.18,361.836,0.55,0.196
C01220,1,150.06,150.06,0.23,0.23
C01008,14,2653.6,189.54285714285714,0.37,0.1392857142857143
C11187,36,3038.76,84.41000000000001,0.95,0.1813888888888889
C10505,9,1429.49,158.8322222222222,0.28,0.08000000000000002
C08997,7,1400.1100000000001,200.0157142857143,0.81,0.3228571428571429
C12930,17,2924.8,172.04705882352943,0.82,0.35117647058823526
C08436,3,139.35,46.449999999999996,0.09,0.07333333333333333
C02192,5,995.9799999999999,199.19599999999997,0.33,0.10600000000000001
C06901,26,4141.53,159.2896153846154,0.34,0.1396153846153846
C04454,3,69.97,23.323333333333334,0.17,0.12333333333333334
C10648,15,1014.25,67.61666666666666,0.35,0.132
C06601,4,330.97,82.7425,0.07,0.037500000000000006
C12343,31,2441.56,78.76,0.54,0.1406451612903226
C09082,1,139.0,139.0,0.22,0.22
C09735,101,14056.380000000001,139.1720792079208,0.96,0.3510891089108911
C12922,20,3895.16,194.75799999999998,0.27,0.0925
C03340,9,1990.65,221.18333333333334,0.4,0.11555555555555556
C11622,14,1910.47,136.46214285714285,0.44,0.15357142857142855
C12536,5,564.89,112.978,0.39,0.202
C01763,11,688.9,62.627272727272725,0.31,0.1527272727272727
C05641,1,29.95,29.95,0.08,0.08
C08965,12,949.51,79.12583333333333,0.96,0.45166666666666666
C12637,30,2818.74,93.958,0.38,0.13133333333333333
C04873,17,4560.27,268.25117647058823,0.95,0.37588235294117645
C05368,2,600.0799999999999,300.03999999999996,0.6,0.33499999999999996
C06413,5,1069.84,213.968,0.74,0.352
C05618,11,681.7,61.972727272727276,0.35,0.11818181818181818
C09811,6,725.5699999999999,120.92833333333333,0.29,0.12333333333333334
C08624,15,750.98,50.065333333333335,0.41,0.15933333333333335
C04929,38,4680.74,123.17736842105262,0.77,0.14473684210526316
C04925,3,284.1,94.7,0.39,0.20333333333333334
C05561,37,5810.25,157.03378378378378,0.8,0.3216216216216216
C03939,1,352.97,352.97,0.22,0.22
C10890,65,4905.03,75.46199999999999,0.93,0.19892307692307692
C01877,12,1976.15,164.67916666666667,0.2,0.09916666666666667
C03050,13,2649.92,203.84,0.55,0.19
C07298,2,250.04000000000002,125.02000000000001,0.85,0.575
C13318,5,1151.99,230.398,0.3,0.128
C04954,5,745.74,149.148,0.19,0.08399999999999999
C06548,2,1323.98,661.99,0.3,0.29000000000000004
C03148,26,2076.38,79.86076923076924,0.48,0.10692307692307693
C07924,11,1505.4,136.85454545454547,0.77,0.33545454545454545
C05146,59,5525.89,93.6591525423729,0.65,0.12016949152542372
C06079,21,2449.81,116.65761904761905,0.77,0.29428571428571426
C04381,7,625.98,89.42571428571429,0.13,0.08
C09673,14,1876.84,134.06,0.7,0.195
C11474,8,850.4000000000001,106.30000000000001,0.42,0.14125
C09660,12,1188.85,99.07083333333333,0.76,0.165
C00982,5,406.32,81.264,0.25,0.126
C04451,13,550.1899999999999,42.32230769230769,0.49,0.16615384615384615
C07414,2,53.94,26.97,0.12,0.11
C02358,15,1165.36,77.69066666666666,0.45,0.17600000000000002
C07020,2,174.95,87.475,0.11,0.08
C09304,3,300.11,100.03666666666668,0.13,0.10666666666666667
C03838,29,6350.16,218.97103448275863,0.79,0.243448275862069
C08263,2,362.97,181.485,0.16,0.09
C03612,5,635.14,127.02799999999999,0.41,0.21000000000000002
C00141,2,199.86,99.93,0.45,0.23500000000000001
C09693,10,1749.8,174.98,0.59,0.238
C12231,8,1164.14,145.5175,0.41,0.11374999999999999
C04547,5,825.08,165.01600000000002,0.28,0.132
C06777,2,365.0,182.5,0.11,0.075
C00853,15,4820.28,321.352,0.57,0.18933333333333333
C00112,8,1352.85,169.10625,0.32,0.09625
C06322,4,511.92,127.98,0.34,0.195
C11728,3,184.88,61.626666666666665,0.13,0.09000000000000001
C06183,27,5087.24,188.41629629629628,0.63,0.1748148148148148
C13317,12,1569.82,130.81833333333333,0.22,0.08333333333333333
C02859,2,1023.87,511.935,0.44,0.4
C12121,13,5294.72,407.28615384615387,0.39,0.12923076923076923
C04017,3,266.08,88.69333333333333,0.31,0.11
C08558,1,39.97,39.97,0.05,0.05
C11450,31,4765.23,153.71709677419352,0.31,0.12129032258064516
C08663,11,1399.86,127.25999999999999,0.27,0.11454545454545455
C05392,6,314.84,52.47333333333333,0.7,0.25499999999999995
C06591,1,159.88,159.88,0.22,0.22
C00859,24,4732.29,197.17875,0.75,0.23458333333333334
C08906,33,2228.06,67.5169696969697,0.45,0.14181818181818182
C03133,13,6284.91,483.45461538461535,0.35,0.1076923076923077
C09729,1,69.96,69.96,0.05,0.05
C13254,13,510.89,39.29923076923077,0.9,0.26
C01748,2,101.03,50.515,0.16,0.13
C07116,19,10954.96,576.5768421052632,0.83,0.27052631578947367
C09446,7,709.69,101.38428571428572,0.37,0.10571428571428572
C02786,8,816.86,102.1075,0.67,0.24125000000000002
C00519,84,8562.2,101.93095238095239,0.54,0.11023809523809523
C07410,6,221.98000000000002,36.99666666666667,0.24,0.155
C02844,2,250.15,125.075,0.54,0.35000000000000003
C01830,2,84.53999999999999,42.269999999999996,0.1,0.07500000000000001
C01797,7,875.04,125.00571428571428,0.84,0.17142857142857143
C03637,11,2439.91,221.80999999999997,0.25,0.14727272727272728
C11241,10,2717.93,271.793,0.28,0.145
C00681,39,8571.72,219.78769230769228,0.82,0.2776923076923077
C08464,3,1405.9,468.6333333333334,0.16,0.09333333333333334
C05596,6,3681.9600000000005,613.6600000000001,0.73,0.24666666666666667
C07012,3,265.81,88.60333333333334,0.22,0.10666666666666667
C12062,4,3074.7200000000003,768.6800000000001,0.41,0.1225
C12375,9,681.55,75.72777777777777,0.25,0.0811111111111111
C12346,36,2489.1,69.14166666666667,0.38,0.125
C06595,3,449.90999999999997,149.97,0.13,0.08666666666666667
C06923,67,14313.78,213.6385074626866,0.89,0.15059701492537314
C13464,17,1728.49,101.67588235294117,0.73,0.15882352941176472
C10468,4,3564.46,891.115,0.08,0.0625
C10148,10,1342.56,134.256,0.5,0.12
C04464,55,5852.68,106.41236363636364,0.41,0.1310909090909091
C09008,2,3644.98,1822.49,0.23,0.18
C03259,24,3612.55,150.52291666666667,0.74,0.16208333333333333
C01368,6,413.55,68.925,0.3,0.13666666666666666
C02440,58,7089.5599999999995,122.23379310344826,0.5,0.1303448275862069
C05844,10,1635.22,163.522,0.62,0.158
C05194,12,1482.01,123.50083333333333,0.27,0.12583333333333332
C08352,31,4000.62,129.05225806451614,0.61,0.12838709677419355
C10967,61,13259.54,217.3695081967213,0.69,0.14065573770491804
C05397,36,3873.4,107.59444444444445,0.54,0.12333333333333335
C01700,12,591.16,49.26333333333333,0.42,0.18166666666666667
C02819,2,238.5,119.25,0.07,0.045000000000000005
C06948,12,2749.9700000000003,229.1641666666667,0.95,0.3625
C09152,26,2117.55,81.44423076923077,0.35,0.15846153846153846
C12661,1,30.07,30.07,0.01,0.01
C00260,6,367.45,61.24166666666667,0.3,0.13833333333333334
C01947,15,2030.07,135.338,0.42,0.13666666666666666
C08121,9,799.95,88.88333333333334,0.21,0.08888888888888889
C10768,4,113.83,28.4575,0.13,0.0475
C02176,1,50.07,50.07,0.36,0.36
C08186,6,2824.0,470.6666666666667,0.89,0.27
C00639,6,439.99,73.33166666666666,0.38,0.24333333333333332
C07021,41,4366.16,106.49170731707316,0.27,0.13219512195121952
C12651,3,244.12,81.37333333333333,0.24,0.12
C01973,5,356.68,71.336,0.12,0.088
C09980,1,300.08,300.08,0.05,0.05
C04326,3,510.88,170.29333333333332,0.5,0.25666666666666665
C04740,9,731.07,81.23,0.15,0.07555555555555556
C09089,25,1097.92,43.9168,0.37,0.1148
C12737,5,253.99,50.798,0.2,0.094
C01162,82,11410.56,139.15317073170732,0.94,0.18682926829268293
C07374,28,1890.8,67.52857142857142,0.3,0.1325
C01392,16,2975.05,185.940625,0.93,0.375625
C13373,19,3856.14,202.95473684210526,0.73,0.17473684210526316
C10857,1,34.95,34.95,0.22,0.22
C06899,30,977.57,32.58566666666667,0.9,0.29266666666666663
C12083,33,3354.14,101.64060606060606,0.77,0.1387878787878788
C02614,16,5149.95,321.871875,0.45,0.140625
C11335,20,4509.46,225.473,0.44,0.1395
C13131,26,2188.33,84.16653846153847,0.35,0.11961538461538461
C03889,4,167.85,41.9625,0.56,0.2725
C05321,16,2328.5,145.53125,0.34,0.13375
C06621,2,673.81,336.905,0.16,0.095
C10317,27,1662.58,61.57703703703704,0.64,0.1425925925925926
C10493,10,852.92,85.292,0.35,0.155
C13371,51,3040.12,59.61019607843137,0.53,0.1484313725490196
C01186,5,386.91,77.382,0.24,0.11000000000000001
C11068,38,6700.9,176.3394736842105,0.31,0.135
C13437,6,853.9300000000001,142.3216666666667,0.32,0.17166666666666666
C00902,1,48.98,48.98,0.28,0.28
C12734,2,99.87,49.935,0.14,0.13
C04637,11,520.6899999999999,47.33545454545454,0.27,0.12545454545454546
C01066,22,2370.21,107.73681818181818,0.28,0.1040909090909091
C11185,20,1127.01,56.3505,0.65,0.11850000000000001
C05039,47,5835.21,124.15340425531915,0.97,0.3495744680851064
C10805,1,108.51,108.51,0.27,0.27
C10706,11,1411.27,128.2972727272727,0.3,0.09909090909090908
C01118,19,4137.34,217.75473684210527,0.7,0.13894736842105262
C09554,10,1443.13,144.31300000000002,0.95,0.475
C05936,2,145.85000000000002,72.92500000000001,0.26,0.165
C12125,10,2055.92,205.592,0.3,0.11099999999999999
C11984,3,450.04,150.01333333333335,0.18,0.13333333333333333
C10703,1,75.02,75.02,0.34,0.34
C08753,11,1486.39,135.12636363636364,0.52,0.19090909090909092
C01517,16,1386.03,86.626875,0.6,0.16125
C07584,5,499.94,99.988,0.14,0.07400000000000001
C01534,18,2053.62,114.08999999999999,0.88,0.15222222222222223
C11409,11,329.99,29.99909090909091,0.76,0.16636363636363638
C12240,13,623.64,47.972307692307695,0.31,0.13999999999999999
C07886,5,531.87,106.374,0.75,0.21000000000000002
C08080,13,1208.57,92.96692307692307,0.62,0.16692307692307692
C05723,7,1976.0900000000001,282.29857142857145,0.4,0.15
C01711,14,2016.26,144.01857142857142,0.29,0.145
C13428,7,514.8,73.54285714285713,0.16,0.11571428571428573
C03247,15,1076.11,71.74066666666666,0.53,0.17200000000000001
C06073,1,39.92,39.92,0.05,0.05
C08099,4,489.86,122.465,0.29,0.14500000000000002
C05342,4,479.95,119.9875,0.42,0.3275
C12280,1,24.96,24.96,0.54,0.54
C09057,3,480.85,160.28333333333333,0.11,0.09666666666666668
C12247,7,1454.3500000000001,207.76428571428573,0.61,0.17857142857142858
C03557,3,174.9,58.300000000000004,0.54,0.22
C04669,1,160.04,160.04,0.18,0.18
C00663,4,171.41,42.8525,0.39,0.16749999999999998
C02747,1,285.32,285.32,0.21,0.21
C03254,1,100.0,100.0,0.02,0.02
C05812,9,366.59000000000003,40.73222222222223,0.52,0.20555555555555557
C07637,2,98.37,49.185,0.26,0.135
C00974,5,1225.1200000000001,245.02400000000003,0.78,0.24
C09088,1,300.02,300.02,0.29,0.29
C12532,15,1921.17,128.078,0.81,0.328
C08751,4,599.8299999999999,149.95749999999998,0.07,0.030000000000000002
C00804,24,3165.03,131.87625,0.28,0.12666666666666668
C12824,16,1582.94,98.93375,0.55,0.11812500000000001
C02864,1,97.07,97.07,0.03,0.03
C11256,2,449.9,224.95,0.14,0.09000000000000001
C03803,86,17188.09,199.861511627907,0.68,0.14476744186046514
C07974,3,482.13,160.71,0.51,0.38000000000000006
C06820,1,58.92,58.92,0.2,0.2
C00901,8,926.51,115.81375,0.57,0.13374999999999998
C08726,4,524.53,131.1325,0.13,0.0625
C06122,5,690.08,138.01600000000002,0.31,0.13999999999999999
C04650,8,675.02,84.3775,0.9,0.3925
C07615,8,682.79,85.34875,0.85,0.36875
C13246,8,2236.58,279.5725,0.48,0.15375
C09804,121,9181.66,75.88148760330579,0.8,0.181900826446281
C01538,7,1502.5500000000002,214.65000000000003,0.69,0.25
C03638,2,182.95,91.475,0.07,0.045000000000000005
C02597,38,8631.66,227.14894736842106,0.55,0.145
C04258,70,25936.18,370.51685714285713,0.94,0.27585714285714286
C05975,2,358.04,179.02,0.27,0.18
C13526,1,59.04,59.04,0.03,0.03
C02547,12,770.76,64.23,0.38,0.14333333333333334
C04234,2,109.98,54.99,0.05,0.04
C00149,2,299.89,149.945,0.94,0.5449999999999999
C06935,19,2368.36,124.65052631578948,0.71,0.18947368421052632
C12581,13,1594.52,122.65538461538462,0.77,0.23076923076923078
C04359,15,1374.11,91.60733333333333,0.35,0.14333333333333334
C08687,7,1174.94,167.84857142857143,0.22,0.12428571428571429
C10009,21,2807.06,133.6695238095238,0.41,0.13523809523809524
C04980,1,150.05,150.05,0.02,0.02
C06266,5,488.90999999999997,97.782,0.1,0.068
C07009,3,650.76,216.92,0.06,0.03
C08268,8,451.34,56.4175,0.38,0.19375
C08795,2,109.00999999999999,54.504999999999995,0.28,0.14500000000000002
C13273,2,324.99,162.495,0.74,0.385
C02148,28,3754.21,134.07892857142858,0.41,0.16392857142857142
C11361,23,844.15,36.702173913043474,0.59,0.18695652173913044
C01924,10,3297.19,329.719,0.87,0.316
C10870,31,5172.13,166.84290322580645,0.47,0.13193548387096773
C03698,11,2156.67,196.0609090909091,0.36,0.14727272727272728
C09252,22,1141.55,51.88863636363636,0.33,0.12318181818181818
C09918,47,15400.539999999999,327.6710638297872,0.93,0.2797872340425532
C06300,23,3268.84,142.12347826086958,0.6,0.16869565217391305
C07895,3,265.91,88.63666666666667,0.07,0.03333333333333333
C08786,6,1456.02,242.67,0.33,0.135
C11201,21,5635.43,268.35380952380956,0.75,0.3057142857142857
C00417,1,50.01,50.01,0.02,0.02
C02339,24,9448.960000000001,393.7066666666667,0.29,0.13125
C00025,12,855.26,71.27166666666666,0.47,0.18083333333333332
C11529,33,7400.04,224.24363636363637,0.83,0.24151515151515154
C11585,3,260.95,86.98333333333333,0.05,0.04
C05825,56,8918.63,159.26125,0.47,0.12696428571428572
C02613,13,2203.87,169.52846153846153,0.77,0.18769230769230769
C12272,16,880.86,55.05375,0.64,0.17125
C06092,12,3064.94,255.41166666666666,0.67,0.19999999999999998
C06235,4,359.34,89.835,0.73,0.27249999999999996
C05125,15,1181.24,78.74933333333334,0.84,0.3873333333333333
C10590,2,125.03,62.515,0.18,0.155
C10642,2,113.03999999999999,56.519999999999996,0.18,0.11499999999999999
C09550,35,2977.14,85.06114285714285,0.32,0.11857142857142858
C09395,2,79.07000000000001,39.535000000000004,0.13,0.11
C07247,16,2674.63,167.164375,0.91,0.364375
C08342,1,199.92,199.92,0.1,0.1
C11224,32,8854.02,276.688125,0.88,0.17375000000000002
C06893,4,489.88,122.47,0.46,0.365
C02715,10,482.99,48.299,0.86,0.357
C03732,6,2628.04,438.00666666666666,0.23,0.11166666666666668
C11460,3,589.11,196.37,0.83,0.39666666666666667
C09578,23,2550.22,110.8791304347826,0.25,0.11652173913043479
C07537,2,233.96,116.98,0.07,0.045000000000000005
C10651,14,731.4,52.24285714285714,0.21,0.1
C09588,27,1339.66,49.61703703703704,0.92,0.19814814814814816
C00061,2,188.86,94.43,0.07,0.05500000000000001
C00837,3,317.98,105.99333333333334,0.32,0.18000000000000002
C11493,9,2165.83,240.64777777777778,0.21,0.08333333333333333
C02838,44,5516.89,125.38386363636364,0.43,0.12477272727272727
C11841,6,559.75,93.29166666666667,0.68,0.40166666666666667
C07934,3,649.89,216.63,0.79,0.5033333333333333
C03177,11,1481.44,134.67636363636365,0.29,0.13818181818181818
C13234,4,375.18,93.795,0.33,0.135
C02077,5,300.89,60.178,0.29,0.10600000000000001
C07492,1,150.03,150.03,0.02,0.02
C08145,18,4393.58,244.08777777777777,0.65,0.19499999999999998
C07578,4,625.14,156.285,0.56,0.28750000000000003
C12096,4,146.97,36.7425,0.1,0.065
C07081,1,160.52,160.52,0.02,0.02
C12665,2,259.04,129.52,0.06,0.05
C04502,1,400.08,400.08,0.18,0.18
C06390,1,209.95,209.95,0.27,0.27
C02423,10,2140.06,214.006,0.41,0.16699999999999998
C08177,9,3892.02,432.44666666666666,0.41,0.1411111111111111
C06257,264,4630.35,17.539204545454545,0.87,0.1318181818181818
C00150,8,1605.31,200.66375,0.63,0.26125
C10123,4,398.03999999999996,99.50999999999999,0.22,0.10500000000000001
C05360,14,2650.37,189.31214285714285,0.64,0.30428571428571427
C03360,8,513.27,64.15875,0.66,0.3075
C12692,1,137.42,137.42,0.16,0.16
C10179,1,50.02,50.02,0.06,0.06
C01578,13,1975.05,151.92692307692306,0.86,0.25230769230769234
C01999,46,9266.19,201.43891304347827,0.48,0.15347826086956523
C11821,2,29.55,14.775,0.13,0.10500000000000001
C12488,2,106.86,53.43,0.22,0.20500000000000002
C06731,11,376.94,34.267272727272726,0.69,0.22818181818181815
C00692,11,2824.8,256.8,0.6,0.20727272727272725
C02510,2,109.06,54.53,0.36,0.19999999999999998
C09188,5,2146.0699999999997,429.21399999999994,0.22,0.08199999999999999
C13298,5,599.81,119.96199999999999,0.58,0.202
C02454,8,1352.5,169.0625,0.37,0.16749999999999998
C11270,15,1473.3899999999999,98.22599999999998,0.36,0.098
C09647,4,610.51,152.6275,0.25,0.12
C04999,2,449.97,224.985,0.44,0.305
C02681,43,6140.87,142.81093023255815,0.79,0.1544186046511628
C02434,1,48.7,48.7,0.26,0.26
C11830,1,225.93,225.93,0.29,0.29
C10245,31,5399.5,174.17741935483872,0.88,0.1606451612903226
C09785,2,250.04000000000002,125.02000000000001,0.14,0.095
C10777,40,5389.69,134.74224999999998,0.51,0.14550000000000002
C03668,15,3274.71,218.314,0.75,0.24266666666666667
C05514,27,2568.67,95.13592592592593,0.32,0.12444444444444445
C01791,1,49.06,49.06,0.08,0.08
C08368,3,307.09,102.36333333333333,0.22,0.09999999999999999
C11698,5,394.86,78.97200000000001,0.31,0.192
C08086,1,100.09,100.09,0.04,0.04
C01161,24,2432.4500000000003,101.35208333333334,0.34,0.105
C11683,1,249.96,249.96,0.09,0.09
C00304,1,398.89,398.89,0.25,0.25
C09767,3,300.0,100.0,0.25,0.14333333333333334
C11482,31,8625.369999999999,278.2377419354838,0.47,0.13161290322580646
C00805,21,4399.9,209.5190476190476,0.82,0.24428571428571427
C00212,4,830.98,207.745,0.24,0.175
C10550,1,99.94,99.94,0.11,0.11
C05942,37,1175.32,31.765405405405403,0.76,0.16837837837837838
C06471,1,49.98,49.98,0.11,0.11
C12510,9,2607.7000000000003,289.74444444444447,0.12,0.044444444444444446
C02725,9,1191.79,132.42111111111112,0.3,0.17
C05676,3,117.88,39.29333333333333,0.15,0.10999999999999999
C00587,7,2922.16,417.45142857142855,0.76,0.17857142857142858
C01072,4,368.88,92.22,0.36,0.1675
C03169,19,7666.91,403.5215789473684,0.59,0.13473684210526315
C07829,13,1043.31,80.25461538461538,0.17,0.08230769230769232
C13056,26,6568.25,252.625,0.74,0.12115384615384615
C12853,7,675.09,96.44142857142857,0.81,0.3514285714285714
C09222,8,1759.49,219.93625,0.23,0.095
C03356,3,148.99,49.663333333333334,0.1,0.06
C06597,14,3051.72,217.98,0.58,0.21357142857142858
C09059,9,2931.79,325.75444444444446,0.68,0.23777777777777778
C00785,14,1025.85,73.27499999999999,0.44,0.20714285714285713
C09295,5,1332.12,266.424,0.26,0.10800000000000001
C01780,12,1325.1299999999999,110.4275,0.66,0.20666666666666667
C11385,53,7380.85,139.261320754717,0.9,0.25528301886792454
C06928,36,3013.11,83.6975,0.52,0.13944444444444445
C09862,14,1314.38,93.88428571428572,0.41,0.15
C00048,1,22.07,22.07,0.51,0.51
C02639,58,2165.89,37.34293103448276,0.56,0.1427586206896552
C09112,3,299.96,99.98666666666666,0.3,0.15
C04224,11,969.95,88.17727272727274,0.77,0.2645454545454546
C08452,5,2066.29,413.258,0.89,0.398
C01077,12,1217.84,101.48666666666666,0.28,0.13833333333333334
C00161,5,649.99,129.998,0.58,0.16399999999999998
C08980,29,8215.14,283.2806896551724,0.9,0.14689655172413793
C13109,11,4474.87,406.80636363636364,0.57,0.2081818181818182
C10152,10,994.45,99.44500000000001,0.46,0.14
C09941,12,1881.1100000000001,156.7591666666667,0.24,0.09500000000000001
C08203,8,744.7099999999999,93.08874999999999,0.32,0.10500000000000001
C03319,1,149.97,149.97,0.13,0.13
C11567,1,150.09,150.09,0.11,0.11
C06460,46,9533.65,207.2532608695652,0.67,0.1282608695652174
C06453,4,275.12,68.78,0.6,0.355
C03366,15,640.88,42.72533333333333,0.42,0.16066666666666668
C10788,2,543.93,271.965,0.07,0.04
C07874,2,50.07,25.035,0.15,0.08
C02334,18,3000.05,166.66944444444445,0.79,0.4
C01515,7,1100.21,157.17285714285714,0.2,0.055714285714285716
C08315,14,1824.9399999999998,130.35285714285712,0.81,0.18357142857142858
C06349,4,1000.14,250.035,0.21,0.095
C08766,14,2599.65,185.68928571428572,0.8,0.3614285714285715
C05647,9,1301.13,144.57000000000002,0.55,0.2255555555555556
C13416,15,680.56,45.370666666666665,0.46,0.15866666666666665
C01335,11,239.67000000000002,21.78818181818182,0.69,0.2545454545454545
C01375,3,120.89,40.29666666666667,0.27,0.13
C11920,16,1876.9099999999999,117.30687499999999,0.39,0.148125
C00264,4,475.08,118.77,0.73,0.395
C01582,3,748.99,249.66333333333333,0.67,0.3233333333333333
C00932,5,2073.01,414.60200000000003,0.46,0.166
C09359,54,2454.15,45.44722222222222,0.91,0.17500000000000002
C01712,6,185.76,30.959999999999997,0.36,0.12833333333333333
C00266,22,1833.01,83.31863636363636,0.4,0.09727272727272727
C13094,3,131.54999999999998,43.849999999999994,0.41,0.21999999999999997
C12723,12,5150.389999999999,429.1991666666666,0.37,0.16416666666666666
C10779,17,2694.39,158.4935294117647,0.27,0.12058823529411763
C11458,47,12925.36,275.0076595744681,0.81,0.15042553191489363
C03374,66,19348.42,293.15787878787876,0.73,0.15954545454545455
C06042,6,542.73,90.455,0.08,0.03833333333333334
C06361,4,500.12,125.03,0.72,0.24000000000000002
C03877,5,389.75,77.95,0.23,0.122
C09002,2,125.00999999999999,62.504999999999995,0.05,0.030000000000000002
C03460,17,6219.47,365.85117647058826,0.19,0.0888235294117647
C09513,28,3690.49,131.8032142857143,0.44,0.17035714285714285
C12958,9,411.03999999999996,45.67111111111111,0.31,0.11444444444444445
C02032,3,224.81,74.93666666666667,0.2,0.11666666666666665
C03210,40,10260.880000000001,256.52200000000005,0.76,0.1745
C07859,3,154.09,51.36333333333334,0.26,0.11333333333333334
C03864,53,3328.5,62.801886792452834,0.43,0.1458490566037736
C06824,20,1333.11,66.65549999999999,0.43,0.125
C04967,13,2460.79,189.29153846153847,0.34,0.16384615384615384
C12317,4,330.44,82.61,0.23,0.0775
C10242,3,101.07000000000001,33.690000000000005,0.12,0.06
C08674,37,5707.99,154.26999999999998,0.38,0.13567567567567568
C06174,1,299.99,299.99,0.01,0.01
C06524,1,99.91,99.91,0.21,0.21
C07842,8,1220.33,152.54125,0.68,0.2275
C10660,7,115.72,16.53142857142857,0.55,0.16142857142857142
C08837,7,197.06,28.15142857142857,0.33,0.1742857142857143
C12605,3,360.09,120.02999999999999,0.13,0.05000000000000001
C08125,1,47.9,47.9,0.11,0.11
C12846,6,1249.93,208.3216666666667,0.6,0.2333333333333333
C12780,25,2264.04,90.5616,0.47,0.13119999999999998
C13098,2,200.14999999999998,100.07499999999999,0.29,0.155
C01176,7,772.39,110.34142857142857,0.32,0.1442857142857143
C03156,9,835.71,92.85666666666667,0.36,0.17
C08680,5,365.5,73.1,0.3,0.118
C02523,3,672.87,224.29,0.41,0.21333333333333335
C02164,6,657.37,109.56166666666667,0.25,0.09999999999999999
C00765,18,1832.16,101.78666666666668,0.4,0.13111111111111112
C11121,7,359.2,51.31428571428571,0.46,0.1657142857142857
C04747,21,4463.38,212.54190476190476,0.36,0.16714285714285715
C11912,7,589.88,84.26857142857143,0.7,0.3028571428571429
C05460,3,387.01,129.00333333333333,0.23,0.1366666666666667
C10705,29,2197.81,75.78655172413792,0.37,0.12448275862068965
C00654,1,149.91,149.91,0.13,0.13
C00633,3,765.8499999999999,255.2833333333333,0.1,0.043333333333333335
C07104,19,1651.25,86.90789473684211,0.78,0.19526315789473683
C10572,6,1971.8,328.6333333333333,0.56,0.17
C03012,3,258.41999999999996,86.13999999999999,0.29,0.25
C06319,1,59.02,59.02,0.07,0.07
C00350,6,529.73,88.28833333333334,0.1,0.043333333333333335
C05267,32,6116.68,191.14625,0.71,0.163125
C13251,15,1814.22,120.94800000000001,0.29,0.13266666666666665
C06932,7,2258.43,322.6328571428571,0.37,0.16142857142857142
C08430,2,569.96,284.98,0.27,0.18
C06696,1,48.91,48.91,0.25,0.25
C13514,4,303.9,75.975,0.77,0.3
C03465,6,465.09000000000003,77.515,0.81,0.3983333333333334
C12903,2,319.96,159.98,0.25,0.18
C13228,1,100.08,100.08,0.77,0.77
C08055,14,1876.46,134.03285714285715,0.38,0.12357142857142857
C06363,3,450.09000000000003,150.03,0.33,0.15
C07696,6,1025.8799999999999,170.98,0.18,0.085
C12562,7,1125.11,160.73,0.65,0.2342857142857143
C05645,48,7194.6,149.88750000000002,0.87,0.15708333333333332
C08811,2,271.03000000000003,135.51500000000001,0.1,0.07
C08832,3,228.19,76.06333333333333,0.06,0.02666666666666667
C06568,3,411.63,137.21,0.75,0.2866666666666667
C04758,55,4523.72,82.24945454545455,0.34,0.1009090909090909
C01674,2,113.35,56.675,0.17,0.16
C12170,14,1477.73,105.55214285714285,0.36,0.17214285714285715
C01411,4,2593.4,648.35,0.27,0.1225
C01266,5,621.9200000000001,124.38400000000001,0.35,0.15
C06724,3,1256.43,418.81,0.76,0.45999999999999996
C01210,5,311.78000000000003,62.35600000000001,0.32,0.124
C02970,56,6026.76,107.62071428571429,0.48,0.14625
C07411,31,4099.92,132.25548387096774,0.4,0.15483870967741936
C11733,15,1226.32,81.75466666666667,0.69,0.186
C08473,2,300.0,150.0,0.43,0.295
C05678,40,1551.68,38.792,0.87,0.23500000000000001
C13134,10,1150.03,115.003,0.28,0.14100000000000001
C11816,1,99.95,99.95,0.14,0.14
C01065,5,909.81,181.962,0.61,0.24
C02632,15,1509.59,100.63933333333333,0.35,0.12866666666666668
C03898,24,2331.2,97.13333333333333,0.81,0.21625000000000003
C04673,3,469.40999999999997,156.47,0.14,0.10666666666666667
C03808,7,382.87,54.69571428571429,0.13,0.07142857142857142
C12123,12,916.15,76.34583333333333,0.39,0.13083333333333333
C04818,33,4418.75,133.90151515151516,0.25,0.09212121212121212
C01000,2,200.0,100.0,0.61,0.38
C00252,1,49.96,49.96,0.03,0.03
C01465,62,6608.49,106.58854838709676,0.61,0.14193548387096774
C05028,8,1609.94,201.2425,0.2,0.1225
C08110,21,2455.31,116.91952380952381,0.39,0.1519047619047619
C03826,2,110.06,55.03,0.27,0.165
C01208,23,4556.49,198.1082608695652,0.25,0.0973913043478261
C09709,18,1351.74,75.09666666666666,0.44,0.15166666666666667
C02618,45,2046.29,45.47311111111111,0.82,0.2171111111111111
C11980,28,3397.45,121.33749999999999,0.69,0.15035714285714286
C10842,32,3212.5299999999997,100.39156249999999,0.34,0.1240625
C10097,5,693.68,138.736,0.34,0.138
C10938,4,258.92,64.73,0.87,0.455
C08104,6,2854.3,475.7166666666667,0.16,0.10833333333333334
C11344,3,299.79,99.93,0.26,0.11
C02108,1,49.92,49.92,0.06,0.06
C06439,2,203.86,101.93,0.36,0.19999999999999998
C11472,7,750.13,107.16142857142857,0.89,0.18714285714285714
C08146,1,107.87,107.87,0.01,0.01
C07524,14,3334.62,238.18714285714285,0.52,0.1285714285714286
C10829,26,3583.4,137.82307692307694,0.64,0.15076923076923077
C05168,1,75.04,75.04,0.13,0.13
C08031,9,4487.54,498.61555555555555,0.18,0.12555555555555556
C01428,8,547.98,68.4975,0.29,0.14
C01568,1,99.93,99.93,0.37,0.37
C03063,3,888.05,296.01666666666665,0.56,0.24666666666666667
C09095,3,397.86,132.62,0.13,0.07666666666666667
C00286,18,2021.42,112.30111111111111,0.36,0.15888888888888889
C12658,18,4730.4,262.79999999999995,0.8,0.3388888888888889
C05485,17,2721.76,160.10352941176473,0.78,0.16588235294117645
C01624,3,177.09,59.03,0.25,0.15
C12830,24,2950.29,122.92875,0.38,0.115
C03015,36,5080.33,141.12027777777777,0.34,0.14055555555555557
C11870,7,575.14,82.16285714285713,0.27,0.08285714285714287
C01857,17,2527.46,148.67411764705884,0.36,0.16058823529411764
C10948,3,334.13,111.37666666666667,0.81,0.32
C05384,1,24.91,24.91,0.07,0.07
C12350,2,130.0,65.0,0.41,0.22499999999999998
C07564,29,4833.85,166.6844827586207,0.61,0.11655172413793104
C03974,21,4059.0099999999998,193.28619047619046,0.34,0.11380952380952382
C04599,4,400.04999999999995,100.01249999999999,0.24,0.1175
C08341,37,2390.61,64.61108108108108,0.72,0.1445945945945946
C08402,29,2950.39,101.73758620689655,0.47,0.13724137931034483
C07169,4,674.75,168.6875,0.57,0.2875
C06545,15,820.0699999999999,54.67133333333333,0.24,0.11
C12809,14,519.83,37.13071428571429,0.73,0.24142857142857146
C02468,1,600.03,600.03,0.02,0.02
C10798,12,2319.45,193.2875,0.33,0.15583333333333332
C10834,3,250.20999999999998,83.40333333333332,0.19,0.14666666666666667
C06741,3,78.03,26.01,0.36,0.18333333333333335
C08851,9,447.55,49.72777777777778,0.27,0.08333333333333333
C03398,9,567.49,63.05444444444444,0.32,0.1322222222222222
C07604,24,1785.96,74.415,0.6,0.1779166666666667
C13105,18,5687.92,315.99555555555554,0.25,0.10555555555555556
C03878,7,810.06,115.72285714285714,0.6,0.3685714285714286
C03413,2,400.03999999999996,200.01999999999998,0.67,0.35000000000000003
C05051,1,73.02,73.02,0.07,0.07
C13550,7,1619.56,231.3657142857143,0.13,0.10142857142857142
C12334,1,49.96,49.96,0.18,0.18
C12787,6,4581.98,763.6633333333333,0.21,0.105
C05681,1,74.93,74.93,0.04,0.04
C12784,3,350.02,116.67333333333333,0.58,0.38999999999999996
C03176,11,3715.7799999999997,337.7981818181818,0.21,0.08727272727272727
C11262,3,75.03,25.01,0.3,0.20666666666666667
C13425,7,803.4300000000001,114.7757142857143,0.27,0.12
C10155,9,885.75,98.41666666666667,0.46,0.17333333333333334
C04401,4,801.6999999999999,200.42499999999998,0.45,0.17250000000000001
C13423,25,4219.87,168.7948,0.9,0.2636
C05377,4,1149.96,287.49,0.55,0.28500000000000003
C09817,2,82.93,41.465,0.17,0.135
C05585,29,2663.16,91.83310344827586,0.81,0.2082758620689655
C01756,12,1177.1,98.09166666666665,0.39,0.135
C02395,20,4447.82,222.391,0.5,0.1655
C12288,1,54.57,54.57,0.02,0.02
C04537,47,9240.02,196.59617021276597,0.87,0.2691489361702128
C13146,2,139.12,69.56,0.24,0.20500000000000002
C08122,9,1405.08,156.12,0.74,0.2866666666666667
C06706,74,10459.1,141.3391891891892,0.89,0.17905405405405406
C05505,14,3049.05,217.78928571428574,0.25,0.1357142857142857
C08232,14,2499.91,178.565,0.92,0.3742857142857143
C03911,2,667.98,333.99,0.1,0.055
C10337,25,1573.56,62.9424,0.38,0.1108
C07555,24,2182.4,90.93333333333334,0.26,0.12541666666666668
C13209,4,303.07,75.7675,0.34,0.19
C02804,20,2731.93,136.5965,0.85,0.33799999999999997
C06005,25,3675.23,147.0092,0.85,0.3332
C07265,10,2320.05,232.00500000000002,0.9,0.395
C11013,24,4354.7,181.44583333333333,0.77,0.1575
C06998,3,264.6,88.2,0.26,0.11333333333333334
C01895,62,8496.11,137.0340322580645,0.44,0.12870967741935485
C02922,23,3340.16,145.22434782608696,0.31,0.12217391304347826
C01998,14,1749.93,124.995,0.44,0.13857142857142857
C08723,53,1917.72,36.1833962264151,0.78,0.1339622641509434
C10513,45,6127.87,136.1748888888889,0.65,0.12377777777777778
C05131,2,90.03,45.015,0.74,0.45
C06640,36,6929.26,192.47944444444445,0.39,0.13666666666666666
C05064,10,3417.2,341.71999999999997,0.38,0.14300000000000002
C03099,5,799.99,159.998,0.7,0.27599999999999997
C10258,68,9537.56,140.25823529411764,0.64,0.14205882352941177
C00359,1,29.98,29.98,0.15,0.15
C00847,2,411.74,205.87,0.13,0.08
C12825,57,15373.83,269.7163157894737,0.74,0.23298245614035087
C09841,8,265.64,33.205,0.3,0.09875
C08611,10,1673.24,167.324,0.65,0.179
C02279,22,4274.97,194.3168181818182,0.8,0.3059090909090909
C08135,6,500.09000000000003,83.34833333333334,0.73,0.32
C08499,15,2824.86,188.324,0.74,0.19
C09090,7,857.48,122.49714285714286,0.21,0.09428571428571429
C04876,25,1100.86,44.0344,0.31,0.128
C02929,32,3308.03,103.3759375,0.72,0.1665625
C04307,11,1309.72,119.06545454545454,0.88,0.24000000000000002
C09548,18,2857.76,158.76444444444445,0.2,0.12555555555555556
C09415,1,199.99,199.99,0.09,0.09
C04667,3,276.42,92.14,0.09,0.049999999999999996
C06978,1,299.96,299.96,0.01,0.01
C03093,14,8950.05,639.2892857142857,0.77,0.28785714285714287
C06391,5,723.36,144.672,0.33,0.152
C07947,2,148.99,74.495,0.16,0.085
C03096,13,1075.1299999999999,82.70230769230768,0.87,0.41000000000000003
C09610,26,3563.88,137.0723076923077,0.3,0.09076923076923077
C01344,10,1644.84,164.48399999999998,0.32,0.159
C07167,8,326.59,40.82375,0.38,0.16375
C02692,11,828.01,75.27363636363636,0.36,0.1281818181818182
C08225,1,225.99,225.99,0.1,0.1
C10571,1,149.92,149.92,0.14,0.14
C04181,9,1000.11,111.12333333333333,0.6,0.15666666666666668
C04190,15,987.77,65.85133333333333,0.33,0.12000000000000001
C09212,19,1869.99,98.42052631578947,0.68,0.19052631578947368
C09825,1,31.1,31.1,0.04,0.04
C06127,16,2650.09,165.630625,0.73,0.125625
C01452,1,335.09,335.09,0.35,0.35
C11629,6,950.0699999999999,158.345,0.71,0.24
C13355,6,1185.56,197.59333333333333,0.88,0.235
C07678,6,443.8,73.96666666666667,0.23,0.07
C03438,1,59.08,59.08,0.04,0.04
C01288,4,749.95,187.4875,0.59,0.395
C09291,5,1781.1399999999999,356.22799999999995,0.17,0.09
C13267,9,510.7,56.74444444444444,0.62,0.12666666666666665
C06682,25,6899.79,275.9916,0.84,0.21280000000000002
C04563,16,1779.14,111.19625,0.19,0.10875
C07572,12,4177.61,348.13416666666666,0.4,0.10583333333333333
C09598,2,102.35,51.175,0.57,0.425
C02140,5,599.85,119.97,0.81,0.32
C10250,8,2029.31,253.66375,0.79,0.19625
C06535,4,268.61,67.1525,0.19,0.1325
C04572,17,1393.85,81.99117647058823,0.26,0.10294117647058823
C05136,2,524.85,262.425,0.07,0.045000000000000005
C04455,2,280.97,140.485,0.13,0.09
C12660,7,436.72,62.38857142857143,0.61,0.1285714285714286
C11190,9,1600.3600000000001,177.8177777777778,0.87,0.2688888888888889
C00742,1,212.91,212.91,0.15,0.15
C05867,10,1347.69,134.769,0.34,0.175
C06955,37,2665.73,72.04675675675676,0.39,0.12000000000000001
C06969,4,104.68,26.17,0.18,0.1475
C06853,1,124.99,124.99,0.16,0.16
C06392,5,409.96000000000004,81.992,0.19,0.08
C09262,7,1325.01,189.28714285714287,0.63,0.34285714285714286
C04679,4,213.01999999999998,53.254999999999995,0.33,0.11
C10338,3,145.45,48.48333333333333,0.1,0.06333333333333334
C11001,11,1300.0,118.18181818181819,0.89,0.30818181818181817
C10210,35,5275.72,150.73485714285715,0.34,0.11
C12760,3,297.05,99.01666666666667,0.21,0.15
C11540,11,601.36,54.66909090909091,0.2,0.08545454545454546
C07443,6,458.37,76.395,0.17,0.060000000000000005
C00626,14,3723.56,265.9685714285714,0.7,0.13428571428571429
C07166,8,1091.09,136.38625,0.2,0.11625
C11754,90,10149.93,112.777,0.77,0.15455555555555556
C06324,3,190.05,63.35,0.49,0.20666666666666667
C00088,4,320.85,80.2125,0.4,0.1775
C00310,9,1090.03,121.11444444444444,0.59,0.31333333333333335
C04754,12,1800.2,150.01666666666668,0.81,0.29916666666666664
C05383,37,4397.08,118.84,0.89,0.16864864864864865
C02424,20,3004.7,150.23499999999999,0.42,0.135
C00474,13,5833.429999999999,448.72538461538454,0.74,0.14615384615384613
C10163,66,5652.71,85.6471212121212,0.37,0.1281818181818182
C10576,4,121.50999999999999,30.377499999999998,0.16,0.1075
C01336,1,48.09,48.09,0.19,0.19
C02789,3,349.98,116.66000000000001,0.44,0.26666666666666666
C11637,13,1849.73,142.28692307692307,0.75,0.3261538461538462
C12354,8,1297.96,162.245,0.37,0.145
C01705,4,57.0,14.25,0.22,0.1125
C00168,146,12966.41,88.81102739726028,0.83,0.1610958904109589
C00629,23,9501.05,413.0891304347826,0.57,0.15217391304347827
C06038,5,350.03999999999996,70.008,0.63,0.262
C06974,46,9008.9,195.84565217391304,0.69,0.1565217391304348
C08905,40,1673.88,41.847,0.88,0.20675
C04827,4,847.7900000000001,211.94750000000002,0.36,0.185
C08093,10,1100.58,110.05799999999999,0.66,0.259
C13426,7,1749.85,249.97857142857143,0.65,0.32142857142857145
C00672,9,1676.1799999999998,186.2422222222222,0.26,0.1322222222222222
C05639,1,50.91,50.91,0.23,0.23
C04276,13,481.04,37.003076923076925,0.2,0.09846153846153846
C10641,4,409.01,102.2525,0.17,0.07500000000000001
C02089,11,2500.17,227.2881818181818,0.85,0.34
C07041,19,1378.18,72.53578947368422,0.4,0.1626315789473684
C11229,5,827.71,165.542,0.17,0.11000000000000001
C00761,2,153.84,76.92,0.39,0.27
C07759,1,100.03,100.03,0.01,0.01
C12574,33,3141.59,95.19969696969697,0.89,0.2578787878787879
C08800,15,10110.57,674.038,0.32,0.10466666666666667
C00886,18,3273.56,181.86444444444444,0.52,0.14833333333333332
C00514,2,163.02,81.51,0.12,0.105
C06415,30,3002.93,100.09766666666665,0.6,0.18966666666666668
C00595,4,544.89,136.2225,0.74,0.26
C06852,7,655.96,93.70857142857143,0.57,0.1357142857142857
C10994,12,560.47,46.70583333333334,0.33,0.1708333333333333
C05597,16,3671.59,229.474375,0.57,0.19
C03008,5,839.13,167.826,0.45,0.184
C07273,1,49.94,49.94,0.37,0.37
C09294,8,2905.26,363.1575,0.87,0.33
C13118,7,1009.76,144.25142857142856,0.18,0.07999999999999999
C10347,2,98.65,49.325,0.34,0.32
C13527,5,291.53999999999996,58.30799999999999,0.73,0.374
C11245,16,1264.17,79.010625,0.36,0.14125
C04877,1,37.5,37.5,0.02,0.02
C10934,34,3079.45,90.5720588235294,0.32,0.11470588235294117
C03569,1,13.56,13.56,0.1,0.1
C05522,24,11162.970000000001,465.12375000000003,0.34,0.12958333333333333
C11399,4,925.08,231.27,0.73,0.4875
C08685,1,68.97,68.97,0.06,0.06
C08408,12,1834.57,152.88083333333333,0.18,0.08583333333333333
C09991,4,674.8299999999999,168.70749999999998,0.17,0.12
C06762,5,517.8299999999999,103.56599999999999,0.35,0.192
C07056,4,742.0699999999999,185.51749999999998,0.19,0.125
C13466,6,2827.71,471.285,0.41,0.21333333333333335
C02882,5,844.99,168.998,0.81,0.32
C04107,7,586.85,83.83571428571429,0.35,0.1442857142857143
C05852,9,1400.1,155.56666666666666,0.59,0.20333333333333334
C10296,6,870.89,145.14833333333334,0.18,0.08833333333333333
C05044,1,60.07,60.07,0.45,0.45
C06897,11,1969.96,179.08727272727273,0.9,0.1990909090909091
C12194,9,1959.77,217.75222222222223,0.25,0.11444444444444445
C05741,3,152.94,50.98,0.25,0.16333333333333333
C00713,7,4173.27,596.1814285714287,0.16,0.08428571428571428
C02092,2,459.06,229.53,0.35,0.205
C06025,24,5457.93,227.41375000000002,0.74,0.16625
C00578,9,375.65,41.73888888888889,0.35,0.15888888888888889
C08475,9,505.88,56.208888888888886,0.22,0.11222222222222222
C02734,3,380.46,126.82,0.71,0.26999999999999996
C13362,5,775.0,155.0,0.7,0.49000000000000005
C09824,19,1008.47,53.07736842105263,0.41,0.13842105263157894
C09155,19,14395.42,757.6536842105263,0.74,0.3521052631578947
C02399,3,200.0,66.66666666666667,0.65,0.34
C01342,92,7664.78,83.31282608695652,0.41,0.13902173913043478
C11477,6,489.78,81.63,0.15,0.11166666666666665
C03912,9,1800.32,200.03555555555556,0.45,0.14333333333333334
C11643,5,261.46,52.291999999999994,0.27,0.144
C03493,20,1693.45,84.6725,0.31,0.196
C00498,66,3672.52,55.64424242424242,0.63,0.13242424242424242
C09045,11,1884.92,171.35636363636365,0.22,0.1290909090909091
C04161,18,2431.87,135.1038888888889,0.31,0.14444444444444446
C01148,15,1999.82,133.32133333333334,0.62,0.21466666666666664
C02767,2,92.95,46.475,0.09,0.075
C13502,1,49.96,49.96,0.15,0.15
C10695,8,1902.79,237.84875,0.39,0.14875
C05918,3,323.82,107.94,0.27,0.11333333333333334
C11024,16,2019.69,126.230625,0.25,0.103125
C00049,1,100.01,100.01,0.01,0.01
C03570,1,299.99,299.99,0.14,0.14
C02750,45,3002.7799999999997,66.72844444444443,0.67,0.14755555555555558
C06608,2,157.96,78.98,0.13,0.11
C05911,7,331.21000000000004,47.31571428571429,0.33,0.15999999999999998
C00199,4,323.65,80.9125,0.12,0.05
C05731,54,3689.9500000000003,68.33240740740742,0.64,0.13481481481481483
C00992,10,1130.02,113.002,0.92,0.476
C12531,2,88.91,44.455,0.3,0.185
C04367,14,1459.06,104.21857142857142,0.69,0.1557142857142857
C04173,7,515.29,73.61285714285714,0.22,0.11
C10824,4,200.14,50.035,0.06,0.04
C11845,34,2041.99,60.05852941176471,0.45,0.13999999999999999
C13119,35,2244.6,64.13142857142857,0.61,0.16371428571428573
C10883,9,789.8,87.75555555555555,0.89,0.3611111111111111
C12711,6,924.96,154.16,0.74,0.2866666666666667
C02431,5,619.86,123.97200000000001,0.8,0.368
C12594,3,449.98,149.99333333333334,0.4,0.21
C06053,2,750.14,375.07,0.13,0.075
C05495,29,3640.35,125.52931034482758,0.5,0.14275862068965517
C05075,3,149.96,49.98666666666667,0.06,0.04666666666666667
C12285,4,1963.6599999999999,490.91499999999996,0.16,0.065
C04497,10,579.25,57.925,0.49,0.17099999999999999
C12357,1,500.03,500.03,0.19,0.19
C10393,27,1600.55,59.279629629629625,0.43,0.1674074074074074
C05604,55,12879.64,234.17527272727273,0.46,0.11145454545454546
C11071,4,187.99,46.9975,0.14,0.075
C06486,12,2164.98,180.415,0.89,0.30916666666666665
C06000,27,3297.19,122.11814814814815,0.35,0.10555555555555556
C11636,14,1379.65,98.54642857142858,0.68,0.22785714285714284
C04938,6,1000.09,166.68166666666667,0.85,0.38666666666666666
C12645,31,1880.01,60.645483870967745,0.71,0.1993548387096774
C02333,19,2623.77,138.09315789473683,0.34,0.14210526315789473
C12920,17,2834.6,166.74117647058824,0.84,0.26588235294117646
C02180,59,3461.89,58.67610169491525,0.66,0.15067796610169493
C11312,23,1961.48,85.28173913043479,0.62,0.14608695652173911
C02090,7,665.0799999999999,95.01142857142857,0.71,0.3085714285714286
C06107,5,494.71,98.942,0.64,0.17
C02277,4,131.57999999999998,32.894999999999996,0.41,0.155
C09627,19,2244.37,118.12473684210526,0.36,0.16894736842105262
C00446,6,296.9,49.48333333333333,0.46,0.16333333333333333
C03560,43,4091.95,95.16162790697673,0.89,0.15651162790697673
C10506,13,771.25,59.32692307692308,0.31,0.1630769230769231
C02933,5,400.1,80.02000000000001,0.74,0.42400000000000004
C07406,1,15.02,15.02,0.09,0.09
C10921,2,233.55,116.775,0.14,0.09000000000000001
C13309,16,3645.78,227.86125,0.44,0.141875
C04780,1,100.08,100.08,0.01,0.01
C08660,23,1955.78,85.03391304347826,0.32,0.14
C03906,18,6910.6900000000005,383.92722222222227,0.79,0.19111111111111112
C03518,7,798.54,114.07714285714285,0.64,0.2285714285714286
C02521,1,117.04,117.04,0.09,0.09
C04403,7,899.68,128.5257142857143,0.69,0.22142857142857145
C09443,57,12005.56,210.6238596491228,0.9,0.143859649122807
C02981,4,94.52,23.63,0.2,0.135
C03576,32,2833.5099999999998,88.54718749999999,0.5,0.1209375
C07763,3,154.09,51.36333333333334,0.13,0.09666666666666668
C11188,42,6403.24,152.45809523809524,0.92,0.14523809523809525
C08206,92,9759.72,106.08391304347825,0.95,0.27793478260869564
C06150,2,98.21000000000001,49.105000000000004,0.08,0.055
C13064,20,4524.68,226.234,0.85,0.183
C07927,56,6611.43,118.06125,0.88,0.21982142857142858
C05379,6,647.67,107.945,0.45,0.14333333333333334
C01787,1,1044.89,1044.89,0.3,0.3
C13329,2,341.9,170.95,0.16,0.085
C08020,41,2767.29,67.49487804878049,0.4,0.12707317073170732
C03542,17,4866.92,286.2894117647059,0.92,0.44176470588235295
C01406,11,1032.6299999999999,93.87545454545453,0.45,0.1190909090909091
C04228,7,186.71,26.672857142857143,0.28,0.13
C09570,1,20.03,20.03,0.02,0.02
C04624,2,243.94,121.97,0.11,0.08
C09039,17,2360.63,138.86058823529413,0.18,0.061764705882352944
C03996,1,500.05,500.05,0.2,0.2
C08954,12,1466.48,122.20666666666666,0.57,0.18666666666666668
C01809,10,943.36,94.336,0.36,0.161
C02288,14,2300.04,164.28857142857143,0.89,0.32285714285714284
C07052,1,199.96,199.96,0.2,0.2
C03429,1,57.18,57.18,0.36,0.36
C03807,1,226.0,226.0,0.24,0.24
C12324,14,696.02,49.715714285714284,0.59,0.1757142857142857
C12131,6,553.0,92.16666666666667,0.3,0.15166666666666664
C11591,2,75.1,37.55,0.25,0.155
C11237,8,4000.1,500.0125,0.85,0.3175
C01908,4,237.96,59.49,0.33,0.16999999999999998
C01747,3,281.88,93.96,0.09,0.05333333333333334
C07964,2,74.94,37.47,0.4,0.21000000000000002
C12415,13,1275.88,98.14461538461539,0.38,0.12153846153846154
C10712,6,972.81,162.135,0.94,0.25333333333333335
C07050,10,1034.82,103.482,0.83,0.343
C10749,4,549.92,137.48,0.77,0.3275
C11881,14,636.37,45.455,0.21,0.10571428571428572
C02741,13,660.71,50.823846153846155,0.76,0.13076923076923078
C04793,11,1154.55,104.9590909090909,0.18,0.09545454545454546
C04020,1,49.95,49.95,0.02,0.02
C05839,1,28.97,28.97,0.16,0.16
C11505,3,374.95000000000005,124.98333333333335,0.1,0.09000000000000001
C11736,6,316.81,52.80166666666667,0.5,0.2383333333333333
C10709,7,242.82999999999998,34.69,0.4,0.1385714285714286
C07322,1,149.91,149.91,0.15,0.15
C10102,11,240.59,21.87181818181818,0.55,0.16545454545454547
C03192,1,749.97,749.97,0.16,0.16
C06607,1,49.98,49.98,0.21,0.21
C09068,12,1644.67,137.05583333333334,0.92,0.3475
C00362,10,439.55,43.955,0.27,0.10900000000000001
C01470,1,99.93,99.93,0.26,0.26
C08276,2,157.16,78.58,0.34,0.195
C13473,2,246.11,123.055,0.49,0.46499999999999997
C11357,3,162.92,54.306666666666665,0.06,0.04666666666666667
C00031,22,2888.57,131.29863636363638,0.8,0.19590909090909092
C04426,2,166.47,83.235,0.12,0.1
C08649,1,9.53,9.53,0.39,0.39
C01614,47,11220.26,238.72893617021276,0.89,0.16191489361702127
C05708,8,1599.93,199.99125,0.78,0.25125000000000003
C13460,16,2018.86,126.17875,0.5,0.15687500000000001
C06171,1,36.04,36.04,0.2,0.2
C10178,19,2118.94,111.52315789473684,0.44,0.17157894736842105
C07357,4,489.48,122.37,0.14,0.07500000000000001
C12615,1,54.04,54.04,0.08,0.08
C12899,3,2536.77,845.59,0.36,0.25333333333333335
C10215,38,3843.35,101.14078947368421,0.82,0.15026315789473685
C01885,3,870.1300000000001,290.04333333333335,0.11,0.056666666666666664
C03903,2,890.0799999999999,445.03999999999996,0.54,0.275
C03894,2,155.94,77.97,0.2,0.115
C06511,19,3850.35,202.65,0.86,0.32210526315789473
C08920,7,721.97,103.13857142857144,0.35,0.13285714285714284
C03290,1,99.93,99.93,0.06,0.06
C02762,3,310.49,103.49666666666667,0.26,0.18333333333333335
C02542,10,1065.02,106.502,0.91,0.31900000000000006
C02303,2,275.01,137.505,0.8,0.405
C08134,2,399.98,199.99,0.38,0.26
C01827,4,430.83,107.7075,0.24,0.1275
C04741,7,950.03,135.71857142857144,0.91,0.33285714285714285
C03527,33,1625.69,49.263333333333335,0.86,0.21181818181818182
C04951,12,1105.19,92.09916666666668,0.83,0.35250000000000004
C08457,4,1534.84,383.71,0.22,0.085
C09658,7,1154.91,164.98714285714286,0.24,0.1285714285714286
C10472,4,229.49,57.3725,0.73,0.285
C12005,15,2683.53,178.90200000000002,0.52,0.186
C01519,11,821.47,74.67909090909092,0.79,0.26
C02553,10,1090.22,109.022,0.71,0.221
C12042,13,2640.3,203.10000000000002,0.79,0.2692307692307692
C06065,18,828.53,46.029444444444444,0.31,0.1061111111111111
C01442,29,3262.27,112.49206896551723,0.39,0.1206896551724138
C12484,4,321.11,80.2775,0.22,0.1375
C12145,32,3330.57,104.0803125,0.38,0.139375
C07217,1,74.95,74.95,0.29,0.29
C10398,10,1135.82,113.582,0.7,0.28500000000000003
C03440,8,1149.28,143.66,0.32,0.09875
C06931,16,1577.97,98.623125,0.27,0.115
C06795,24,5166.910000000001,215.2879166666667,0.72,0.22666666666666668
C02413,1,45.04,45.04,0.36,0.36
C07996,16,2603.37,162.710625,0.73,0.175625
C10114,79,4158.44,52.638481012658225,0.95,0.35240506329113924
C02379,2,3323.8,1661.9,0.26,0.175
C08762,18,574.39,31.910555555555554,0.38,0.13555555555555554
C00179,13,1127.45,86.72692307692309,0.28,0.13615384615384615
C07377,4,101.47,25.3675,0.64,0.3025
C07198,4,1189.94,297.485,0.39,0.255
C03882,2,300.0,150.0,0.08,0.07
C01666,2,182.95,91.475,0.02,0.015
C05149,3,152.96,50.98666666666667,0.15,0.09333333333333334
C06834,9,759.41,84.37888888888888,0.38,0.12333333333333335
C02128,3,325.09000000000003,108.36333333333334,0.37,0.24666666666666667
C04970,25,11401.09,456.0436,0.79,0.2296
C11542,1,25.09,25.09,0.4,0.4
C12117,18,3044.21,169.12277777777777,0.36,0.09388888888888888
C10896,1,74.98,74.98,0.08,0.08
C09293,39,2558.13,65.59307692307692,0.47,0.1464102564102564
C12470,45,3660.2599999999998,81.33911111111111,0.76,0.19955555555555557
C10728,26,1051.56,40.44461538461538,0.23,0.0926923076923077
C05138,22,2333.07,106.04863636363638,0.27,0.11454545454545455
C04784,2,225.1,112.55,0.31,0.18
C02823,9,1849.7,205.52222222222224,0.77,0.19333333333333333
C02001,1,59.04,59.04,0.14,0.14
C05885,14,2224.62,158.90142857142857,0.68,0.22285714285714286
C02800,28,4046.4700000000003,144.51678571428573,0.92,0.3417857142857143
C13415,7,774.79,110.6842857142857,0.53,0.20142857142857143
C05836,7,2218.88,316.98285714285714,0.37,0.16142857142857145
C13289,3,997.9399999999999,332.64666666666665,0.37,0.23666666666666666
C07647,4,202.88,50.72,0.22,0.1925
C03673,3,280.12,93.37333333333333,0.32,0.18666666666666668
C10560,3,80.1,26.7,0.73,0.36999999999999994
C07663,1,124.94,124.94,0.13,0.13
C02607,2,147.17000000000002,73.58500000000001,0.08,0.07
C13165,2,1106.09,553.045,0.31,0.165
C00936,1,10.18,10.18,0.09,0.09
C01668,1,100.04,100.04,0.03,0.03
C10602,15,731.6999999999999,48.779999999999994,0.23,0.1366666666666667
C08029,12,1662.44,138.53666666666666,0.28,0.09833333333333333
C00558,7,824.86,117.83714285714287,0.75,0.32857142857142857
C07695,4,119.61,29.9025,0.22,0.15
C01068,32,1995.72,62.36625,0.46,0.1478125
C06396,21,2214.96,105.47428571428571,0.39,0.13857142857142857
C08198,9,2249.95,249.9944444444444,0.83,0.26333333333333336
C01852,17,1725.45,101.49705882352941,0.72,0.2788235294117647
C06270,6,850.1,141.68333333333334,0.54,0.2883333333333334
C07458,33,3985.1,120.76060606060605,0.45,0.17030303030303032
C03187,27,3102.0,114.88888888888889,0.73,0.14333333333333334
C06841,95,16270.76,171.27115789473683,0.63,0.14378947368421052
C06316,6,797.8700000000001,132.97833333333335,0.35,0.17500000000000002
C03354,13,4210.1,323.8538461538462,0.24,0.0923076923076923
C04259,23,2558.16,111.22434782608696,0.48,0.15913043478260872
C06404,8,659.92,82.49,0.36,0.15125
C01397,5,206.14999999999998,41.23,0.34,0.156
C00863,12,2024.99,168.74916666666667,0.77,0.2225
C05409,33,4675.45,141.68030303030304,0.32,0.12757575757575756
C10989,4,224.89,56.2225,0.28,0.1225
C03241,1,100.09,100.09,0.02,0.02
C07208,17,1567.52,92.20705882352941,0.36,0.10470588235294118
C06035,2,44.31,22.155,0.18,0.135
C09487,2,168.06,84.03,0.09,0.08499999999999999
C11740,12,1015.96,84.66333333333334,0.31,0.15
C02110,14,1437.32,102.66571428571429,0.49,0.14214285714285715
C13177,3,300.11,100.03666666666668,0.35,0.2233333333333333
C07286,1,38.95,38.95,0.06,0.06
C05781,13,3117.48,239.80615384615385,0.56,0.1630769230769231
C04035,3,325.93,108.64333333333333,0.22,0.10333333333333333
C04081,47,16340.189999999999,347.6636170212766,0.37,0.11148936170212767
C02419,8,460.12,57.515,0.33,0.1375
C10419,14,658.58,47.041428571428575,0.35,0.12571428571428572
C03084,3,965.3499999999999,321.7833333333333,0.09,0.049999999999999996
C11488,19,4134.08,217.58315789473684,0.47,0.12315789473684209
C04917,21,1153.77,54.941428571428574,0.19,0.08952380952380953
C01647,14,10905.55,778.967857142857,0.45,0.1457142857142857
C01792,4,825.02,206.255,0.13,0.08
C08822,32,4090.81,127.8378125,0.42,0.141875
C08498,5,557.39,111.478,0.26,0.144
C04076,2,300.09000000000003,150.04500000000002,0.1,0.095
C10027,2,300.0,150.0,0.37,0.21
C10103,1,50.09,50.09,0.35,0.35
C02581,6,855.3,142.54999999999998,0.14,0.09500000000000001
C10480,1,213.02,213.02,0.1,0.1
C10466,30,4618.92,153.964,0.71,0.17833333333333334
C09232,1,72.08,72.08,0.36,0.36
C02588,1,49.92,49.92,0.09,0.09
C05571,5,228.8,45.760000000000005,0.51,0.166
C03841,18,641.51,35.63944444444444,0.5,0.16722222222222224
C04862,2,200.01999999999998,100.00999999999999,0.19,0.105
C11097,18,1121.22,62.29,0.41,0.17777777777777776
C07701,8,556.9300000000001,69.61625000000001,0.39,0.18875
C01628,27,5069.52,187.76000000000002,0.4,0.11259259259259259
C02965,8,997.89,124.73625,0.32,0.11625
C01564,1,200.06,200.06,0.33,0.33
C12298,3,147.1,49.03333333333333,0.18,0.08
C09520,71,4443.74,62.58788732394366,0.78,0.17985915492957746
C01367,10,1299.76,129.976,0.96,0.375
C12662,4,540.67,135.1675,0.21,0.1075
C00725,16,2375.07,148.441875,0.89,0.33875
C10169,2,72.95,36.475,0.23,0.135
C05913,25,4698.139999999999,187.92559999999997,0.75,0.1972
C08700,12,1761.02,146.75166666666667,0.26,0.125
C13485,1,100.05,100.05,0.06,0.06
C08894,11,2700.32,245.48363636363638,0.88,0.3
C11219,3,87.87,29.290000000000003,0.14,0.07333333333333335
C07700,1,49.96,49.96,0.68,0.68
C09670,12,4128.36,344.03,0.66,0.18000000000000002
C06518,3,349.99,116.66333333333334,0.76,0.31666666666666665
C12440,10,2777.53,277.75300000000004,0.44,0.186
C03792,5,399.94,79.988,0.16,0.094
C01963,32,4537.28,141.79,0.76,0.1540625
C04470,29,2587.95,89.23965517241379,0.35,0.13206896551724137
C12557,5,2949.15,589.83,0.39,0.238
C09105,15,1173.72,78.248,0.24,0.13799999999999998
C06083,8,929.41,116.17625,0.31,0.13375
C07421,1,159.92,159.92,0.18,0.18
C09451,12,1565.12,130.42666666666665,0.34,0.14666666666666667
C01322,5,993.8199999999999,198.76399999999998,0.35,0.16199999999999998
C06627,1,100.02,100.02,0.15,0.15
C10766,5,424.84000000000003,84.968,0.83,0.354
C01932,4,533.83,133.4575,0.26,0.10250000000000001
C02961,6,358.2,59.699999999999996,0.28,0.13
C11694,1,49.05,49.05,0.04,0.04
C04628,4,219.04000000000002,54.760000000000005,0.17,0.11
C02194,12,579.82,48.318333333333335,0.22,0.08
C07358,1,109.02,109.02,0.06,0.06
C06120,3,878.58,292.86,0.12,0.08333333333333333
C07383,1,58.96,58.96,0.04,0.04
C05092,6,500.12,83.35333333333334,0.77,0.48333333333333334
C04825,6,898.87,149.81166666666667,0.69,0.3233333333333333
C12186,14,505.76,36.12571428571429,0.48,0.17928571428571427
C12832,12,885.29,73.77416666666666,0.24,0.10416666666666667
C08735,1,50.06,50.06,0.23,0.23
C07468,27,788.25,29.194444444444443,0.66,0.15814814814814818
C09246,64,2832.95,44.26484375,0.88,0.30171875
C08257,1,100.09,100.09,0.04,0.04
C05971,7,431.8,61.68571428571429,0.22,0.10142857142857142
C10969,3,75.19,25.063333333333333,0.18,0.11333333333333333
C13446,7,1499.56,214.22285714285712,0.37,0.19999999999999998
C01062,1,15.42,15.42,0.06,0.06
C11250,1,125.01,125.01,0.19,0.19
C05170,7,292.51,41.787142857142854,0.24,0.09571428571428572
C12217,14,507.25,36.232142857142854,0.37,0.11571428571428573
C07182,2,88.49000000000001,44.245000000000005,0.03,0.025
C13125,11,1649.93,149.99363636363637,0.85,0.3245454545454545
C03232,1,41.85,41.85,0.13,0.13
C08770,11,828.67,75.33363636363636,0.27,0.10363636363636362
C05304,4,275.02,68.755,0.66,0.25
C04904,19,2106.23,110.8542105263158,0.29,0.12
C10865,4,218.29000000000002,54.572500000000005,0.51,0.1825
C08128,3,3227.68,1075.8933333333332,0.19,0.08
C08493,2,233.87,116.935,0.17,0.14
C12793,25,2412.09,96.48360000000001,0.93,0.1448
C07238,26,5972.0,229.69230769230768,0.46,0.1903846153846154
C00069,18,2367.82,131.54555555555555,0.78,0.2
C08360,4,260.85,65.2125,0.12,0.0725
C07935,3,679.04,226.34666666666666,0.23,0.08666666666666667
C00188,3,401.05,133.68333333333334,0.1,0.06666666666666667
C01681,29,4033.83,139.09758620689655,0.33,0.12827586206896552
C11274,11,1323.04,120.27636363636363,0.32,0.11545454545454546
C13149,2,200.0,100.0,0.64,0.355
C04277,7,989.98,141.4257142857143,0.93,0.4042857142857143
C03926,6,1088.5,181.41666666666666,0.15,0.04666666666666666
C10855,27,4874.860000000001,180.5503703703704,0.73,0.2325925925925926
C10885,3,99.57000000000001,33.190000000000005,0.42,0.17
C09185,5,700.3,140.06,0.75,0.46799999999999997
C06305,15,1272.87,84.85799999999999,0.33,0.09866666666666667
C10603,8,568.7,71.0875,0.15,0.0775
C12304,18,1746.04,97.00222222222222,0.4,0.1622222222222222
C08312,9,1387.59,154.17666666666665,0.38,0.15888888888888889
C00405,72,3523.64,48.93944444444444,0.84,0.3333333333333333
C10251,1,100.04,100.04,0.09,0.09
C05157,40,3781.12,94.52799999999999,0.67,0.16175
C09539,5,461.05,92.21000000000001,0.27,0.132
C09546,3,121.57000000000001,40.52333333333333,0.19,0.09666666666666668
C02702,32,1487.15,46.4734375,0.87,0.28125
C11423,24,6571.22,273.80083333333334,0.64,0.12083333333333333
C04527,1,141.01,141.01,0.15,0.15
C10693,17,1320.64,77.68470588235294,0.29,0.11294117647058823
C07804,1,150.09,150.09,0.19,0.19
C02117,1,25.04,25.04,0.05,0.05
C00686,1,25.07,25.07,0.17,0.17
C04073,29,6526.84,225.06344827586207,0.43,0.1493103448275862
C07209,2,86.30000000000001,43.150000000000006,0.13,0.10500000000000001
C10379,6,729.81,121.63499999999999,0.79,0.37000000000000005
C09164,1,106.51,106.51,0.11,0.11
C00997,13,2349.81,180.7546153846154,0.87,0.24615384615384614
C03979,13,502.12,38.62461538461538,0.37,0.14615384615384613
C00468,1,50.07,50.07,0.21,0.21
C11960,3,144.61,48.20333333333334,0.24,0.09666666666666666
C08034,15,1001.17,66.74466666666666,0.49,0.15133333333333335
C09077,16,3119.31,194.956875,0.8,0.19875
C00254,28,5535.15,197.68392857142857,0.71,0.1285714285714286
C03892,8,1764.97,220.62125,0.17,0.06625
C02579,17,2699.5299999999997,158.79588235294116,0.5,0.14058823529411765
C05408,1,150.01,150.01,0.05,0.05
C00485,7,1042.57,148.9385714285714,0.4,0.17714285714285713
C10984,9,1948.24,216.4711111111111,0.19,0.08888888888888889
C01020,2,207.86,103.93,0.55,0.34
C05015,9,1400.52,155.61333333333334,0.32,0.18888888888888888
C13043,24,14497.710000000001,604.0712500000001,0.66,0.14125000000000001
C08666,21,7189.97,342.37952380952385,0.25,0.07666666666666667
C06576,2,250.06,125.03,0.71,0.37
C10273,26,3075.06,118.27153846153846,0.87,0.19653846153846155
C02319,2,100.03999999999999,50.019999999999996,0.13,0.12
C05279,4,1102.97,275.7425,0.24,0.1075
C09369,4,775.9200000000001,193.98000000000002,0.56,0.2425
C02173,1,100.05,100.05,0.03,0.03
C13470,20,1838.18,91.909,0.33,0.1325
C05193,1,170.91,170.91,0.08,0.08
C12016,24,2879.85,119.99374999999999,0.6,0.215
C02732,8,926.4699999999999,115.80874999999999,0.29,0.11125
C06124,2,475.04999999999995,237.52499999999998,0.2,0.12000000000000001
C03756,38,7002.86,184.2857894736842,0.57,0.11263157894736843
C05811,1,311.9,311.9,0.17,0.17
C08358,3,358.06,119.35333333333334,0.17,0.09000000000000001
C10439,5,276.76,55.352,0.4,0.14200000000000002
C08799,12,1593.36,132.78,0.31,0.11583333333333334
C06751,24,3709.64,154.56833333333333,0.68,0.15958333333333333
C13046,2,649.83,324.915,0.66,0.45
C10087,3,294.81,98.27,0.15,0.07666666666666666
C08211,17,3256.53,191.56058823529412,0.25,0.13411764705882354
C02971,1,150.09,150.09,0.38,0.38
C01204,36,2818.46,78.29055555555556,0.38,0.12638888888888888
C11833,41,4698.07,114.5870731707317,0.43,0.11439024390243903
C10929,7,726.38,103.76857142857143,0.44,0.20142857142857143
C05487,10,949.99,94.999,0.88,0.445
C10561,5,400.15999999999997,80.032,0.34,0.21200000000000002
C12640,1,50.04,50.04,0.03,0.03
C10378,4,1499.9299999999998,374.98249999999996,0.15,0.08499999999999999
C04610,5,960.1099999999999,192.022,0.18,0.076
C06169,3,376.02,125.33999999999999,0.29,0.16
C12221,1,884.09,884.09,0.05,0.05
C05184,11,1050.3,95.48181818181818,0.77,0.37545454545454543
C06674,22,2707.98,123.09,0.44,0.18863636363636366
C07066,16,2729.84,170.615,0.21,0.075625
C10674,1,49.95,49.95,0.01,0.01
C00076,11,2122.72,192.97454545454545,0.88,0.2918181818181818
C04378,1,24.98,24.98,0.27,0.27
C05866,4,889.29,222.3225,0.35,0.1625
C01805,13,704.41,54.18538461538461,0.31,0.11846153846153847
C03021,7,509.75,72.82142857142857,0.49,0.25285714285714284
C08653,6,1224.95,204.15833333333333,0.8,0.4366666666666667
C13215,9,312.27,34.696666666666665,0.48,0.23777777777777778
C01129,6,581.89,96.98166666666667,0.4,0.19000000000000003
C08271,7,1142.09,163.15571428571428,0.28,0.16
C06972,3,699.97,233.32333333333335,0.14,0.06333333333333334
C04130,2,387.73,193.865,0.18,0.15
C09834,24,3102.96,129.29,0.51,0.15
C11854,2,318.98,159.49,0.09,0.049999999999999996
C02136,6,599.99,99.99833333333333,0.76,0.425
C10455,8,1150.1399999999999,143.76749999999998,0.82,0.3625
C01688,33,5175.09,156.82090909090908,0.83,0.4187878787878788
C07274,33,5494.59,166.50272727272727,0.28,0.11606060606060606
C01867,11,2228.2000000000003,202.5636363636364,0.68,0.2545454545454546
C02931,8,2789.77,348.72125,0.34,0.14625
C08030,2,321.93,160.965,0.4,0.26
C03378,4,251.01999999999998,62.754999999999995,0.18,0.10250000000000001
C05209,19,947.47,49.86684210526316,0.36,0.11473684210526316
C13245,2,49.980000000000004,24.990000000000002,0.24,0.19
C13342,14,1873.39,133.81357142857144,0.43,0.14928571428571427
C00947,1,73.09,73.09,0.23,0.23
C06730,14,4074.81,291.05785714285713,0.33,0.1392857142857143
C04230,9,893.26,99.25111111111111,0.89,0.3011111111111111
C06766,3,1000.03,333.3433333333333,0.68,0.3866666666666667
C03660,13,1504.94,115.76461538461538,0.3,0.09923076923076923
C10066,6,606.36,101.06,0.52,0.165
C04506,3,215.02,71.67333333333333,0.31,0.13
C05881,5,405.87,81.174,0.26,0.176
C09247,2,400.07,200.035,0.01,0.01
C05816,5,257.94,51.588,0.2,0.138
C01935,32,3315.18,103.599375,0.84,0.261875
C04737,4,244.91,61.2275,0.77,0.3425
C11456,1,35.88,35.88,0.01,0.01
C06648,17,1691.23,99.48411764705882,0.25,0.09470588235294118
C07709,1,149.94,149.94,0.18,0.18
C07726,1,200.06,200.06,0.01,0.01
C02937,6,1239.47,206.57833333333335,0.21,0.10333333333333333
C10370,9,1474.85,163.8722222222222,0.64,0.16666666666666666
C02975,24,1707.68,71.15333333333334,0.94,0.3229166666666667
C02276,1,99.99,99.99,0.04,0.04
C11789,5,432.49,86.498,0.32,0.118
C05223,2,416.92999999999995,208.46499999999997,0.11,0.10500000000000001
C13472,3,250.12,83.37333333333333,0.5,0.38666666666666666
C07896,3,401.92,133.97333333333333,0.24,0.15666666666666665
C11645,1,75.09,75.09,0.22,0.22
C07739,31,4876.73,157.31387096774193,0.59,0.1267741935483871
C11315,43,5625.12,130.81674418604652,0.69,0.18720930232558142
C04308,15,2213.27,147.55133333333333,0.19,0.10066666666666667
C09813,3,258.98,86.32666666666667,0.4,0.18000000000000002
C02201,7,541.03,77.28999999999999,0.31,0.09142857142857143
C02350,2,120.96,60.48,0.1,0.08
C10107,13,2022.31,155.56230769230768,0.31,0.1323076923076923
C11838,15,1357.3700000000001,90.49133333333334,0.25,0.10133333333333333
C07602,20,1083.03,54.1515,0.85,0.175
C09877,11,1127.14,102.46727272727274,0.17,0.09454545454545454
C07035,26,8217.2,316.04615384615386,0.87,0.3173076923076923
C11719,1,274.99,274.99,0.41,0.41
C08417,8,1525.04,190.63,0.79,0.27875
C03774,1,108.58,108.58,0.42,0.42
C11244,2,450.05999999999995,225.02999999999997,0.31,0.265
C04968,17,4375.28,257.3694117647059,0.82,0.35352941176470587
C00455,2,230.07,115.035,0.1,0.065
C12293,8,6300.21,787.52625,0.63,0.22999999999999998
C11011,18,2449.52,136.08444444444444,0.84,0.24666666666666665
C09759,4,307.99,76.9975,0.31,0.16749999999999998
C05417,8,4242.75,530.34375,0.41,0.14375
C00058,1,101.39,101.39,0.05,0.05
C13176,2,68.03999999999999,34.019999999999996,0.18,0.13
C04642,6,491.99,81.99833333333333,0.3,0.17166666666666666
C12497,5,350.89,70.178,0.28,0.152
C02054,21,2663.2200000000003,126.82000000000001,0.35,0.11523809523809524
C05895,8,305.74,38.2175,0.27,0.1275
C10294,9,878.64,97.62666666666667,0.66,0.28
C12639,2,400.01,200.005,0.13,0.10500000000000001
C13552,2,126.94,63.47,0.26,0.175
C04318,22,1767.34,80.33363636363636,0.42,0.1527272727272727
C11737,17,801.41,47.14176470588235,0.79,0.17823529411764705
C01090,17,2420.06,142.35647058823528,0.35,0.11
C11729,2,164.48,82.24,0.28,0.22500000000000003
C07482,17,3805.29,223.84058823529412,0.69,0.16999999999999998
C12704,1,15.03,15.03,0.1,0.1
C03253,6,999.94,166.65666666666667,0.69,0.22666666666666666
C06199,2,62.01,31.005,0.14,0.085
C11490,13,1870.13,143.85615384615386,0.8,0.25384615384615383
C09501,7,927.03,132.43285714285713,0.42,0.13999999999999999
C07940,7,735.9300000000001,105.13285714285715,0.52,0.11714285714285713
C08056,3,92.96000000000001,30.986666666666668,0.11,0.05666666666666667
C03697,6,424.94,70.82333333333334,0.63,0.33166666666666667
C12380,5,675.06,135.012,0.52,0.196
C11242,3,2267.06,755.6866666666666,0.14,0.12000000000000001
C02453,9,1251.1599999999999,139.01777777777775,0.18,0.06777777777777777
C04691,7,395.26,56.465714285714284,0.09,0.054285714285714284
C07340,7,2847.12,406.7314285714286,0.47,0.1942857142857143
C10625,5,618.84,123.768,0.8,0.24800000000000005
C05756,5,799.87,159.974,0.58,0.278
C02983,3,356.0,118.66666666666667,0.27,0.20000000000000004
C11182,2,51.91,25.955,0.03,0.02
C12775,10,1368.41,136.841,0.29,0.175
C03704,1,290.78,290.78,0.14,0.14
C12069,6,2742.97,457.16166666666663,0.65,0.21666666666666667
C08576,1,68.99,68.99,0.12,0.12
C06188,7,491.38,70.19714285714285,0.38,0.20714285714285716
C00469,3,1625.03,541.6766666666666,0.16,0.09999999999999999
C08043,1,174.04,174.04,0.19,0.19
C13079,7,1795.45,256.49285714285713,0.27,0.12142857142857143
C08184,5,1000.05,200.01,0.69,0.462
C04941,2,439.99,219.995,0.35,0.295
C08840,16,2803.8,175.2375,0.69,0.204375
C13450,5,600.17,120.03399999999999,0.91,0.41200000000000003
C09334,5,401.56,80.312,0.74,0.278
C10963,1,39.06,39.06,0.38,0.38
C07267,58,6087.33,104.95396551724137,0.51,0.1256896551724138
C08634,51,3733.85,73.2127450980392,0.7,0.13215686274509805
C06189,18,2083.95,115.77499999999999,0.26,0.12222222222222223
C11379,15,2079.52,138.63466666666667,0.33,0.10466666666666667
C02126,27,1990.17,73.71000000000001,0.38,0.15259259259259259
C08156,10,1365.33,136.533,0.46,0.135
C09884,7,1595.49,227.92714285714285,0.52,0.22428571428571428
C05033,1,82.96,82.96,0.15,0.15
C10159,7,1259.61,179.9442857142857,0.2,0.10285714285714286
C07881,18,2450.78,136.15444444444447,0.32,0.11944444444444444
C09476,10,999.71,99.971,0.62,0.196
C05203,1,499.98,499.98,0.8,0.8
C11302,2,199.96,99.98,0.39,0.24
C02123,9,414.19,46.02111111111111,0.65,0.21333333333333332
C09511,5,449.97,89.994,0.13,0.11600000000000002
C03918,5,944.72,188.94400000000002,0.18,0.13999999999999999
C07140,1,149.96,149.96,0.07,0.07
C00541,1,49.97,49.97,0.31,0.31
C05882,12,872.5,72.70833333333333,0.35,0.115
C12937,1,125.89,125.89,0.18,0.18
C03896,5,713.25,142.65,0.27,0.176
C00758,4,496.87,124.2175,0.29,0.08499999999999999
C03211,8,962.01,120.25125,0.4,0.20875
C00697,10,1677.73,167.773,0.34,0.11000000000000001
C09984,1,50.03,50.03,0.42,0.42
C10423,2,73.11,36.555,0.7,0.53
C01699,1,14.97,14.97,0.04,0.04
C11758,2,1632.75,816.375,0.78,0.49
C02554,16,3019.92,188.745,0.91,0.5175000000000001
C06587,10,1055.21,105.521,0.3,0.133
C02884,4,678.76,169.69,0.25,0.175
C12876,2,101.69,50.845,0.03,0.02
C01185,49,3706.68,75.64653061224489,0.48,0.1553061224489796
C08708,3,78.37,26.123333333333335,0.54,0.32333333333333336
C05586,1,200.04,200.04,0.23,0.23
C01173,2,200.95,100.475,0.2,0.10500000000000001
C06269,18,4906.73,272.5961111111111,0.75,0.2561111111111111
C06307,6,524.86,87.47666666666667,0.53,0.30833333333333335
C00730,25,3932.79,157.3116,0.8,0.2632
C06716,1,49.93,49.93,0.28,0.28
C07457,31,8085.86,260.8341935483871,0.56,0.18483870967741936
C13498,13,2671.37,205.48999999999998,0.26,0.12384615384615386
C07682,5,272.1,54.42,0.64,0.26
C01702,15,1731.63,115.44200000000001,0.38,0.15133333333333335
C07064,11,813.96,73.99636363636364,0.3,0.11727272727272728
C12366,1,83.27,83.27,0.08,0.08
C00290,8,566.03,70.75375,0.53,0.13625
C07579,1,150.07,150.07,0.15,0.15
C00784,10,1642.88,164.288,0.22,0.096
C11405,4,177.13,44.2825,0.13,0.0925
C01004,17,1427.15,83.95,0.66,0.15647058823529414
C06271,13,653.8100000000001,50.293076923076924,0.36,0.12846153846153846
C13175,7,924.69,132.09857142857143,0.84,0.3171428571428571
C02503,1,19.98,19.98,0.52,0.52
C03610,2,199.98,99.99,0.16,0.085
C05927,17,1617.0900000000001,95.12294117647059,0.33,0.13647058823529412
C11767,9,2456.62,272.9577777777778,0.31,0.13333333333333333
C13461,13,712.42,54.801538461538456,0.42,0.15153846153846154
C10761,3,549.92,183.30666666666664,0.13,0.07333333333333333
C00544,3,956.7,318.90000000000003,0.32,0.19666666666666666
C06228,29,8724.77,300.8541379310345,0.93,0.26862068965517244
C02118,17,1268.15,74.59705882352942,0.54,0.16058823529411764
C08716,25,6435.95,257.438,0.5,0.16079999999999997
C08617,4,439.97999999999996,109.99499999999999,0.29,0.20249999999999999
C02612,3,337.95,112.64999999999999,0.16,0.11
C13434,5,760.33,152.066,0.41,0.19
C08686,1,100.02,100.02,0.24,0.24
C12747,4,761.75,190.4375,0.43,0.26749999999999996
C11391,1,350.04,350.04,0.08,0.08
C03650,42,8289.14,197.36047619047616,0.85,0.27
C02466,1,67.03,67.03,0.7,0.7
C12755,20,3099.77,154.9885,0.84,0.253
C11678,10,1298.8600000000001,129.88600000000002,0.41,0.134
C06241,11,783.84,71.25818181818182,0.2,0.08090909090909092
C12729,33,5815.67,176.23242424242426,0.41,0.16969696969696968
C05669,1,59.08,59.08,0.3,0.3
C11416,8,365.63,45.70375,0.85,0.22625
C12257,4,1586.12,396.53,0.2,0.1125
C12169,5,644.75,128.95,0.18,0.10600000000000001
C12254,4,350.06,87.515,0.3,0.16
C09139,12,897.45,74.78750000000001,0.21,0.11666666666666668
C11712,1,29.96,29.96,0.18,0.18
C06572,4,890.93,222.7325,0.14,0.10500000000000001
C04115,8,1761.8100000000002,220.22625000000002,0.78,0.16875
C02589,1,26.66,26.66,0.81,0.81
C08628,7,209.61,29.944285714285716,0.66,0.27
C01717,1,25.09,25.09,0.09,0.09
C13214,15,1445.37,96.35799999999999,0.21,0.082
C10532,2,299.9,149.95,0.25,0.245
C11766,1,24.97,24.97,0.03,0.03
C06007,1,50.08,50.08,0.07,0.07
C09060,9,748.92,83.21333333333332,0.24,0.09111111111111111
C04048,1,124.91,124.91,0.18,0.18
C04194,11,1725.64,156.87636363636364,0.8,0.19454545454545455
C07773,40,4697.85,117.44625,0.58,0.13674999999999998
C03014,4,449.84999999999997,112.46249999999999,0.53,0.21750000000000003
C04886,1,49.96,49.96,0.04,0.04
C11299,2,31.38,15.69,0.11,0.075
C12967,6,749.89,124.98166666666667,0.54,0.33166666666666667
C01946,1,100.03,100.03,0.21,0.21
C06522,9,646.1700000000001,71.79666666666668,0.72,0.20888888888888887
C04607,12,1305.4299999999998,108.78583333333331,0.21,0.08666666666666667
C08294,18,2850.14,158.3411111111111,0.84,0.30166666666666664
C13180,32,4060.98,126.905625,0.3,0.0978125
C01226,13,3149.96,242.30461538461537,0.88,0.2646153846153846
C07272,1,58.92,58.92,0.02,0.02
C04404,1,99.95,99.95,0.17,0.17
C04000,4,543.9100000000001,135.97750000000002,0.17,0.0825
C07071,1,100.03,100.03,0.01,0.01
C04972,6,850.05,141.67499999999998,0.64,0.2383333333333333
C04856,2,779.9,389.95,0.14,0.11000000000000001
C03017,4,235.89,58.9725,0.26,0.1325
C07248,3,2425.01,808.3366666666667,0.14,0.12666666666666668
C06728,9,1093.89,121.54333333333335,0.49,0.14777777777777779
C00908,6,941.73,156.955,0.62,0.21333333333333335
C09633,2,135.01,67.505,0.46,0.34500000000000003
C08069,2,3104.7799999999997,1552.3899999999999,0.11,0.08
C01555,20,3678.7,183.935,0.57,0.148
C12565,7,3022.0899999999997,431.72714285714284,0.68,0.25
C02392,1,250.08,250.08,0.07,0.07
C08589,4,237.87,59.4675,0.38,0.20500000000000002
C06814,28,3057.18,109.18499999999999,0.34,0.13
C11568,1,299.99,299.99,0.06,0.06
C08115,10,2590.93,259.09299999999996,0.39,0.177
C09651,5,475.12,95.024,0.84,0.42400000000000004
C02275,2,89.07,44.535,0.44,0.36
C06551,2,116.06,58.03,0.19,0.13
C01969,2,90.44,45.22,0.41,0.265
C06996,5,799.91,159.982,0.82,0.392
C03109,5,207.69,41.538,0.63,0.192
C13150,1,226.05,226.05,0.24,0.24
C08930,5,646.75,129.35,0.16,0.072
C08727,13,10164.76,781.9046153846155,0.84,0.19076923076923077
C12398,6,458.9,76.48333333333333,0.5,0.17500000000000002
C02066,1,319.47,319.47,0.12,0.12
C01385,2,124.96000000000001,62.480000000000004,0.5,0.255
C06693,14,1221.77,87.26928571428572,0.28,0.125
C08829,10,377.46,37.745999999999995,0.36,0.129
C12452,5,190.07,38.013999999999996,0.33,0.138
C11607,18,4607.23,255.95722222222219,0.64,0.14944444444444444
C02869,2,1015.01,507.505,0.14,0.07500000000000001
C05072,13,645.27,49.636153846153846,0.4,0.11307692307692307
C06534,1,50.09,50.09,0.34,0.34
C04279,3,300.22,100.07333333333334,0.3,0.16
C00771,3,527.84,175.9466666666667,0.34,0.17
C13323,2,125.09,62.545,0.84,0.45999999999999996
C05324,4,500.02,125.005,0.24,0.08249999999999999
C05853,5,474.95,94.99,0.81,0.21200000000000002
C10898,10,2403.94,240.394,0.77,0.31
C09547,1,50.0,50.0,0.02,0.02
C03904,15,1982.81,132.18733333333333,0.87,0.234
C00227,4,624.96,156.24,0.84,0.31
C09134,32,2554.06,79.814375,0.52,0.13375
C06126,3,3815.9,1271.9666666666667,0.5,0.25666666666666665
C01843,5,788.1,157.62,0.6,0.264
C03100,23,8442.9,367.08260869565214,0.57,0.1517391304347826
C04519,19,2396.36,126.12421052631579,0.64,0.16789473684210526
C06723,6,565.02,94.17,0.25,0.14333333333333334
C01884,25,3498.29,139.9316,0.45,0.1008
C10825,15,1407.1000000000001,93.80666666666667,0.23,0.09933333333333333
C11778,5,250.48,50.096,0.31,0.156
C11371,12,1268.31,105.6925,0.46,0.1575
C12411,1,58.98,58.98,0.02,0.02
C07450,4,1615.06,403.765,0.68,0.2875
C11609,17,2210.08,130.00470588235294,0.82,0.32235294117647056
C04439,2,218.01,109.005,0.05,0.035
C00083,3,127.04,42.34666666666667,0.38,0.21666666666666667
C04644,6,1150.21,191.70166666666668,0.86,0.40166666666666667
C04531,15,1049.29,69.95266666666666,0.35,0.10800000000000001
C05412,23,1441.96,62.69391304347826,0.37,0.10478260869565217
C04238,2,310.1,155.05,0.34,0.21000000000000002
C05954,6,718.86,119.81,0.25,0.08666666666666667
C12969,5,1571.84,314.368,0.2,0.11599999999999999
C00381,8,2995.77,374.47125,0.44,0.20124999999999998
C00296,8,2702.77,337.84625,0.84,0.2975
C02660,4,1783.81,445.9525,0.79,0.2925
C09239,3,304.87,101.62333333333333,0.44,0.2733333333333334
C03048,9,924.86,102.76222222222222,0.33,0.1311111111111111
C11755,9,949.96,105.55111111111111,0.54,0.18333333333333335
C04808,16,4378.84,273.6775,0.23,0.12562500000000001
C04405,2,93.0,46.5,0.28,0.22500000000000003
C01485,4,335.0,83.75,0.28,0.11750000000000001
C09470,10,1550.01,155.001,0.94,0.361
C02347,8,690.15,86.26875,0.79,0.3125
C00609,3,301.02,100.33999999999999,0.15,0.12
C08192,1,53.88,53.88,0.11,0.11
C06689,1,249.93,249.93,0.2,0.2
C07312,4,318.71999999999997,79.67999999999999,0.23,0.155
C01424,14,2274.74,162.48142857142855,0.86,0.26285714285714284
C07317,1,116.95,116.95,0.02,0.02
C07535,31,3354.95,108.22419354838709,0.47,0.16548387096774192
C08207,27,8729.82,323.32666666666665,0.84,0.15962962962962962
C01140,5,1100.15,220.03000000000003,0.78,0.318
C07000,6,159.45,26.575,0.75,0.245
C10001,24,5230.7300000000005,217.94708333333335,0.33,0.1225
C10366,2,199.89999999999998,99.94999999999999,0.29,0.19
C05640,7,372.84,53.262857142857136,0.24,0.09142857142857141
C12901,26,2292.48,88.1723076923077,0.82,0.23615384615384613
C07917,19,2814.83,148.14894736842106,0.76,0.23842105263157895
C03870,4,666.8,166.7,0.28,0.13
C04135,15,1155.42,77.028,0.79,0.20866666666666667
C01203,1,100.0,100.0,0.04,0.04
C11998,16,2600.19,162.511875,0.85,0.250625
C06074,8,336.87,42.10875,0.25,0.14625
C12043,8,1338.53,167.31625,0.76,0.295
C00831,1,117.07,117.07,0.01,0.01
C01171,2,130.02,65.01,0.64,0.385
C07638,45,1914.56,42.54577777777778,0.83,0.2902222222222222
C01027,8,807.97,100.99625,0.28,0.10125
C02262,5,125.21,25.041999999999998,0.32,0.10800000000000001
C09760,7,903.03,129.00428571428571,0.33,0.13428571428571429
C12761,15,729.35,48.623333333333335,0.31,0.13733333333333334
C10636,2,234.01999999999998,117.00999999999999,0.16,0.15000000000000002
C08015,5,424.64,84.928,0.15,0.10200000000000001
C12591,3,245.09,81.69666666666667,0.82,0.5266666666666667
C00927,7,183.75,26.25,0.23,0.12714285714285714
C04809,7,714.8,102.11428571428571,0.16,0.09142857142857143
C10623,1,300.02,300.02,0.07,0.07
C02788,10,1563.2,156.32,0.23,0.123
C05489,3,249.0,83.0,0.26,0.14666666666666667
C04816,8,1452.58,181.5725,0.28,0.11624999999999999
C10538,1,59.04,59.04,0.11,0.11
C03155,6,629.85,104.97500000000001,0.59,0.3
C12386,28,2510.19,89.64964285714287,0.92,0.1807142857142857
C12468,16,1843.0,115.1875,0.81,0.1675
C05172,4,340.01,85.0025,0.15,0.09
C03130,1,299.99,299.99,0.1,0.1
C02974,48,4610.09,96.04354166666667,0.53,0.141875
C05386,4,194.54,48.635,0.14,0.10500000000000001
C07812,5,885.37,177.074,0.26,0.188
C03428,3,452.40999999999997,150.8033333333333,0.14,0.11333333333333334
C06966,24,1148.11,47.837916666666665,0.81,0.1525
C07995,17,447.45000000000005,26.32058823529412,0.9,0.17941176470588238
C04435,15,2599.99,173.33266666666665,0.81,0.30333333333333334
C05446,4,292.62,73.155,0.18,0.095
C05755,17,7650.34,450.02,0.93,0.22411764705882353
C00790,2,109.07,54.535,0.86,0.615
C05697,5,1108.59,221.718,0.76,0.324
C01550,9,1266.8600000000001,140.76222222222225,0.6,0.2033333333333333
C05795,1,137.02,137.02,0.1,0.1
C00457,6,684.0,114.0,0.48,0.19499999999999998
C04848,20,2900.38,145.019,0.76,0.244
C06769,1,49.93,49.93,0.21,0.21
C11110,6,2549.97,424.99499999999995,0.63,0.39999999999999997
C02592,17,2179.13,128.18411764705883,0.9,0.22294117647058823
C09001,1,49.99,49.99,0.24,0.24
C01810,81,3173.3,39.17654320987655,0.67,0.1528395061728395
C10150,23,1139.61,49.54826086956521,0.58,0.18434782608695652
C08546,18,2868.71,159.37277777777777,0.47,0.1311111111111111
C09133,4,429.52,107.38,0.62,0.2225
C06166,7,529.78,75.68285714285715,0.84,0.3271428571428571
C12960,15,1050.07,70.00466666666667,0.8,0.242
C09003,3,137.9,45.96666666666667,0.04,0.03
C04477,5,449.99,89.998,0.63,0.262
C12445,11,6475.13,588.6481818181818,0.77,0.2
C03663,6,924.69,154.115,0.4,0.21666666666666667
C04989,3,191.05,63.68333333333334,0.16,0.09333333333333334
C06016,16,3724.96,232.81,0.19,0.069375
C01112,2,150.15,75.075,0.7,0.40499999999999997
C07151,11,1319.86,119.98727272727272,0.25,0.10454545454545454
C10789,5,846.02,169.204,0.16,0.10400000000000001
C03367,10,1356.6299999999999,135.66299999999998,0.3,0.132
C03387,3,128.04,42.68,0.5,0.21
C03763,11,871.39,79.21727272727273,0.78,0.22545454545454546
C03288,4,10968.53,2742.1325,0.5,0.3575
C12441,23,4649.89,202.16913043478263,0.77,0.23956521739130435
C08243,6,1081.82,180.3033333333333,0.3,0.11499999999999999
C05934,20,3079.47,153.9735,0.79,0.2525
C01704,1,49.91,49.91,0.05,0.05
C02160,7,415.25,59.32142857142857,0.46,0.15571428571428572
C11518,3,198.46,66.15333333333334,0.12,0.07333333333333333
C07187,20,4025.04,201.252,0.89,0.281
C08661,8,1250.17,156.27125,0.77,0.4525
C07744,9,726.65,80.73888888888888,0.41,0.1488888888888889
C02017,2,108.01,54.005,0.61,0.5449999999999999
C12046,26,2343.36,90.12923076923077,0.36,0.1123076923076923
C03075,3,99.69,33.23,0.66,0.2733333333333334
C02236,9,1444.87,160.5411111111111,0.13,0.07
C07168,2,100.05000000000001,50.025000000000006,0.2,0.185
C00875,9,1966.0500000000002,218.45000000000002,0.37,0.21000000000000002
C03734,5,661.02,132.204,0.44,0.20800000000000002
C05295,7,936.83,133.83285714285714,0.36,0.15571428571428572
C01435,1,40.01,40.01,0.9,0.9
C12197,1,149.91,149.91,0.08,0.08
C07898,40,2046.12,51.153,0.84,0.1835
C11162,1,99.96,99.96,0.11,0.11
C09587,12,1884.56,157.04666666666665,0.33,0.13416666666666668
C05977,8,464.93,58.11625,0.6,0.25625
C02754,7,1185.3999999999999,169.34285714285713,0.68,0.23285714285714287
C09561,1,25.06,25.06,0.06,0.06
C12996,30,4591.26,153.042,0.48,0.15866666666666665
C03761,6,254.88,42.48,0.21,0.09000000000000001
C10064,20,753.75,37.6875,0.6,0.1955
C04870,24,10797.95,449.9145833333334,0.87,0.22166666666666668
C01565,4,273.84000000000003,68.46000000000001,0.27,0.1625
C02637,15,751.52,50.10133333333333,0.6,0.1713333333333333
C01251,23,4350.19,189.1386956521739,0.33,0.1334782608695652
C00999,11,1573.66,143.06,0.87,0.3790909090909091
C09861,28,8833.22,315.47214285714284,0.82,0.2207142857142857
C08761,4,750.09,187.5225,0.73,0.4625
C02766,6,397.77,66.295,0.19,0.09666666666666666
C02635,7,1831.5500000000002,261.65000000000003,0.25,0.11
C12950,4,2857.38,714.345,0.21,0.155
C03844,30,1271.63,42.38766666666667,0.74,0.154
C01429,13,1152.36,88.64307692307692,0.61,0.14846153846153845
C02794,6,402.07,67.01166666666667,0.47,0.18000000000000002
C05798,5,1124.9499999999998,224.98999999999995,0.72,0.332
C03626,13,1320.58,101.58307692307692,0.42,0.1176923076923077
C00063,6,2017.19,336.1983333333333,0.26,0.10333333333333333
C00693,33,6602.22,200.06727272727272,0.91,0.2018181818181818
C02088,2,549.95,274.975,0.27,0.17500000000000002
C13518,1,240.02,240.02,0.01,0.01
C12327,5,970.5600000000001,194.11200000000002,0.27,0.10200000000000001
C08007,2,305.16999999999996,152.58499999999998,0.2,0.135
C13475,7,993.1,141.87142857142857,0.34,0.14285714285714285
C09524,1,125.01,125.01,0.08,0.08
C09893,3,210.03,70.01,0.38,0.17666666666666667
C11037,28,2293.21,81.90035714285715,0.87,0.18535714285714286
C11347,34,2627.83,77.28911764705882,0.42,0.13147058823529412
C12191,36,1640.39,45.566388888888895,0.85,0.12472222222222223
C05043,1,199.92,199.92,0.26,0.26
C10637,32,828.02,25.875625,0.78,0.2303125
C10614,4,550.0699999999999,137.51749999999998,0.9,0.495
C03718,13,3339.12,256.8553846153846,0.78,0.14153846153846153
C12678,4,450.04999999999995,112.51249999999999,0.39,0.1875
C11271,36,2109.65,58.60138888888889,0.5,0.13444444444444445
C09438,9,989.83,109.98111111111112,0.82,0.3433333333333333
C10315,2,99.97,49.985,0.7,0.38
C06789,1,78.87,78.87,0.15,0.15
C01770,5,1848.0900000000001,369.61800000000005,0.43,0.22400000000000003
C13525,16,4449.89,278.118125,0.74,0.2175
C05835,7,883.45,126.20714285714287,0.2,0.12571428571428572
C12818,7,1319.91,188.55857142857144,0.68,0.20142857142857146
C05130,5,1378.9299999999998,275.78599999999994,0.72,0.22999999999999998
C08401,18,1718.73,95.485,0.73,0.175
C01660,4,639.76,159.94,0.11,0.0875
C10199,6,1439.74,239.95666666666668,0.37,0.16
C06767,10,531.63,53.163,0.29,0.129
C06285,4,285.05,71.2625,0.34,0.1825
C08235,14,4026.54,287.61,0.42,0.11571428571428573
C12172,4,237.99,59.4975,0.4,0.22999999999999998
C12336,15,714.52,47.63466666666667,0.87,0.21666666666666667
C07514,17,1488.19,87.54058823529412,0.27,0.10294117647058823
C00015,2,172.03,86.015,0.15,0.08
C05499,13,2730.29,210.0223076923077,0.58,0.23461538461538461
C09457,1,15.03,15.03,0.27,0.27
C08292,18,2152.29,119.57166666666666,0.48,0.13166666666666668
C02799,5,209.12,41.824,0.42,0.22800000000000004
C13128,1,180.09,180.09,0.19,0.19
C09366,4,750.1800000000001,187.54500000000002,0.21,0.1275
C02629,4,700.04,175.01,0.22,0.1075
C11798,3,474.96000000000004,158.32000000000002,0.88,0.47333333333333333
C08779,7,930.88,132.98285714285714,0.68,0.14857142857142858
C00020,34,2621.19,77.09382352941176,0.36,0.12382352941176471
C08273,7,441.38,63.05428571428571,0.2,0.11571428571428573
C08266,2,39.809999999999995,19.904999999999998,0.2,0.135
C03536,4,8065.85,2016.4625,0.28,0.1325
C02641,22,8547.4,388.5181818181818,0.75,0.16181818181818183
C12504,8,6883.06,860.3825,0.44,0.1625
C07119,12,2617.7900000000004,218.1491666666667,0.82,0.4141666666666666
C09127,2,1085.08,542.54,0.16,0.115
C12752,5,242.76,48.552,0.19,0.10800000000000001
C07029,3,186.94,62.31333333333333,0.74,0.3766666666666667
C11422,1,121.98,121.98,0.21,0.21
C12879,11,1693.72,153.97454545454545,0.21,0.1190909090909091
C00563,7,749.89,107.12714285714286,0.42,0.1157142857142857
C02726,1,99.94,99.94,0.12,0.12
C05211,1,34.91,34.91,0.29,0.29
C05352,3,544.88,181.62666666666667,0.22,0.1366666666666667
C00012,3,185.84,61.946666666666665,0.08,0.04
C01664,6,799.87,133.31166666666667,0.6,0.26166666666666666
C02095,34,1703.67,50.10794117647059,0.32,0.1338235294117647
C07384,2,544.97,272.485,0.05,0.035
C02748,10,1150.03,115.003,0.65,0.197
C05568,2,200.14,100.07,0.12,0.11499999999999999
C09528,5,1900.0400000000002,380.00800000000004,0.7,0.22799999999999998
C03490,17,1085.15,63.832352941176474,0.79,0.34058823529411764
C11343,21,1772.05,84.38333333333333,0.85,0.1433333333333333
C11044,8,574.67,71.83375,0.68,0.32875
C02324,7,624.67,89.23857142857142,0.41,0.13428571428571429
C08074,2,25.97,12.985,0.15,0.12
C02995,2,221.13,110.565,0.39,0.265
C01346,5,284.8,56.96,0.48,0.268
C01489,38,5966.18,157.00473684210527,0.6,0.13578947368421054
C01598,1,25.95,25.95,0.01,0.01
C04725,25,1707.35,68.294,0.27,0.09040000000000001
C08648,4,737.67,184.4175,0.29,0.145
C03499,5,308.9,61.779999999999994,0.19,0.05600000000000001
C07685,11,1804.21,164.01909090909092,0.87,0.2509090909090909
C13264,13,1575.53,121.19461538461539,0.4,0.15615384615384617
C02969,31,6075.34,195.97870967741935,0.34,0.14258064516129032
C02546,11,2566.42,233.3109090909091,0.73,0.19272727272727275
C09730,16,730.62,45.66375,0.31,0.13125
C10792,3,750.19,250.06333333333336,0.34,0.24666666666666667
C13389,8,2596.82,324.6025,0.89,0.47250000000000003
C12848,15,2887.98,192.532,0.46,0.15466666666666665
C06775,1,100.01,100.01,0.02,0.02
C06571,10,1324.94,132.494,0.74,0.281
C06277,7,353.13,50.44714285714286,0.27,0.09714285714285713
C12367,5,493.93,98.786,0.15,0.08
C08903,3,214.8,71.60000000000001,0.16,0.12666666666666668
C01416,18,1862.53,103.4738888888889,0.61,0.1922222222222222
C07708,6,1099.89,183.31500000000003,0.86,0.38000000000000006
C02278,13,763.08,58.698461538461544,0.24,0.13384615384615384
C01692,56,3677.54,65.67035714285714,0.61,0.14142857142857143
C08356,5,2328.07,465.61400000000003,0.46,0.238
C01750,2,200.05,100.025,0.47,0.24
C03923,4,1472.2,368.05,0.25,0.1275
C00572,5,110.0,22.0,0.73,0.396
C07616,20,11979.95,598.9975000000001,0.51,0.17450000000000002
C03453,7,999.99,142.8557142857143,0.81,0.3614285714285715
C02105,3,258.4,86.13333333333333,0.17,0.07333333333333335
C13091,2,225.0,112.5,0.33,0.225
C12681,2,34.15,17.075,0.32,0.215
C04978,11,1111.06,101.00545454545454,0.4,0.20272727272727273
C03235,10,858.55,85.85499999999999,0.37,0.143
C12155,2,292.83,146.415,0.29,0.18
C11957,2,439.88,219.94,0.02,0.015
C12597,1,125.01,125.01,0.48,0.48
C07698,12,3474.9,289.575,0.85,0.18166666666666667
C00293,16,1199.7,74.98125,0.37,0.12812500000000002
C01019,2,75.06,37.53,0.29,0.245
C01238,13,885.71,68.13153846153847,0.29,0.14615384615384613
C07534,2,218.91,109.455,0.14,0.095
C06566,11,1177.64,107.05818181818182,0.34,0.15545454545454546
C11214,50,2213.25,44.265,0.62,0.13040000000000002
C12479,37,5429.66,146.74756756756756,0.66,0.11621621621621621
C09238,49,21208.79,432.83244897959185,0.86,0.1636734693877551
C04111,1,2293.29,2293.29,0.16,0.16
C06765,4,450.03999999999996,112.50999999999999,0.79,0.515
C10050,16,1592.59,99.536875,0.49,0.130625
C06679,4,231.54999999999998,57.887499999999996,0.34,0.17250000000000001
C00550,11,1923.24,174.84,0.51,0.17727272727272728
C10254,10,1718.51,171.851,0.47,0.11699999999999999
C06292,3,772.84,257.61333333333334,0.24,0.13333333333333333
C06611,10,1118.0900000000001,111.80900000000001,0.45,0.158
C10483,11,333.11,30.282727272727275,0.72,0.18727272727272729
C08168,52,2893.4,55.642307692307696,0.4,0.13576923076923078
C09324,10,899.4,89.94,0.2,0.083
C02561,2,149.98,74.99,0.19,0.125
C04120,7,790.96,112.99428571428572,0.44,0.14142857142857143
C12819,8,1265.83,158.22875,0.18,0.09125
C07466,20,5182.08,259.104,0.65,0.182
C03975,14,2399.86,171.41857142857143,0.72,0.30357142857142855
C01768,5,217.70000000000002,43.540000000000006,0.21,0.096
C06278,2,333.96000000000004,166.98000000000002,0.07,0.04
C04635,10,1500.15,150.01500000000001,0.65,0.23400000000000004
C13506,4,132.39,33.0975,0.28,0.16
C00255,28,2861.09,102.18178571428572,0.76,0.1525
C04384,22,3701.04,168.2290909090909,0.65,0.15000000000000002
C01325,2,75.02,37.51,0.63,0.395
C12575,1,96.91,96.91,0.01,0.01
C05282,6,756.65,126.10833333333333,0.31,0.17166666666666666
C01601,4,1499.91,374.9775,0.76,0.2825
C08764,2,200.02999999999997,100.01499999999999,0.14,0.09000000000000001
C07489,2,500.0,250.0,0.06,0.06
C02866,17,1921.31,113.01823529411764,0.79,0.2282352941176471
C04299,3,192.5,64.16666666666667,0.79,0.37000000000000005
C07293,5,1301.88,260.37600000000003,0.44,0.322
C02814,63,6181.86,98.1247619047619,0.6,0.13333333333333333
C12697,8,2506.9700000000003,313.37125000000003,0.73,0.1925
C05793,14,798.54,57.03857142857142,0.74,0.17142857142857143
C02932,1,75.04,75.04,0.71,0.71
C09020,11,1938.95,176.26818181818183,0.25,0.11727272727272728
C02125,6,597.74,99.62333333333333,0.18,0.11166666666666668
C00582,2,262.93,131.465,0.42,0.22499999999999998
C00103,13,10090.17,776.1669230769231,0.78,0.24076923076923076
C13086,45,6129.88,136.21955555555556,0.91,0.2997777777777778
C07618,3,163.95,54.65,0.75,0.37333333333333335
C02025,25,1441.91,57.6764,0.42,0.11359999999999999
C02122,2,89.14,44.57,0.02,0.02
C06101,6,773.02,128.83666666666667,0.47,0.19999999999999998
C00399,13,2928.22,225.2476923076923,0.68,0.20384615384615384
C10975,1,73.93,73.93,0.37,0.37
C11858,2,399.86,199.93,0.08,0.07
C05337,8,1464.6200000000001,183.07750000000001,0.33,0.12125
C04826,2,50.019999999999996,25.009999999999998,0.1,0.060000000000000005
C03237,14,2249.98,160.71285714285713,0.74,0.30142857142857143
C11699,1,52.41,52.41,0.06,0.06
C00798,1,100.03,100.03,0.03,0.03
C12891,4,324.90999999999997,81.22749999999999,0.78,0.3225
C07157,1,249.94,249.94,0.02,0.02
C01102,10,1475.4099999999999,147.541,0.37,0.153
C12935,20,8515.23,425.76149999999996,0.8,0.16699999999999998
C10838,4,550.01,137.5025,0.82,0.305
C08672,7,2463.88,351.98285714285714,0.23,0.15142857142857144
C06850,5,212.14,42.428,0.72,0.274
C02143,2,100.0,50.0,0.39,0.255
C06702,5,163.49,32.698,0.21,0.066
C07452,6,459.90999999999997,76.65166666666666,0.83,0.3566666666666667
C08982,2,99.02000000000001,49.510000000000005,0.67,0.405
C01933,18,5674.86,315.27,0.76,0.3472222222222222
C01901,3,38.47,12.823333333333332,0.48,0.24666666666666667
C12486,2,79.44,39.72,0.16,0.14500000000000002
C04517,7,498.08000000000004,71.15428571428572,0.19,0.07857142857142858
C10632,3,435.17999999999995,145.05999999999997,0.88,0.32
C04310,4,178.51999999999998,44.629999999999995,0.21,0.11
C09642,9,723.54,80.39333333333333,0.58,0.18888888888888888
C13350,2,129.95,64.975,0.3,0.155
C12309,5,749.97,149.994,0.84,0.34199999999999997
C03876,1,57.96,57.96,0.04,0.04
C12283,47,11914.89,253.50829787234042,0.71,0.13553191489361702
C12985,5,254.04,50.808,0.56,0.266
C00269,4,505.14,126.285,0.26,0.1575
C11124,9,1949.85,216.64999999999998,0.72,0.25777777777777783
C12805,2,100.08,50.04,0.2,0.13
C03603,15,1670.17,111.34466666666667,0.36,0.13733333333333334
C00520,10,360.61,36.061,0.39,0.182
C04588,12,527.7,43.975,0.45,0.15916666666666668
C07587,8,1222.9,152.8625,0.23,0.1125
C03658,40,9239.48,230.987,0.5,0.15125
C01684,49,4251.13,86.75775510204082,0.31,0.12510204081632653
C12262,2,889.04,444.52,0.54,0.39
C09890,2,1100.0700000000002,550.0350000000001,0.06,0.055
C05623,22,2338.5499999999997,106.29772727272726,0.58,0.20136363636363636
C06638,7,359.7,51.385714285714286,0.35,0.12571428571428572
C05516,1,43.62,43.62,0.08,0.08
C04334,2,250.1,125.05,0.4,0.375
C07089,1,450.04,450.04,0.19,0.19
C00576,14,1654.04,118.14571428571428,0.27,0.11642857142857142
C09503,9,949.8199999999999,105.53555555555555,0.76,0.26666666666666666
C08750,5,167.02,33.404,0.52,0.33599999999999997
C10970,17,1098.47,64.61588235294118,0.27,0.1223529411764706
C09597,3,274.87,91.62333333333333,0.15,0.07333333333333333
C07479,10,687.67,68.767,0.28,0.10600000000000001
C02273,1,99.92,99.92,0.03,0.03
C11086,8,687.1800000000001,85.89750000000001,0.31,0.08625
C12909,17,2182.93,128.40764705882353,0.8,0.16588235294117645
C11654,4,374.91,93.7275,0.57,0.21
C10442,3,513.21,171.07000000000002,0.44,0.19666666666666668
C03671,3,926.06,308.68666666666667,0.17,0.12333333333333334
C11389,4,559.51,139.8775,0.23,0.12
C01172,16,1173.57,73.348125,0.58,0.15375
C03587,2,225.09,112.545,0.7,0.415
C11499,8,4518.67,564.83375,0.75,0.26375
C07302,36,2192.45,60.90138888888888,0.29,0.11416666666666668
C06482,3,450.11,150.03666666666666,0.26,0.15666666666666668
C02027,1,92.5,92.5,0.15,0.15
C04553,10,829.5,82.95,0.45,0.142
C10061,22,1549.07,70.41227272727272,0.64,0.16454545454545455
C07138,1,24.97,24.97,0.06,0.06
C06364,1,50.07,50.07,0.01,0.01
C11180,1,130.54,130.54,0.02,0.02
C05086,13,1900.5,146.19230769230768,0.79,0.3676923076923077
C02936,8,210.19,26.27375,0.31,0.18125000000000002
C01279,49,2070.23,42.249591836734695,0.54,0.1426530612244898
C05308,18,2415.48,134.19333333333333,0.38,0.12888888888888891
C09085,1,250.01,250.01,0.02,0.02
C08353,4,349.88,87.47,0.76,0.32
C07485,38,4665.12,122.76631578947368,0.5,0.14789473684210527
C07470,4,575.9,143.975,0.87,0.23500000000000001
C00230,6,1724.83,287.47166666666664,0.74,0.4166666666666667
C12287,9,1130.87,125.6522222222222,0.21,0.08222222222222222
C11427,6,650.1800000000001,108.36333333333334,0.82,0.26499999999999996
C09664,10,3150.35,315.03499999999997,0.86,0.296
C05025,16,10312.72,644.545,0.41,0.15125
C01876,5,600.05,120.00999999999999,0.47,0.22199999999999998
C12466,5,250.84,50.168,0.61,0.26799999999999996
C12015,7,790.97,112.99571428571429,0.15,0.09
C04559,1,72.52,72.52,0.07,0.07
C02322,1,762.02,762.02,0.3,0.3
C04329,16,2521.69,157.605625,0.71,0.15875
C04710,15,7149.91,476.66066666666666,0.85,0.348
C04103,10,1180.28,118.02799999999999,0.27,0.13899999999999998
C05313,8,509.0,63.625,0.33,0.1825
C12268,36,2342.23,65.06194444444445,0.77,0.11972222222222223
C02450,4,1385.3700000000001,346.34250000000003,0.65,0.2225
C06164,1,150.0,150.0,0.01,0.01
C08234,2,274.99,137.495,0.53,0.29000000000000004
C07407,14,464.94,33.21,0.3,0.09999999999999999
C02711,1,50.07,50.07,0.04,0.04
C11979,1,23.96,23.96,0.05,0.05
C05558,1,49.93,49.93,0.24,0.24
C07451,4,199.87,49.9675,0.44,0.15
C10142,4,60.08,15.02,0.56,0.15250000000000002
C12168,3,534.54,178.17999999999998,0.18,0.10333333333333333
C03439,1,57.91,57.91,0.07,0.07
C10092,9,712.47,79.16333333333334,0.32,0.13333333333333333
C09654,35,7436.18,212.4622857142857,0.45,0.12228571428571429
C02807,3,225.85999999999999,75.28666666666666,0.14,0.12333333333333334
C03422,9,1200.69,133.41,0.39,0.18444444444444447
C12883,2,70.71,35.355,0.15,0.13
C06515,12,1146.03,95.5025,0.77,0.21666666666666667
C07014,3,275.05,91.68333333333334,0.61,0.41
C06808,1,149.96,149.96,0.13,0.13
C02295,8,1569.57,196.19625,0.63,0.22125
C01743,12,1545.09,128.7575,0.71,0.24083333333333334
C00054,1,35.87,35.87,0.19,0.19
C10089,5,325.82,65.164,0.31,0.09
C00555,8,1504.85,188.10625,0.61,0.23500000000000001
C12771,5,4100.87,820.174,0.38,0.192
C04922,9,894.01,99.33444444444444,0.2,0.08555555555555555
C09652,3,1300.11,433.36999999999995,0.64,0.4166666666666667
C08237,1,99.91,99.91,0.11,0.11
C04570,59,20229.23,342.86830508474577,0.91,0.24983050847457627
C09602,7,1150.28,164.32571428571427,0.71,0.26
C04887,3,729.77,243.25666666666666,0.09,0.04
C11415,17,2608.85,153.46176470588236,0.28,0.12764705882352942
C09999,14,1450.27,103.59071428571428,0.91,0.26285714285714284
C06301,4,780.92,195.23,0.22,0.1125
C12214,3,249.84,83.28,0.12,0.07666666666666666
C04340,1,100.03,100.03,0.04,0.04
C01353,9,275.65,30.627777777777776,0.26,0.12111111111111111
C04086,1,50.0,50.0,0.18,0.18
C06230,2,103.52000000000001,51.760000000000005,0.16,0.09
C07679,6,629.34,104.89,0.25,0.13833333333333334
C10593,4,580.8,145.2,0.61,0.31
C06406,2,88.53999999999999,44.269999999999996,0.11,0.065
C08058,8,588.62,73.5775,0.35,0.12625
C10515,3,588.87,196.29,0.07,0.05000000000000001
C07836,3,475.12,158.37333333333333,0.74,0.3433333333333333
C07789,7,380.14,54.30571428571428,0.9,0.27714285714285714
C03195,11,521.51,47.41,0.35,0.1509090909090909
C11515,42,7101.56,169.0847619047619,0.6,0.13380952380952382
C11050,13,4381.23,337.0176923076923,0.25,0.1623076923076923
C02417,12,1730.3899999999999,144.19916666666666,0.26,0.10666666666666667
C01587,3,152.52,50.84,0.11,0.09333333333333334
C12997,1,100.09,100.09,0.26,0.26
C02293,14,1747.96,124.85428571428572,0.8,0.24857142857142858
C10605,26,3178.02,122.23153846153846,0.41,0.1553846153846154
C09328,2,84.0,42.0,0.4,0.23500000000000001
C07334,7,404.77,57.824285714285715,0.29,0.13285714285714284
C03773,28,1115.66,39.845000000000006,0.95,0.30892857142857144
C02115,3,264.89,88.29666666666667,0.44,0.2966666666666667
C07669,16,3027.38,189.21125,0.65,0.16187500000000002
C00675,1,44.53,44.53,0.28,0.28
C11342,22,1839.6100000000001,83.61863636363637,0.4,0.12136363636363635
C05287,5,847.56,169.512,0.18,0.096
C05034,2,127.41,63.705,0.04,0.035
C09028,4,137.26,34.315,0.27,0.175
C05906,7,500.20000000000005,71.45714285714287,0.92,0.4571428571428572
C01468,28,3097.85,110.6375,0.34,0.14821428571428572
C03212,17,9125.0,536.7647058823529,0.76,0.18176470588235294
C04503,16,1874.8,117.175,0.34,0.1375
C12393,1,100.06,100.06,0.18,0.18
C06336,27,8639.15,319.9685185185185,0.63,0.15703703703703706
C02403,1,49.99,49.99,0.09,0.09
C09278,2,800.0799999999999,400.03999999999996,0.3,0.22499999999999998
C12157,10,4854.78,485.47799999999995,0.36,0.158
C06071,3,641.03,213.67666666666665,0.1,0.06
C00257,4,138.1,34.525,0.19,0.1325
C08114,7,849.88,121.41142857142857,0.54,0.21
C04761,17,2856.99,168.05823529411762,0.24,0.09705882352941175
C00105,5,986.95,197.39000000000001,0.61,0.192
C04534,5,950.05,190.01,0.63,0.182
C07738,2,224.97,112.485,0.09,0.065
C12210,7,1778.43,254.0614285714286,0.21,0.15857142857142856
C03944,2,566.08,283.04,0.2,0.13
C11028,7,796.12,113.73142857142857,0.64,0.25857142857142856
C02233,1,250.08,250.08,0.24,0.24
C09542,4,464.47,116.1175,0.29,0.1475
C04657,5,949.92,189.98399999999998,0.55,0.22999999999999998
C04040,16,3825.85,239.115625,0.32,0.10875
C05994,4,351.09000000000003,87.77250000000001,0.72,0.2675
C00489,27,5146.54,190.6125925925926,0.77,0.1614814814814815
C09135,9,534.87,59.43,0.24,0.10666666666666666
C12476,1,99.93,99.93,0.2,0.2
C11938,11,1005.66,91.42363636363636,0.22,0.08363636363636363
C11659,3,672.05,224.01666666666665,0.13,0.08333333333333333
C10362,1,225.94,225.94,0.07,0.07
C09381,33,3608.54,109.34969696969696,0.36,0.1090909090909091
C08596,3,149.94,49.98,0.18,0.09666666666666666
C09389,6,686.87,114.47833333333334,0.19,0.085
C08245,1,102.02,102.02,0.12,0.12
C10248,2,151.78,75.89,0.24,0.145
C00459,7,493.65999999999997,70.52285714285713,0.29,0.1442857142857143
C08615,10,592.63,59.263,0.26,0.11100000000000002
C07333,24,1077.77,44.90708333333333,0.55,0.13833333333333334
C06234,2,195.02,97.51,0.07,0.065
C04410,7,975.18,139.31142857142856,0.67,0.26
C10790,1,150.01,150.01,0.01,0.01
C05084,14,4144.58,296.0414285714286,0.29,0.14285714285714285
C02556,16,1952.3899999999999,122.02437499999999,0.25,0.11375
C06099,4,449.9,112.475,0.2,0.135
C03642,1,149.94,149.94,0.03,0.03
C00945,1,49.96,49.96,0.21,0.21
C09930,3,231.98000000000002,77.32666666666667,0.24,0.11666666666666665
C03307,1,15.01,15.01,0.03,0.03
C04178,5,473.7,94.74,0.29,0.202
C06977,11,442.02,40.18363636363636,0.47,0.1881818181818182
C07998,32,1930.73,60.3353125,0.52,0.13
C02272,9,789.11,87.67888888888889,0.14,0.05555555555555555
C07884,1,599.99,599.99,0.16,0.16
C06951,19,3450.84,181.62315789473686,0.23,0.12315789473684209
C02254,66,4626.6,70.10000000000001,0.83,0.14939393939393938
C05982,3,326.02,108.67333333333333,0.06,0.04
C04620,19,798.0,42.0,0.37,0.13789473684210526
C03433,13,1470.92,113.14769230769231,0.58,0.20846153846153845
C09977,5,675.04,135.00799999999998,0.45,0.166
C00022,13,1110.8799999999999,85.45230769230768,0.32,0.11153846153846153
C12127,4,251.52,62.88,0.14,0.075
C03463,31,6453.42,208.17483870967743,0.67,0.15483870967741936
C09979,8,3049.97,381.24625,0.72,0.24875
C13391,1,149.92,149.92,0.37,0.37
C05341,26,1569.77,60.37576923076923,0.51,0.11846153846153847
C07660,7,2703.76,386.2514285714286,0.26,0.12285714285714287
C11255,7,592.0,84.57142857142857,0.14,0.07714285714285715
C09108,2,124.13,62.065,0.13,0.1
C01362,1,28.04,28.04,0.15,0.15
C12033,46,3708.24,80.61391304347826,0.79,0.16326086956521738
C12159,3,165.88,55.29333333333333,0.43,0.20333333333333334
C11426,12,2619.85,218.32083333333333,0.67,0.225
C04467,11,974.76,88.61454545454545,0.35,0.15545454545454546
C13108,1,75.06,75.06,0.05,0.05
C04280,11,897.78,81.61636363636363,0.88,0.23636363636363636
C13000,49,4312.65,88.01326530612243,0.41,0.11816326530612245
C07721,6,903.06,150.51,0.32,0.18833333333333335
C10241,1,49.99,49.99,0.02,0.02
C03562,1,24.92,24.92,0.18,0.18
C08291,10,903.79,90.37899999999999,0.13,0.068
C13457,1,27.43,27.43,0.42,0.42
C03053,14,772.46,55.175714285714285,0.29,0.1285714285714286
C13297,18,679.96,37.775555555555556,0.59,0.15666666666666665
C06508,2,599.95,299.975,0.1,0.09
C01685,15,1026.47,68.43133333333334,0.57,0.12399999999999999
C06323,3,304.81,101.60333333333334,0.78,0.37333333333333335
C06783,11,759.97,69.08818181818182,0.36,0.15
C10071,7,706.05,100.86428571428571,0.37,0.16285714285714287
C09150,3,800.06,266.68666666666667,0.38,0.16666666666666666
C05787,9,1038.03,115.33666666666666,0.6,0.1688888888888889
C12487,9,618.5699999999999,68.72999999999999,0.34,0.13444444444444445
C05040,9,755.65,83.96111111111111,0.58,0.14777777777777779
C07865,14,668.2,47.728571428571435,0.48,0.16642857142857143
C06573,3,170.01,56.669999999999995,0.52,0.3433333333333333
C09414,2,250.15,125.075,0.14,0.115
C10070,8,1729.74,216.2175,0.56,0.1525
C08119,6,387.02,64.50333333333333,0.26,0.08666666666666667
C10872,1,58.03,58.03,0.44,0.44
C10530,1,47.95,47.95,0.08,0.08
C03396,1,74.92,74.92,0.15,0.15
C00755,1,40.05,40.05,0.06,0.06
C02013,1,78.02,78.02,0.26,0.26
C08946,4,107.08,26.77,0.26,0.125
C02640,2,172.87,86.435,0.33,0.28500000000000003
C09563,15,2673.8,178.25333333333336,0.42,0.12733333333333333
C00044,15,1471.44,98.096,0.2,0.098
C05232,1,17.24,17.24,0.03,0.03
C04028,4,878.13,219.5325,0.36,0.1625
C02401,1,25.05,25.05,0.26,0.26
C11065,67,3702.29,55.258059701492535,0.92,0.1973134328358209
C07256,82,22680.35,276.58963414634144,0.9,0.294390243902439
C00345,8,4314.75,539.34375,0.3,0.14125
C09144,1,15.17,15.17,0.11,0.11
C09355,2,301.1,150.55,0.21,0.15
C03806,2,463.13,231.565,0.1,0.09
C02298,3,600.14,200.04666666666665,0.45,0.38999999999999996
C09033,6,301.25,50.208333333333336,0.29,0.15833333333333333
C01430,7,295.01,42.144285714285715,0.69,0.19
C00017,5,232.94,46.588,0.43,0.174
C04720,2,175.01,87.505,0.17,0.12000000000000001
C00689,1,99.94,99.94,0.21,0.21
C11175,4,183.73,45.9325,0.12,0.0875
C04104,2,200.0,100.0,0.04,0.025
C00832,11,3011.53,273.7754545454546,0.73,0.20545454545454545
C03750,14,3205.4,228.95714285714286,0.83,0.20428571428571426
C12801,9,999.31,111.03444444444443,0.5,0.11222222222222222
C01919,10,2216.76,221.67600000000002,0.37,0.12
C02722,8,1350.94,168.8675,0.21,0.10125
C02822,4,93.41,23.3525,0.23,0.10500000000000001
C12811,9,404.42,44.93555555555556,0.9,0.31
C12843,5,254.68,50.936,0.26,0.172
C02237,4,790.49,197.6225,0.31,0.15
C09926,3,104.88,34.96,0.42,0.18333333333333335
C10672,5,345.61,69.122,0.18,0.064
C05512,7,823.05,117.57857142857142,0.27,0.13857142857142857
C00443,8,945.23,118.15375,0.78,0.29000000000000004
C00706,2,349.95,174.975,0.16,0.15000000000000002
C09157,7,733.75,104.82142857142857,0.86,0.3614285714285714
C09172,13,592.61,45.58538461538462,0.28,0.10307692307692308
C11354,22,3501.59,159.1631818181818,0.35,0.11727272727272728
C07240,1,7.21,7.21,0.15,0.15
C08619,6,523.84,87.30666666666667,0.29,0.11
C08340,1,149.92,149.92,0.02,0.02
C02317,2,388.48999999999995,194.24499999999998,0.45,0.275
C13093,2,125.22,62.61,0.19,0.16999999999999998
C12500,2,199.98000000000002,99.99000000000001,0.18,0.09999999999999999
C11466,13,1169.41,89.9546153846154,0.2,0.09615384615384616
C12870,6,314.89,52.48166666666666,0.28,0.10833333333333334
C10897,4,449.84,112.46,0.7,0.475
C12371,3,308.15,102.71666666666665,0.08,0.04
C11885,14,4109.21,293.515,0.46,0.13
C03720,4,209.8,52.45,0.18,0.1025
C04591,4,600.04,150.01,0.58,0.2425
C03751,2,238.92,119.46,0.09,0.09
C03292,17,1822.6200000000001,107.2129411764706,0.29,0.11588235294117646
C02684,2,460.23,230.115,0.14,0.125
C00504,9,934.76,103.86222222222221,0.33,0.19444444444444445
C05679,7,1049.33,149.9042857142857,0.33,0.18142857142857144
C09596,7,1902.8500000000001,271.8357142857143,0.21,0.09714285714285713
C01997,3,319.78000000000003,106.59333333333335,0.26,0.1466666666666667
C00093,2,552.09,276.045,0.22,0.20500000000000002
C04010,19,3247.8900000000003,170.94157894736844,0.77,0.2563157894736842
C07605,6,204.12,34.02,0.82,0.27666666666666667
C03949,2,147.89,73.945,0.09,0.06
C10144,3,313.01,104.33666666666666,0.48,0.18666666666666668
C02699,6,308.8,51.46666666666667,0.24,0.12833333333333333
C04977,5,1043.3000000000002,208.66000000000003,0.78,0.184
C09614,3,2350.02,783.34,0.17,0.09666666666666668
C13281,2,254.56,127.28,0.49,0.33999999999999997
C08767,1,150.03,150.03,0.22,0.22
C10690,3,197.95999999999998,65.98666666666666,0.92,0.35333333333333333
C06423,1,25.03,25.03,0.09,0.09
C05472,11,899.96,81.81454545454545,0.88,0.46636363636363637
C09558,6,1256.0700000000002,209.34500000000003,0.29,0.12666666666666668
C10147,3,980.5999999999999,326.8666666666666,0.24,0.09000000000000001
C00295,5,2893.71,578.742,0.21,0.086
C06645,3,421.06,140.35333333333332,0.21,0.15333333333333332
C13300,1,38.95,38.95,0.14,0.14
C06980,13,1524.72,117.28615384615385,0.74,0.16153846153846155
C00130,1,49.96,49.96,0.09,0.09
C11524,4,200.06,50.015,0.32,0.1675
C00529,7,599.74,85.67714285714285,0.55,0.16571428571428573
C13248,5,1121.81,224.362,0.28,0.12000000000000002
C09167,3,107.24000000000001,35.74666666666667,0.3,0.19666666666666666
C06223,5,550.01,110.002,0.86,0.5780000000000001
C06735,6,541.69,90.28166666666668,0.15,0.10166666666666667
C02939,4,326.24,81.56,0.73,0.2175
C00641,2,351.98,175.99,0.02,0.02
C01658,1,116.98,116.98,0.18,0.18
C00002,1,249.91,249.91,0.22,0.22
C03565,3,400.04,133.34666666666666,0.6,0.3833333333333333
C09043,9,2372.0,263.55555555555554,0.94,0.33444444444444443
C03364,1,125.0,125.0,0.04,0.04
C01121,17,1441.35,84.78529411764706,0.38,0.10470588235294118
C08697,6,424.09000000000003,70.68166666666667,0.4,0.19333333333333333
C04618,8,1074.73,134.34125,0.83,0.3375
C01149,3,909.88,303.29333333333335,0.26,0.13
C06087,2,121.86000000000001,60.93000000000001,0.37,0.195
C11822,5,625.0,125.0,0.63,0.382
C03947,4,464.97,116.2425,0.81,0.28750000000000003
C06330,10,3400.06,340.006,0.74,0.19
C04735,1,32.44,32.44,0.14,0.14
C10026,26,5714.16,219.7753846153846,0.87,0.2946153846153846
C01466,14,1349.47,96.39071428571428,0.46,0.15714285714285717
C07515,2,140.82,70.41,0.35,0.33499999999999996
C05653,5,1075.24,215.048,0.22,0.13799999999999998
C08332,13,8049.76,619.2123076923077,0.75,0.15153846153846154
C13160,7,980.04,140.00571428571428,0.83,0.43142857142857144
C09737,5,205.84,41.168,0.09,0.06
C10133,5,789.57,157.91400000000002,0.2,0.14
C12715,1,75.08,75.08,0.11,0.11
C01905,7,836.25,119.46428571428571,0.38,0.17857142857142858
C01473,4,279.6,69.9,0.17,0.10250000000000001
C03220,4,600.14,150.035,0.22,0.125
C09677,3,399.97,133.32333333333335,0.75,0.31
C02594,1,99.95,99.95,0.04,0.04
C00228,3,1249.8,416.59999999999997,0.83,0.3033333333333333
C08068,7,2199.79,314.2557142857143,0.72,0.21285714285714286
C12342,3,249.98,83.32666666666667,0.27,0.12333333333333334
C05094,8,1423.78,177.9725,0.32,0.1825
C01751,24,2784.3,116.0125,0.8,0.2541666666666667
C06408,3,117.84,39.28,0.17,0.10666666666666667
C12918,2,1199.95,599.975,0.4,0.255
C10359,4,450.48,112.62,0.11,0.057499999999999996
C12264,4,355.45,88.8625,0.27,0.0925
C11375,5,439.97,87.994,0.86,0.558
C09703,13,588.73,45.28692307692308,0.62,0.17615384615384616
C05281,3,350.07,116.69,0.64,0.3766666666666667
C09788,9,615.99,68.44333333333333,0.65,0.33111111111111113
C07596,1,99.96,99.96,0.07,0.07
C05750,7,852.76,121.82285714285715,0.21,0.09714285714285713
C08981,3,704.94,234.98000000000002,0.65,0.27666666666666667
C04824,4,637.78,159.445,0.16,0.12
C09626,15,21450.1,1430.0066666666667,0.45,0.12266666666666667
C10024,3,371.08,123.69333333333333,0.48,0.35000000000000003
C13082,6,405.09,67.515,0.29,0.1366666666666667
C02269,6,342.94,57.156666666666666,0.45,0.17666666666666667
C13335,4,450.05,112.5125,0.83,0.35
C10858,11,1078.06,98.00545454545454,0.35,0.08636363636363636
C09453,7,1025.07,146.4385714285714,0.62,0.3271428571428571
C11700,8,1457.65,182.20625,0.38,0.19125
C06420,28,2881.7200000000003,102.91857142857144,0.89,0.2625
C04327,5,307.0,61.4,0.78,0.384
C02490,3,338.01,112.67,0.09,0.06333333333333334
C12339,4,204.65,51.1625,0.8,0.2425
C10412,5,537.96,107.59200000000001,0.6,0.31
C09636,5,2413.96,482.79200000000003,0.22,0.096
C11790,8,2167.18,270.8975,0.47,0.18625
C12493,10,2570.5,257.05,0.23,0.097
C00282,2,129.99,64.995,0.09,0.075
C08421,1,50.06,50.06,0.09,0.09
C03682,14,1634.39,116.74214285714287,0.16,0.07642857142857143
C09768,4,162.59,40.6475,0.3,0.1525
C04056,7,3572.37,510.3385714285714,0.73,0.19142857142857145
C09835,67,2775.75,41.42910447761194,0.75,0.18000000000000002
C08469,1,249.94,249.94,0.12,0.12
C13179,1,200.0,200.0,0.19,0.19
C05930,5,378.69,75.738,0.15,0.098
C07176,4,2100.02,525.005,0.75,0.2725
C08272,2,448.02,224.01,0.06,0.045
C03502,1,311.99,311.99,0.01,0.01
C13375,4,772.08,193.02,0.19,0.1175
C08213,4,536.03,134.0075,0.19,0.1475
C04790,1,49.94,49.94,0.12,0.12
C08131,5,750.02,150.004,0.76,0.51
C13357,1,600.05,600.05,0.07,0.07
C03782,18,2484.2200000000003,138.01222222222225,0.46,0.16166666666666668
C00114,2,250.0,125.0,0.09,0.075
C11799,34,1503.16,44.21058823529412,0.64,0.15941176470588236
C06628,1,65.09,65.09,0.11,0.11
C04934,1,100.07,100.07,0.09,0.09
C03371,1,49.92,49.92,0.06,0.06
C01807,3,1256.74,418.91333333333336,0.36,0.21333333333333335
C05933,2,158.05,79.025,0.11,0.11
C01388,12,1413.77,117.81416666666667,0.87,0.3425
C05420,1,200.08,200.08,0.08,0.08
C06981,19,1275.65,67.13947368421053,0.28,0.13473684210526315
C02761,7,441.4,63.05714285714286,0.23,0.13
C00833,10,1183.47,118.34700000000001,0.41,0.121
C08002,2,170.46,85.23,0.3,0.22999999999999998
C04471,7,1600.69,228.67000000000002,0.18,0.14142857142857143
C04760,2,138.98,69.49,0.21,0.11
C01028,4,129.45,32.3625,0.12,0.0625
C08645,2,859.0999999999999,429.54999999999995,0.17,0.16
C01851,7,334.49,47.784285714285716,0.25,0.12142857142857144
C10996,20,2381.32,119.066,0.62,0.154
C02749,4,699.9,174.975,0.5,0.23249999999999998
C05620,4,509.01000000000005,127.25250000000001,0.23,0.1
C07075,3,1408.65,469.55,0.3,0.21333333333333335
C07657,16,1414.74,88.42125,0.74,0.2125
C07044,2,125.09,62.545,0.89,0.455
C13374,11,542.27,49.29727272727273,0.85,0.20181818181818184
C00954,10,602.6999999999999,60.269999999999996,0.59,0.278
C02306,4,712.1600000000001,178.04000000000002,0.19,0.10250000000000001
C13438,1,58.93,58.93,0.31,0.31
C12544,19,1445.18,76.0621052631579,0.32,0.12578947368421053
C10012,11,2249.84,204.5309090909091,0.67,0.2609090909090909
C12890,22,910.29,41.37681818181818,0.42,0.12454545454545456
C00559,19,3770.46,198.44526315789474,0.84,0.1836842105263158
C00524,2,180.92000000000002,90.46000000000001,0.34,0.20500000000000002
C08582,1,500.03,500.03,0.14,0.14
C01276,13,667.8299999999999,51.37153846153846,0.71,0.18
C09915,4,663.16,165.79,0.19,0.095
C02242,1,108.02,108.02,0.17,0.17
C02357,1,107.99,107.99,0.01,0.01
C03091,5,2425.96,485.192,0.24,0.12
C05456,1,50.02,50.02,0.11,0.11
C10448,10,1494.94,149.494,0.63,0.202
C09994,1,24.04,24.04,0.33,0.33
C04167,6,975.24,162.54,0.71,0.26666666666666666
C05411,13,1057.8400000000001,81.3723076923077,0.76,0.23076923076923078
C10165,12,556.26,46.355,0.84,0.21833333333333335
C11904,3,392.81000000000006,130.9366666666667,0.17,0.08
C05837,1,74.93,74.93,0.03,0.03
C01918,2,500.03,250.015,0.15,0.08499999999999999
C00178,7,894.8299999999999,127.83285714285714,0.87,0.29857142857142854
C08415,1,44.48,44.48,0.04,0.04
C08579,1,100.01,100.01,0.32,0.32
C00525,26,2878.93,110.72807692307691,0.7,0.13499999999999998
C01017,6,1242.0600000000002,207.01000000000002,0.41,0.28833333333333333
C04402,17,1495.64,87.97882352941177,0.79,0.1688235294117647
C06290,3,367.02,122.33999999999999,0.57,0.4266666666666667
C13491,3,177.81,59.27,0.1,0.06
C10184,20,2353.73,117.6865,0.37,0.1315
C09314,11,2095.06,190.46,0.48,0.21
C07968,3,526.01,175.33666666666667,0.28,0.18666666666666668
C03203,7,556.41,79.48714285714286,0.38,0.13714285714285715
C06815,2,1081.19,540.595,0.28,0.14500000000000002
C08904,2,164.96,82.48,0.1,0.065
C11690,59,6180.38,104.75220338983051,0.4,0.13762711864406782
C10776,7,2183.91,311.9871428571428,0.17,0.07
C08424,1,99.92,99.92,0.32,0.32
C05925,23,2593.48,112.76,0.49,0.1382608695652174
C10185,1,49.93,49.93,0.27,0.27
C10345,4,704.13,176.0325,0.18,0.12
C01714,1,64.77,64.77,0.21,0.21
C05330,12,2262.5,188.54166666666666,0.64,0.22833333333333336
C06337,8,604.0,75.5,0.2,0.09125
C00612,1,25.08,25.08,0.53,0.53
C11910,3,134.96,44.98666666666667,0.21,0.12
C07461,23,4920.78,213.9469565217391,0.43,0.19521739130434784
C07823,1,99.91,99.91,0.73,0.73
C11862,6,2471.51,411.91833333333335,0.47,0.19166666666666665
C05572,37,1436.06,38.81243243243243,0.72,0.17432432432432432
C10548,2,98.85000000000001,49.425000000000004,0.44,0.265
C01389,7,284.37,40.62428571428571,0.36,0.1457142857142857
C08372,13,1949.68,149.97538461538463,0.88,0.2784615384615385
C12055,1,24.91,24.91,0.24,0.24
C10387,2,138.06,69.03,0.23,0.12000000000000001
C00591,2,601.0400000000001,300.52000000000004,0.87,0.63
C04698,2,225.09,112.545,0.73,0.415
C12250,2,400.09000000000003,200.04500000000002,0.95,0.72
C00360,12,756.11,63.009166666666665,0.47,0.11333333333333333
C13144,1,554.08,554.08,0.14,0.14
C08490,2,534.88,267.44,0.08,0.055
C11627,66,3472.37,52.611666666666665,0.82,0.17106060606060608
C03434,7,500.35,71.47857142857143,0.17,0.08428571428571428
C09850,31,5608.719999999999,180.9264516129032,0.49,0.13064516129032258
C03552,6,1600.0700000000002,266.67833333333334,0.36,0.14666666666666667
C01621,8,1523.87,190.48375,0.51,0.25625
C03267,9,649.99,72.22111111111111,0.77,0.2288888888888889
C11801,11,1189.67,108.15181818181819,0.47,0.1827272727272727
C05946,5,574.8,114.96,0.21,0.10400000000000001
C06370,8,1029.95,128.74375,0.22,0.0975
C01283,2,73.92,36.96,0.17,0.09000000000000001
C01862,4,185.92,46.48,0.11,0.065
C01287,27,2510.39,92.9774074074074,0.78,0.21888888888888888
C04605,1,25.03,25.03,0.65,0.65
C03954,3,172.62,57.54,0.09,0.06999999999999999
C01184,2,134.5,67.25,0.06,0.05
C13199,12,1657.35,138.11249999999998,0.24,0.13166666666666668
C02956,5,288.38,57.676,0.42,0.20800000000000002
C02057,18,4038.62,224.36777777777777,0.22,0.07722222222222222
C08593,7,272.34000000000003,38.90571428571429,0.49,0.18857142857142858
C09899,18,3400.54,188.9188888888889,0.84,0.31
C05197,1,39.96,39.96,0.26,0.26
C07905,1,74.93,74.93,0.08,0.08
C07379,2,99.99000000000001,49.995000000000005,0.22,0.15
C02082,6,1957.1200000000001,326.18666666666667,0.42,0.20833333333333334
C00400,44,3789.81,86.13204545454545,0.92,0.35363636363636364
C10616,2,199.97,99.985,0.3,0.16499999999999998
C07844,2,274.96,137.48,0.26,0.18
C03483,2,100.00999999999999,50.004999999999995,0.18,0.145
C11055,11,1474.9,134.0818181818182,0.84,0.5072727272727273
C11992,8,1079.21,134.90125,0.86,0.25125
C10381,18,756.69,42.038333333333334,0.95,0.2
C03743,1,99.97,99.97,0.21,0.21
C02587,6,364.15,60.69166666666666,0.14,0.05166666666666667
C13436,2,475.01,237.505,0.12,0.065
C01904,3,991.6200000000001,330.54,0.42,0.35000000000000003
C09424,5,305.09000000000003,61.01800000000001,0.68,0.304
C10774,3,145.01000000000002,48.33666666666667,0.19,0.14
C07897,13,7440.95,572.3807692307693,0.34,0.11923076923076924
C08246,8,1132.88,141.61,0.2,0.1225
C00403,7,3430.22,490.03142857142853,0.55,0.23714285714285716
C02539,3,249.93,83.31,0.77,0.4533333333333333
C04899,9,621.87,69.09666666666666,0.34,0.16555555555555557
C00104,10,1725.2,172.52,0.73,0.363
C07483,9,2224.97,247.21888888888887,0.68,0.20444444444444443
C04838,3,147.07,49.02333333333333,0.08,0.06
C03494,16,4272.3,267.01875,0.73,0.19375
C04080,94,7678.87,81.69010638297873,0.85,0.15882978723404256
C12912,3,141.83,47.27666666666667,0.18,0.15666666666666665
C01815,6,1112.74,185.45666666666668,0.15,0.09666666666666668
C07320,15,4984.610000000001,332.30733333333336,0.71,0.19866666666666666
C11749,5,750.22,150.044,0.82,0.398
C06565,12,1564.21,130.35083333333333,0.34,0.14583333333333334
C03343,5,699.96,139.99200000000002,0.46,0.238
C03716,1,40.09,40.09,0.21,0.21
C03934,1,48.96,48.96,0.4,0.4
C09473,5,2587.0299999999997,517.406,0.45,0.136
C12552,17,2865.12,168.5364705882353,0.56,0.19
C11252,9,518.3100000000001,57.59,0.4,0.19444444444444445
C05559,6,824.97,137.495,0.92,0.4183333333333333
C11828,1,88.95,88.95,0.12,0.12
C06240,10,1825.14,182.514,0.87,0.41100000000000003
C02432,5,2467.68,493.53599999999994,0.16,0.11400000000000002
C08688,4,283.82,70.955,0.15,0.08249999999999999
C07563,10,823.71,82.37100000000001,0.44,0.169
C05617,4,349.94,87.485,0.25,0.16
C08354,32,2896.6,90.51875,0.5,0.1565625
C01790,8,468.09000000000003,58.511250000000004,0.91,0.21875
C07635,26,2459.67,94.60269230769231,0.35,0.1346153846153846
C06110,7,460.38,65.76857142857143,0.22,0.11714285714285715
C07662,3,899.99,299.99666666666667,0.71,0.38000000000000006
C05726,3,260.15,86.71666666666665,0.51,0.22999999999999998
C08912,1,45.89,45.89,0.11,0.11
C09779,3,593.02,197.67333333333332,0.5,0.2833333333333333
C08296,11,2009.32,182.66545454545454,0.52,0.21
C10346,20,4774.97,238.7485,0.83,0.2725
C10908,4,359.89,89.9725,0.12,0.07
C11514,4,1892.97,473.2425,0.16,0.1
C07314,8,1350.51,168.81375,0.3,0.12375
C13236,21,5442.31,259.15761904761905,0.53,0.18476190476190477
C08590,3,551.8399999999999,183.94666666666663,0.24,0.10666666666666667
C12804,3,728.66,242.88666666666666,0.13,0.08
C07131,1,40.01,40.01,0.2,0.2
C02232,3,300.06,100.02,0.72,0.29
C08084,4,110.32,27.58,0.68,0.2325
C12812,20,1786.45,89.3225,0.31,0.1135
C03270,10,1439.64,143.964,0.29,0.122
C03607,10,480.37,48.037,0.68,0.255
C06603,1,249.99,249.99,0.1,0.1
C07378,2,100.04,50.02,0.1,0.08
C03680,2,199.99,99.995,0.21,0.14
C02862,13,1691.3799999999999,130.10615384615383,0.37,0.17538461538461542
C00493,3,250.08,83.36,0.39,0.24333333333333332
C04330,4,656.02,164.005,0.21,0.095
C07792,30,2823.06,94.102,0.37,0.117
C00396,2,111.92,55.96,0.29,0.22499999999999998
C08656,7,199.87,28.552857142857142,0.36,0.12428571428571429
C06001,5,640.06,128.012,0.84,0.5740000000000001
C11269,9,1425.05,158.33888888888887,0.8,0.33555555555555555
C06213,23,955.27,41.533478260869565,0.39,0.1334782608695652
C05535,8,2250.0,281.25,0.28,0.07875
C09967,1,50.0,50.0,0.17,0.17
C02412,8,321.3,40.1625,0.34,0.155
C07258,12,734.9,61.24166666666667,0.78,0.2866666666666667
C05132,1,760.03,760.03,0.04,0.04
C05965,20,4038.28,201.91400000000002,0.37,0.155
C08065,3,399.94000000000005,133.31333333333336,0.5,0.17666666666666667
C02947,5,3134.8,626.96,0.13,0.09
C08006,11,2498.91,227.17363636363635,0.29,0.13909090909090907
C02493,3,337.92,112.64,0.23,0.16333333333333333
C13099,3,526.8000000000001,175.60000000000002,0.18,0.13
C04247,1,99.94,99.94,0.32,0.32
C06496,9,550.25,61.138888888888886,0.24,0.12000000000000001
C04511,2,73.53,36.765,0.49,0.28
C04749,15,2137.19,142.47933333333333,0.42,0.14466666666666667
C06461,10,1550.29,155.029,0.56,0.193
C05780,3,675.11,225.03666666666666,0.32,0.12666666666666668
C12705,97,18562.99,191.37103092783508,0.78,0.14443298969072166
C05052,17,1250.03,73.53117647058824,0.87,0.2505882352941176
C06049,32,1457.63,45.5509375,0.8,0.1740625
C13336,14,701.02,50.07285714285714,0.81,0.225
C09244,1,57.93,57.93,0.19,0.19
C08584,15,1382.21,92.14733333333334,0.25,0.10066666666666667
C05785,8,1909.3200000000002,238.66500000000002,0.21,0.14250000000000002
C05889,1,50.09,50.09,0.03,0.03
C10771,7,574.99,82.14142857142858,0.94,0.45428571428571424
C11804,3,241.07,80.35666666666667,0.19,0.12333333333333334
C08833,11,3750.0699999999997,340.9154545454545,0.83,0.3009090909090909
C00549,16,322.08,20.13,0.4,0.07875
C13200,8,775.25,96.90625,0.63,0.29
C04783,2,116.07,58.035,0.28,0.245
C08870,2,671.12,335.56,0.14,0.1
C09798,1,34.04,34.04,0.05,0.05
C09752,2,834.0,417.0,0.07,0.05500000000000001
C10888,9,532.91,59.212222222222216,0.35,0.12000000000000001
C02255,4,600.03,150.0075,0.59,0.33999999999999997
C06754,1,92.37,92.37,0.22,0.22
C09006,2,400.09000000000003,200.04500000000002,0.18,0.105
C07263,1,52.15,52.15,0.13,0.13
C13316,10,2964.99,296.49899999999997,0.42,0.158
C03275,12,2811.35,234.27916666666667,0.32,0.14083333333333334
C01373,1,99.97,99.97,0.06,0.06
C12365,6,404.71000000000004,67.45166666666667,0.4,0.19499999999999998
C12338,6,1086.67,181.11166666666668,0.29,0.13666666666666666
C01142,15,9356.99,623.7993333333333,0.47,0.136
C07779,18,351.25,19.51388888888889,0.28,0.10944444444444446
C10741,2,93.83,46.915,0.29,0.265
C08290,30,711.21,23.707,0.81,0.19733333333333333
C04375,1,1886.99,1886.99,0.04,0.04
C07478,2,264.84,132.42,0.52,0.28
C02909,3,270.57,90.19,0.2,0.08333333333333333
C07060,4,140.18,35.045,0.3,0.11499999999999999
C03600,3,304.88,101.62666666666667,0.09,0.06666666666666667
C09574,19,2483.64,130.7178947368421,0.58,0.12947368421052632
C07979,2,276.11,138.055,0.35,0.19
C01212,4,219.39,54.8475,0.21,0.1525
C06952,10,944.73,94.473,0.36,0.127
C09220,1,25.03,25.03,0.26,0.26
C07236,9,526.77,58.53,0.17,0.06222222222222223
C13325,1,300.08,300.08,0.59,0.59
C04858,12,1207.68,100.64,0.47,0.1425
C08244,5,760.06,152.012,0.07,0.04
C05716,1,50.01,50.01,0.11,0.11
C05494,1,125.09,125.09,0.29,0.29
C03596,9,1510.6799999999998,167.85333333333332,0.76,0.21888888888888888
C07697,1,141.03,141.03,0.08,0.08
C02475,21,7454.71,354.9861904761905,0.74,0.22142857142857145
C06478,2,122.8,61.4,0.15,0.11
C03758,1,100.03,100.03,0.08,0.08
C12149,1,74.94,74.94,0.07,0.07
C05082,1,60.08,60.08,0.18,0.18
C10435,1,171.03,171.03,0.03,0.03
C06445,2,215.94,107.97,0.09,0.08
C03467,12,1575.05,131.25416666666666,0.76,0.3025
C05148,9,2224.42,247.1577777777778,0.24,0.14222222222222222
C01078,5,745.3199999999999,149.064,0.81,0.356
C11612,29,2641.17,91.0748275862069,0.31,0.1317241379310345
C13501,2,89.97,44.985,0.17,0.09000000000000001
C01231,14,1774.56,126.75428571428571,0.74,0.17500000000000002
C12941,5,464.9,92.97999999999999,0.55,0.23000000000000004
C02693,14,981.19,70.08500000000001,0.33,0.11785714285714287
C07910,12,1245.6799999999998,103.80666666666666,0.9,0.33916666666666667
C04295,4,2869.9700000000003,717.4925000000001,0.2,0.12
C02946,4,303.49,75.8725,0.18,0.0625
C01174,2,400.02,200.01,0.12,0.06999999999999999
C04580,2,73.03999999999999,36.519999999999996,0.21,0.20500000000000002
C07837,7,345.0,49.285714285714285,0.19,0.10285714285714286
C03000,20,2773.64,138.682,0.47,0.1655
C01502,35,2529.08,72.25942857142857,0.51,0.15657142857142858
C11007,9,406.29999999999995,45.14444444444444,0.56,0.24333333333333332
C03810,1,100.09,100.09,0.34,0.34
C11810,8,314.01,39.25125,0.32,0.13625
C07303,5,190.17,38.034,0.18,0.10600000000000001
C04449,2,225.01,112.505,0.64,0.5700000000000001
C02436,1,299.94,299.94,0.42,0.42
C10212,3,363.98,121.32666666666667,0.25,0.12666666666666668
C11475,11,1741.31,158.30090909090907,0.81,0.4445454545454546
C02158,2,267.03999999999996,133.51999999999998,0.59,0.32
C04213,1,24.97,24.97,0.18,0.18
C07521,2,74.5,37.25,0.14,0.085
C06086,1,46.41,46.41,0.03,0.03
C11331,4,1512.1299999999999,378.03249999999997,0.33,0.16999999999999998
C05778,2,168.26,84.13,0.12,0.075
C05992,7,2800.22,400.03142857142853,0.9,0.31857142857142856
C02619,18,2568.94,142.7188888888889,0.33,0.14166666666666666
C09950,7,853.6400000000001,121.94857142857144,0.31,0.1557142857142857
C10588,3,500.13,166.71,0.37,0.18000000000000002
C11390,1,100.09,100.09,0.01,0.01
C12590,7,999.6999999999999,142.81428571428572,0.4,0.20285714285714285
C05248,4,965.9200000000001,241.48000000000002,0.32,0.13
C01451,3,893.3599999999999,297.78666666666663,0.27,0.13
C01414,3,241.98,80.66,0.55,0.23333333333333336
C12507,8,3717.6200000000003,464.70250000000004,0.2,0.1075
C07775,12,569.77,47.48083333333333,0.5,0.17166666666666666
C01611,1,49.94,49.94,0.03,0.03
C07826,13,1194.62,91.89384615384614,0.66,0.16
C01834,1,199.91,199.91,0.2,0.2
C07959,2,175.01,87.505,0.08,0.06
C01334,2,139.53,69.765,0.18,0.16999999999999998
C02096,5,251.69,50.338,0.45,0.27199999999999996
C01850,2,95.99000000000001,47.995000000000005,0.06,0.034999999999999996
C10453,1,18.1,18.1,0.31,0.31
C04890,2,96.84,48.42,0.08,0.065
C00200,20,1402.58,70.12899999999999,0.52,0.149
C03501,2,175.01999999999998,87.50999999999999,0.3,0.275
C04411,21,1846.7,87.93809523809524,0.39,0.14238095238095239
C02774,4,423.81,105.9525,0.19,0.1525
C06367,14,1366.43,97.60214285714287,0.56,0.1542857142857143
C11397,3,700.16,233.38666666666666,0.4,0.23
C11118,1,200.04,200.04,0.17,0.17
C05709,18,3209.63,178.3127777777778,0.34,0.12722222222222224
C09508,5,1606.26,321.252,0.31,0.198
C06165,19,2299.55,121.02894736842106,0.31,0.09947368421052633
C12648,2,135.1,67.55,0.29,0.18
C03702,18,891.29,49.51611111111111,0.77,0.155
C13189,1,99.99,99.99,0.03,0.03
C13338,2,268.95,134.475,0.6,0.38
C13193,4,399.96000000000004,99.99000000000001,0.48,0.2125
C04101,5,322.86,64.572,0.26,0.164
C02356,5,144.61,28.922000000000004,0.35,0.11199999999999999
C11586,2,249.96,124.98,0.83,0.485
C08929,2,272.65,136.325,0.25,0.155
C13019,12,1255.21,104.60083333333334,0.88,0.48833333333333334
C02244,1,300.09,300.09,0.33,0.33
C09882,5,700.04,140.00799999999998,0.81,0.302
C10566,13,421.31,32.40846153846154,0.47,0.1423076923076923
C00976,1,49.94,49.94,0.04,0.04
C07101,6,221.51,36.91833333333333,0.37,0.19833333333333333
C01180,15,1158.3,77.22,0.4,0.11266666666666666
C03003,1,100.07,100.07,0.02,0.02
C01874,2,159.05,79.525,0.33,0.31
C11630,1,30.74,30.74,0.01,0.01
C08728,1,77.33,77.33,0.04,0.04
C05832,46,4396.0,95.56521739130434,0.39,0.14695652173913043
C02508,11,1388.9099999999999,126.26454545454544,0.43,0.11272727272727273
C01025,2,184.87,92.435,0.17,0.095
C02827,6,750.03,125.005,0.76,0.28833333333333333
C12279,4,1146.08,286.52,0.25,0.11
C09507,5,3829.98,765.996,0.8,0.264
C06371,9,3861.07,429.0077777777778,0.37,0.14555555555555555
C05543,1,99.99,99.99,0.13,0.13
C05080,15,1321.6100000000001,88.10733333333334,0.49,0.1713333333333333
C07094,17,3043.25,179.01470588235293,0.3,0.13294117647058823
C06470,1,200.04,200.04,0.09,0.09
C12823,17,2033.79,119.63470588235293,0.23,0.1188235294117647
C12673,1,125.06,125.06,0.31,0.31
C00870,1,299.91,299.91,0.15,0.15
C10813,1,174.93,174.93,0.06,0.06
C08738,1,15.05,15.05,0.15,0.15
C01330,5,725.12,145.024,0.89,0.39
C11236,2,100.12,50.06,0.27,0.14
C02940,2,123.13,61.565,0.17,0.125
C01447,1,134.02,134.02,0.22,0.22
C13480,10,994.71,99.471,0.61,0.159
C00610,1,100.05,100.05,0.21,0.21
C13539,9,1175.14,130.57111111111112,0.79,0.1811111111111111
C05174,10,1299.92,129.99200000000002,0.87,0.27199999999999996
C11575,5,710.9,142.18,0.62,0.27999999999999997
C03403,7,431.9,61.699999999999996,0.92,0.41714285714285715
C10542,15,3561.8,237.45333333333335,0.57,0.13733333333333334
C10331,2,420.94,210.47,0.17,0.16
C07321,6,577.67,96.27833333333332,0.25,0.15333333333333335
C08176,1,50.02,50.02,0.09,0.09
C07852,4,849.98,212.495,0.69,0.445
C12944,9,392.46000000000004,43.60666666666667,0.31,0.17888888888888888
C06255,2,197.93,98.965,0.19,0.14500000000000002
C09349,4,362.78999999999996,90.69749999999999,0.77,0.2975
C03770,3,214.53,71.51,0.84,0.43999999999999995
C09860,1,100.07,100.07,0.07,0.07
C10878,3,299.89,99.96333333333332,0.17,0.09000000000000001
C10631,16,597.1,37.31875,0.63,0.16875
C13087,13,1543.8300000000002,118.75615384615386,0.46,0.17538461538461542
C04901,9,1425.04,158.33777777777777,0.63,0.24333333333333332
C08789,8,1799.82,224.9775,0.34,0.1275
C09897,18,1688.7,93.81666666666666,0.41,0.09
C00167,21,868.97,41.37952380952381,0.37,0.0980952380952381
C07242,13,4149.96,319.22769230769234,0.67,0.21538461538461537
C12053,31,4131.76,133.2825806451613,0.66,0.18451612903225806
C12429,12,1602.83,133.56916666666666,0.9,0.25333333333333335
C00702,10,736.96,73.696,0.36,0.23700000000000002
C00171,3,649.96,216.65333333333334,0.45,0.16333333333333336
C08283,2,400.11,200.055,0.18,0.105
C10495,6,530.21,88.36833333333334,0.53,0.21833333333333335
C10942,15,2837.71,189.18066666666667,0.45,0.14733333333333334
C03643,11,2188.11,198.91909090909093,0.43,0.1318181818181818
C09805,4,650.08,162.52,0.74,0.35250000000000004
C10517,1,850.09,850.09,0.04,0.04
C04781,2,151.86,75.93,0.06,0.06
C06846,8,651.79,81.47375,0.41,0.11624999999999999
C12911,14,1163.93,83.13785714285714,0.3,0.1285714285714286
C08014,5,929.99,185.998,0.83,0.426
C05809,13,2626.71,202.05461538461537,0.79,0.22384615384615386
C10243,2,726.07,363.035,0.28,0.14500000000000002
C02615,5,1250.05,250.01,0.55,0.284
C03737,1,25.04,25.04,0.07,0.07
C11322,2,224.96,112.48,0.07,0.07
C06145,1,49.95,49.95,0.16,0.16
C06838,1,567.03,567.03,0.11,0.11
C07252,1,499.98,499.98,0.39,0.39
C09048,5,717.13,143.426,0.18,0.128
C09576,19,2540.64,133.7178947368421,0.18,0.09263157894736843
C05843,6,850.08,141.68,0.26,0.12666666666666668
C06512,4,323.9,80.975,0.2,0.125
C06211,1,175.01,175.01,0.16,0.16
C07933,1,149.99,149.99,0.04,0.04
C08005,1,50.89,50.89,0.07,0.07
C11004,11,929.9,84.53636363636363,0.29,0.10727272727272728
C09956,32,7975.26,249.226875,0.86,0.31
C00632,1,59.06,59.06,0.23,0.23
C11034,3,349.90999999999997,116.63666666666666,0.66,0.38000000000000006
C00258,8,658.61,82.32625,0.21,0.06375
C11684,6,1167.13,194.52166666666668,0.23,0.11166666666666668
C07666,9,627.45,69.71666666666667,0.17,0.0788888888888889
C01940,6,1138.02,189.67,0.7,0.25499999999999995
C00435,7,624.95,89.27857142857144,0.63,0.26285714285714284
C13341,7,3883.19,554.7414285714286,0.24,0.0642857142857143
C05068,1,117.04,117.04,0.37,0.37
C11532,4,333.94,83.485,0.09,0.045
C01746,2,100.08,50.04,0.24,0.16999999999999998
C01944,1,149.98,149.98,0.15,0.15
C01094,1,48.87,48.87,0.23,0.23
C04616,15,1147.37,76.49133333333333,0.29,0.132
C03077,1,38.94,38.94,0.14,0.14
C02852,12,172.76,14.396666666666667,0.33,0.15583333333333335
C03037,1,99.96,99.96,0.03,0.03
C12945,1,100.07,100.07,0.03,0.03
C06563,4,109.8,27.45,0.17,0.065
C01958,6,2101.64,350.2733333333333,0.23,0.12333333333333334
C11606,4,699.97,174.9925,0.43,0.1975
C13453,3,150.1,50.03333333333333,0.18,0.14
C03888,2,29.65,14.825,0.06,0.06
C09050,9,1447.44,160.82666666666668,0.77,0.17666666666666667
C01033,7,725.28,103.61142857142856,0.77,0.2942857142857143
C09099,4,259.78,64.945,0.4,0.17250000000000001
C04129,3,475.09999999999997,158.36666666666665,0.33,0.20666666666666667
C04409,18,2159.68,119.98222222222222,0.51,0.2122222222222222
C06151,2,608.51,304.255,0.18,0.14
C02130,5,2349.87,469.974,0.45,0.246
C11762,31,5532.56,178.46967741935484,0.49,0.10516129032258063
C05922,26,2879.28,110.74153846153847,0.39,0.13346153846153846
C10285,5,1263.12,252.62399999999997,0.69,0.496
C04460,1,99.92,99.92,0.01,0.01
C06862,17,3531.52,207.7364705882353,0.25,0.11529411764705882
C01156,1,50.04,50.04,0.07,0.07
C08855,5,1050.03,210.006,0.66,0.22600000000000003
C03950,22,5133.14,233.32454545454547,0.89,0.2618181818181818
C07593,6,471.88,78.64666666666666,0.7,0.345
C02366,3,300.12,100.04,0.74,0.5033333333333333
C00277,1,140.8,140.8,0.07,0.07
C07412,8,315.76,39.47,0.47,0.1775
C06380,10,862.8299999999999,86.28299999999999,0.24,0.127
C00132,16,7801.1900000000005,487.57437500000003,0.63,0.215625
C09638,3,265.86,88.62,0.28,0.17
C11688,3,59.379999999999995,19.793333333333333,0.09,0.06333333333333334
C03020,1,400.08,400.08,0.35,0.35
C13274,12,959.0699999999999,79.9225,0.35,0.165
C01348,16,1436.31,89.769375,0.93,0.274375
C12369,19,753.79,39.67315789473684,0.62,0.12842105263157894
C08001,8,286.45,35.80625,0.66,0.20375000000000001
C08044,9,799.87,88.87444444444445,0.86,0.49
C05450,9,865.35,96.15,0.34,0.16555555555555557
C02942,2,129.9,64.95,0.27,0.26
C12203,4,1250.04,312.51,0.86,0.3875
C03214,4,242.92000000000002,60.730000000000004,0.4,0.1975
C02627,7,2265.9,323.7,0.89,0.30142857142857143
C01076,1,137.76,137.76,0.09,0.09
C00134,8,1504.93,188.11625,0.39,0.2275
C13181,2,149.93,74.965,0.74,0.46499999999999997
C02755,10,715.98,71.598,0.27,0.11800000000000002
C03001,1,41.24,41.24,0.05,0.05
C08251,3,950.16,316.71999999999997,0.63,0.2733333333333334
C11497,1,200.09,200.09,0.03,0.03
C06837,6,1330.54,221.75666666666666,0.88,0.425
C06133,3,323.95,107.98333333333333,0.38,0.27
C05685,11,867.08,78.82545454545455,0.29,0.16363636363636364
C05776,9,690.9,76.76666666666667,0.47,0.15
C00665,2,360.04,180.02,0.08,0.065
C01513,4,222.47,55.6175,0.88,0.51
C07367,48,5762.13,120.044375,0.65,0.14645833333333333
C13494,3,234.35000000000002,78.11666666666667,0.23,0.13
C06432,7,1024.84,146.40571428571428,0.36,0.13714285714285715
C04649,2,142.92000000000002,71.46000000000001,0.12,0.065
C11635,4,265.96999999999997,66.49249999999999,0.38,0.12
C03635,1,100.08,100.08,0.22,0.22
C03258,3,206.81,68.93666666666667,0.09,0.056666666666666664
C08821,6,567.12,94.52,0.28,0.09666666666666668
C06051,1,30.02,30.02,0.16,0.16
C04743,9,429.53000000000003,47.72555555555556,0.88,0.39111111111111113
C09644,16,2466.03,154.126875,0.29,0.11750000000000001
C00866,18,3920.77,217.82055555555556,0.82,0.23833333333333334
C12538,10,1354.0700000000002,135.407,0.4,0.11000000000000001
C05336,5,652.93,130.58599999999998,0.38,0.16599999999999998
C11348,10,1525.06,152.506,0.77,0.325
C08035,2,234.14,117.07,0.21,0.16499999999999998
C03472,1,99.93,99.93,0.19,0.19
C07507,1,99.97,99.97,0.19,0.19
C00737,1,24.93,24.93,0.27,0.27
C06239,2,2684.6000000000004,1342.3000000000002,0.41,0.275
C12806,2,359.11,179.555,0.64,0.43
C07950,3,150.91,50.303333333333335,0.14,0.08666666666666667
C06129,16,928.54,58.03375,0.76,0.18937500000000002
C07907,3,750.06,250.01999999999998,0.12,0.10333333333333333
C03452,5,1092.0700000000002,218.41400000000004,0.24,0.12
C10190,23,2901.84,126.16695652173914,0.45,0.12434782608695653
C05521,2,150.0,75.0,0.16,0.12
C00878,1,112.96,112.96,0.19,0.19
C06750,7,1527.98,218.28285714285715,0.5,0.3014285714285715
C03578,5,330.04,66.00800000000001,0.09,0.076
C12837,2,55.989999999999995,27.994999999999997,0.05,0.030000000000000002
C02501,10,1602.56,160.256,0.37,0.147
C05305,10,1083.2,108.32000000000001,0.78,0.199
C02797,22,989.28,44.96727272727273,0.65,0.16954545454545455
C05807,3,399.87,133.29,0.91,0.39666666666666667
C02739,5,580.8100000000001,116.162,0.24,0.07
C12872,9,1300.51,144.5011111111111,0.37,0.16333333333333333
C02853,9,721.51,80.16777777777777,0.24,0.10111111111111111
C05616,30,2473.93,82.46433333333333,0.32,0.128
C01799,20,1406.58,70.329,0.9,0.3095
C03679,2,79.5,39.75,0.41,0.22499999999999998
C09477,2,208.03,104.015,0.3,0.2
C11153,53,6304.65,118.95566037735848,0.9,0.1590566037735849
C07756,9,1121.19,124.57666666666667,0.42,0.15777777777777777
C07405,5,475.09000000000003,95.018,0.76,0.348
C06138,23,2133.15,92.74565217391304,0.44,0.15913043478260872
C11033,2,199.95999999999998,99.97999999999999,0.2,0.16
C11161,9,1010.4,112.26666666666667,0.4,0.1788888888888889
C02845,2,224.99,112.495,0.59,0.355
C12671,1,99.91,99.91,0.74,0.74
C07693,11,3281.56,298.32363636363635,0.34,0.12454545454545456
C02972,18,1106.43,61.468333333333334,0.33,0.14055555555555557
C06450,1,199.92,199.92,0.07,0.07
C04907,6,279.87,46.645,0.31,0.14333333333333334
C09128,1,24.93,24.93,0.05,0.05
C04822,1,52.54,52.54,0.06,0.06
C02373,11,788.5799999999999,71.68909090909091,0.18,0.08454545454545455
C08479,1,57.02,57.02,0.04,0.04
C11395,1,24.98,24.98,0.42,0.42
C05363,3,99.47,33.156666666666666,0.22,0.18000000000000002
C04041,1,75.03,75.03,0.11,0.11
C08673,11,1897.71,172.51909090909092,0.36,0.12727272727272726
C01091,7,706.77,100.96714285714286,0.26,0.09857142857142857
C04602,1,99.98,99.98,0.17,0.17
C00036,3,92.46000000000001,30.820000000000004,0.19,0.10333333333333333
C01408,1,150.06,150.06,0.23,0.23
C03370,7,547.4699999999999,78.21,0.27,0.10857142857142857
C05087,3,199.32999999999998,66.44333333333333,0.47,0.31666666666666665
C07137,2,234.04000000000002,117.02000000000001,0.06,0.034999999999999996
C05743,2,250.12,125.06,0.06,0.04
C02106,1,100.02,100.02,0.23,0.23
C10817,6,293.7,48.949999999999996,0.21,0.11666666666666665
C11330,1,50.05,50.05,0.08,0.08
C10128,8,1289.8500000000001,161.23125000000002,0.23,0.135
C05166,19,1761.08,92.68842105263157,0.21,0.07368421052631578
C00209,3,740.9399999999999,246.98,0.1,0.06333333333333334
C06338,3,486.06,162.02,0.12,0.06
C05891,16,2125.03,132.814375,0.7,0.17875
C07395,5,780.03,156.006,0.56,0.274
C02778,2,225.14000000000001,112.57000000000001,0.23,0.13
C07606,15,1770.06,118.00399999999999,0.84,0.43066666666666664
C00187,1,200.06,200.06,0.38,0.38
C03545,4,1050.06,262.515,0.92,0.355
C00111,2,399.09999999999997,199.54999999999998,0.27,0.165
C04734,31,4643.48,149.78967741935483,0.62,0.14483870967741935
C01528,7,989.89,141.41285714285715,0.74,0.2885714285714286
C08486,3,1988.02,662.6733333333333,0.59,0.2866666666666667
C12351,3,307.78,102.59333333333332,0.24,0.16333333333333333
C12855,11,580.29,52.75363636363636,0.27,0.1390909090909091
C12537,5,932.0799999999999,186.416,0.39,0.174
C04997,4,342.65,85.6625,0.26,0.1575
C03625,5,1227.0,245.4,0.16,0.062
C00955,1,50.08,50.08,0.24,0.24
C10221,6,299.75,49.958333333333336,0.69,0.18666666666666668
C12854,1,249.97,249.97,0.09,0.09
C04800,1,499.97,499.97,0.04,0.04
C08123,25,1118.5,44.74,0.4,0.1336
C06444,1,100.0,100.0,0.19,0.19
C04766,1,199.97,199.97,0.13,0.13
C10388,4,2835.74,708.935,0.75,0.51
C10030,1,300.08,300.08,0.43,0.43
C12260,8,377.68,47.21,0.34,0.145
C06385,1,306.68,306.68,0.01,0.01
C04202,40,2809.66,70.2415,0.44,0.125
C12275,18,2564.82,142.49,0.25,0.08666666666666667
C05030,1,117.09,117.09,0.09,0.09
C08806,5,1469.79,293.95799999999997,0.26,0.13799999999999998
C05303,15,557.19,37.146,0.68,0.22533333333333333
C06328,2,349.86,174.93,0.13,0.125
C00174,5,154.15,30.830000000000002,0.24,0.096
C03310,6,1650.21,275.035,0.72,0.25
C04141,4,433.86,108.465,0.08,0.045
C02683,9,2780.37,308.93,0.22,0.1111111111111111
C07369,4,435.22,108.805,0.6,0.22999999999999998
C09042,2,70.01,35.005,0.26,0.17
C04536,35,1274.61,36.417428571428566,0.53,0.14057142857142857
C04437,17,10528.32,619.3129411764705,0.62,0.2652941176470588
C08534,2,100.16,50.08,0.12,0.105
C05856,1,199.94,199.94,0.05,0.05
C10208,2,266.94,133.47,0.2,0.135
C12251,10,1150.06,115.006,0.88,0.417
C10747,5,545.02,109.00399999999999,0.45,0.196
C07206,7,168.14,24.02,0.37,0.2057142857142857
C07308,7,4756.57,679.51,0.27,0.16857142857142857
C08238,1,100.09,100.09,0.11,0.11
C11614,3,544.9399999999999,181.64666666666665,0.11,0.08333333333333333
C02506,1,263.19,263.19,0.25,0.25
C11108,2,144.06,72.03,0.27,0.21000000000000002
C02411,7,744.15,106.30714285714285,0.28,0.05714285714285715
C04043,8,867.06,108.3825,0.41,0.14
C06214,1,100.03,100.03,0.04,0.04
C04291,17,1588.76,93.45647058823529,0.42,0.16764705882352943
C05602,1,149.98,149.98,0.22,0.22
C08890,5,880.0699999999999,176.01399999999998,0.71,0.488
C13331,9,561.46,62.38444444444445,0.2,0.09222222222222222
C12056,5,591.6,118.32000000000001,0.31,0.22199999999999998
C05764,5,624.72,124.944,0.26,0.126
C08861,5,775.11,155.022,0.64,0.27999999999999997
C06805,4,152.02,38.005,0.41,0.1825
C01045,2,150.14,75.07,0.28,0.22500000000000003
C11548,1,100.05,100.05,0.05,0.05
C05230,3,970.02,323.34,0.11,0.06
C12971,2,129.38,64.69,0.9,0.74
C12881,1,100.09,100.09,0.14,0.14
C05794,1,149.99,149.99,0.03,0.03
C11581,2,599.98,299.99,0.36,0.255
C11100,1,49.96,49.96,0.28,0.28
C00139,2,29.85,14.925,0.43,0.255
C07186,1,100.01,100.01,0.14,0.14
C13083,6,290.85,48.475,0.39,0.19999999999999998
C08280,1,125.05,125.05,0.06,0.06
C02485,1,200.08,200.08,0.08,0.08
C04688,17,6345.4,373.25882352941176,0.79,0.24352941176470586
C04169,1,300.04,300.04,0.02,0.02
C05912,2,550.02,275.01,0.16,0.10500000000000001
C00308,2,49.86,24.93,0.2,0.10500000000000001
C09303,9,868.0,96.44444444444444,0.38,0.12111111111111111
C03131,9,635.55,70.61666666666666,0.4,0.16555555555555557
C00421,12,1800.6000000000001,150.05,0.29,0.11583333333333333
C03252,11,974.87,88.62454545454545,0.84,0.30454545454545456
C11935,1,107.99,107.99,0.12,0.12
C07027,14,2952.2999999999997,210.8785714285714,0.78,0.2307142857142857
C05183,1,30.02,30.02,0.16,0.16
C07630,1,249.92,249.92,0.21,0.21
C00056,32,5501.73,171.9290625,0.32,0.1065625
C07869,7,2628.5,375.5,0.31,0.15
C05612,4,107.12,26.78,0.03,0.02
C01537,1,199.97,199.97,0.04,0.04
C03832,2,1097.94,548.97,0.2,0.125
C13077,12,2904.58,242.04833333333332,0.27,0.12083333333333333
C06492,3,600.03,200.01,0.27,0.1366666666666667
C07623,5,418.86,83.772,0.38,0.162
C01393,22,3946.13,179.36954545454546,0.91,0.26045454545454544
C05614,2,2230.0099999999998,1115.0049999999999,0.21,0.13
C01196,14,4199.92,299.9942857142857,0.89,0.35214285714285715
C11289,1,279.93,279.93,0.3,0.3
C03592,4,452.04999999999995,113.01249999999999,0.42,0.1325
C02290,3,400.09000000000003,133.36333333333334,0.16,0.11
C07542,1,59.01,59.01,0.04,0.04
C09372,1,75.06,75.06,0.34,0.34
C06719,2,240.9,120.45,0.37,0.21
C10257,3,514.11,171.37,0.13,0.06666666666666667
C03630,6,1099.88,183.31333333333336,0.83,0.47333333333333333
C09720,3,262.24,87.41333333333334,0.46,0.22
C01831,1,150.02,150.02,0.17,0.17
C04350,6,1650.1399999999999,275.0233333333333,0.83,0.22166666666666668
C04552,13,1212.42,93.26307692307692,0.3,0.1246153846153846
C13049,5,1500.1200000000001,300.024,0.52,0.27799999999999997
C07025,2,199.97,99.985,0.36,0.19999999999999998
C08526,6,340.85,56.80833333333334,0.28,0.18000000000000002
C07417,1,24.95,24.95,0.08,0.08
C10635,1,124.93,124.93,0.07,0.07
C00981,2,70.28,35.14,0.03,0.025
C03754,1,59.0,59.0,0.09,0.09
C07095,3,450.1,150.03333333333333,0.37,0.13
C05944,2,78.49,39.245,0.16,0.11
C11527,18,1938.32,107.68444444444444,0.46,0.18166666666666667
C07129,1,150.08,150.08,0.11,0.11
C02098,1,306.56,306.56,0.23,0.23
C05759,6,405.84000000000003,67.64,0.27,0.16333333333333336
C03129,7,460.06,65.72285714285714,0.18,0.10571428571428572
C12235,1,199.92,199.92,0.13,0.13
C04546,12,1309.39,109.11583333333334,0.27,0.12416666666666666
C12092,24,1153.88,48.07833333333334,0.94,0.17958333333333332
C02571,16,3807.7599999999998,237.98499999999999,0.43,0.143125
C11334,1,149.99,149.99,0.11,0.11
C11603,12,672.24,56.02,0.52,0.16083333333333333
C10815,3,227.89999999999998,75.96666666666665,0.14,0.09666666666666668
C12434,2,125.1,62.55,0.16,0.095
C07827,16,738.72,46.17,0.38,0.113125
C02410,6,1224.99,204.165,0.64,0.19333333333333336
C03165,2,175.06,87.53,0.11,0.09
C11667,2,974.9300000000001,487.46500000000003,0.16,0.085
C07189,6,849.9000000000001,141.65,0.73,0.17833333333333334
C08170,6,1911.71,318.61833333333334,0.34,0.19333333333333336
C08018,2,300.04,150.02,0.27,0.17500000000000002
C09690,2,425.01,212.505,0.23,0.21500000000000002
C01398,8,413.53000000000003,51.691250000000004,0.77,0.185
C10118,1,108.46,108.46,0.33,0.33
C02815,1,100.04,100.04,0.08,0.08
C02688,2,256.35,128.175,0.11,0.09
C12308,1,125.06,125.06,0.18,0.18
C12710,1,99.94,99.94,0.1,0.1
C05254,1,100.04,100.04,0.43,0.43
C11669,1,39.97,39.97,0.2,0.2
C05724,2,25.36,12.68,0.07,0.07
C11554,8,434.21,54.27625,0.91,0.32375000000000004
C04854,2,257.0,128.5,0.24,0.18
C04387,1,50.08,50.08,0.2,0.2
C11510,4,642.92,160.73,0.22,0.1675
C02455,6,547.53,91.255,0.17,0.11166666666666668
C06842,3,390.07,130.02333333333334,0.19,0.12666666666666668
C00052,2,359.99,179.995,0.03,0.02
C11943,2,61.94,30.97,0.03,0.02
C12444,4,467.12,116.78,0.13,0.06999999999999999
C08868,3,275.06,91.68666666666667,0.2,0.13999999999999999
C10452,2,349.94,174.97,0.67,0.34
C10415,14,1687.71,120.55071428571429,0.28,0.12714285714285714
C01067,6,499.82000000000005,83.30333333333334,0.72,0.35333333333333333
C05699,2,72.88,36.44,0.38,0.36
C07419,1,64.04,64.04,0.02,0.02
C01157,2,81.09,40.545,0.11,0.07
C05141,5,850.11,170.022,0.83,0.394
C04702,6,725.84,120.97333333333334,0.24,0.07833333333333332
C00001,2,249.93,124.965,0.07,0.045000000000000005
C06592,1,170.92,170.92,0.01,0.01
C03768,1,60.09,60.09,0.18,0.18
C09968,21,3342.19,159.15190476190477,0.29,0.09476190476190476
C10646,1,100.01,100.01,0.21,0.21
C02980,2,250.06,125.03,0.65,0.395
C09273,3,349.88,116.62666666666667,0.53,0.23
C11128,2,435.09000000000003,217.54500000000002,0.15,0.095
C09807,9,2250.73,250.0811111111111,0.75,0.24000000000000002
C07455,5,808.12,161.624,0.68,0.202
C12566,2,149.95,74.975,0.43,0.39
C05720,8,1113.44,139.18,0.25,0.14
C08606,2,178.82999999999998,89.41499999999999,0.31,0.24
C12093,12,1256.08,104.67333333333333,0.28,0.11583333333333334
C09126,5,978.92,195.784,0.84,0.37
C11112,9,897.86,99.76222222222222,0.37,0.17
C01878,2,65.54,32.77,0.49,0.265
C06770,4,674.88,168.72,0.45,0.19
C10377,4,281.90999999999997,70.47749999999999,0.42,0.24000000000000002
C12387,4,1784.9099999999999,446.22749999999996,0.11,0.065
C03938,44,2311.69,52.53840909090909,0.4,0.13636363636363635
C08250,8,2098.14,262.2675,0.86,0.27
C01244,10,3124.88,312.488,0.87,0.259
C04453,10,673.71,67.37100000000001,0.3,0.178
C03333,2,276.96000000000004,138.48000000000002,0.15,0.08499999999999999
C12845,7,347.92,49.70285714285715,0.68,0.29857142857142854
C00314,1,75.01,75.01,0.31,0.31
C08141,6,1314.4499999999998,219.07499999999996,0.24,0.11666666666666665
C02314,2,332.89,166.445,0.12,0.065
C12266,1,39.95,39.95,0.01,0.01
C00734,18,2945.39,163.63277777777776,0.94,0.295
C11135,10,1184.33,118.43299999999999,0.17,0.092
C12503,1,31.03,31.03,0.12,0.12
C04266,16,1338.73,83.670625,0.36,0.1625
C06989,4,391.89,97.9725,0.68,0.2625
C11782,2,61.07,30.535,0.21,0.16499999999999998
C02913,1,199.93,199.93,0.44,0.44
C07031,4,175.06,43.765,0.6,0.2525
C05325,3,1300.1,433.3666666666666,0.55,0.44333333333333336
C06652,1,50.08,50.08,0.08,0.08
C01328,3,900.89,300.2966666666667,0.35,0.24
C05707,6,511.27,85.21166666666666,0.66,0.22166666666666668
C08425,3,217.67000000000002,72.55666666666667,0.22,0.16
C07891,11,709.13,64.46636363636364,0.56,0.13545454545454547
C10544,1,99.94,99.94,0.14,0.14
C02238,1,108.47,108.47,0.21,0.21
C10485,3,843.43,281.1433333333333,0.19,0.13
C09436,3,300.04,100.01333333333334,0.09,0.06666666666666667
C12754,15,1087.44,72.49600000000001,0.78,0.15866666666666665
C10910,4,301.98,75.495,0.3,0.1625
C11125,1,50.01,50.01,0.13,0.13
C05207,1,150.06,150.06,0.11,0.11
C02617,1,200.08,200.08,0.29,0.29
C00491,4,499.98,124.995,0.59,0.315
C07054,3,1500.0,500.0,0.21,0.12333333333333334
C05055,6,113.13,18.855,0.5,0.27
C05533,1,15.01,15.01,0.55,0.55
C07807,3,67.37,22.456666666666667,0.25,0.17333333333333334
C06180,5,746.02,149.204,0.8,0.31
C10180,1,15.98,15.98,0.01,0.01
C02486,1,171.09,171.09,0.11,0.11
C11517,1,75.0,75.0,0.02,0.02
C09499,4,552.78,138.195,0.3,0.12
C10461,2,309.97,154.985,0.21,0.11499999999999999
C03049,3,399.92,133.30666666666667,0.25,0.15
C12413,6,812.1899999999999,135.36499999999998,0.3,0.14833333333333334
C00445,1,149.91,149.91,0.1,0.1
C01617,26,4765.99,183.3073076923077,0.62,0.1346153846153846
C06527,2,386.96000000000004,193.48000000000002,0.25,0.13
C07241,2,450.0,225.0,0.89,0.49
C04156,7,335.88,47.98285714285714,0.31,0.1142857142857143
C00869,2,276.03,138.015,0.2,0.18
C04896,28,2758.29,98.51035714285715,0.42,0.13785714285714284
C06072,2,108.83,54.415,0.18,0.11499999999999999
C11921,10,1518.05,151.805,0.36,0.143
C02056,3,265.89,88.63,0.13,0.07666666666666667
C10173,1,100.09,100.09,0.08,0.08
C12904,1,50.06,50.06,0.23,0.23
C01359,20,908.0699999999999,45.403499999999994,0.38,0.1975
C04027,1,49.98,49.98,0.04,0.04
C02409,2,50.07,25.035,0.23,0.225
C04236,11,1249.8899999999999,113.62636363636362,0.81,0.29454545454545455
C00646,1,75.07,75.07,0.11,0.11
C02283,6,1049.95,174.99166666666667,0.2,0.115
C11484,14,2673.7,190.97857142857143,0.79,0.24000000000000002
C09074,9,3111.08,345.67555555555555,0.45,0.20444444444444443
C05070,5,400.10999999999996,80.02199999999999,0.51,0.242
C04220,5,1897.1,379.41999999999996,0.71,0.41999999999999993
C07653,2,440.5,220.25,0.3,0.19
C12202,1,24.96,24.96,0.15,0.15
C13010,1,50.02,50.02,0.08,0.08
C07559,2,280.02,140.01,0.27,0.225
C03447,8,2694.9,336.8625,0.22,0.1375
C12319,1,199.92,199.92,0.01,0.01
C03392,2,200.12,100.06,0.37,0.33499999999999996
C08138,14,3228.93,230.63785714285714,0.41,0.12714285714285714
C05588,1,100.04,100.04,0.16,0.16
C03784,3,449.93,149.97666666666666,0.76,0.36000000000000004
C00885,23,877.26,38.14173913043478,0.93,0.24304347826086956
C01836,2,88.39,44.195,0.69,0.36
C08344,1,108.03,108.03,0.1,0.1
C10748,6,1484.8600000000001,247.4766666666667,0.37,0.17833333333333334
C13417,4,593.5799999999999,148.39499999999998,0.5,0.21
C09960,8,1124.79,140.59875,0.67,0.195
C06960,2,300.05,150.025,0.13,0.12
C12822,6,621.38,103.56333333333333,0.48,0.15166666666666664
C06425,7,505.82,72.26,0.35,0.15
C04032,6,1229.82,204.97,0.11,0.05833333333333333
C06625,6,1779.8400000000001,296.64000000000004,0.55,0.2316666666666667
C02703,2,219.88,109.94,0.18,0.175
C07330,3,223.45,74.48333333333333,0.17,0.14
C08193,17,461.87,27.168823529411764,0.85,0.15647058823529414
C11280,2,149.9,74.95,0.12,0.08499999999999999
C03566,7,1149.49,164.21285714285713,0.78,0.2671428571428572
C05358,2,531.27,265.635,0.13,0.07
C10579,3,934.88,311.62666666666667,0.2,0.08
C09466,6,1249.81,208.30166666666665,0.46,0.20833333333333334
C08774,5,374.91999999999996,74.984,0.63,0.266
C00890,2,434.96999999999997,217.48499999999999,0.13,0.095
C04944,8,2378.86,297.3575,0.27,0.21125
C02990,17,1007.65,59.273529411764706,0.43,0.1335294117647059
C06865,4,295.15,73.7875,0.73,0.255
C06281,6,955.5699999999999,159.26166666666666,0.26,0.12166666666666666
C03147,1,200.08,200.08,0.34,0.34
C00682,3,165.9,55.300000000000004,0.24,0.18000000000000002
C13028,12,1750.04,145.83666666666667,0.66,0.1925
C06012,4,147.78,36.945,0.18,0.06999999999999999
C08154,2,499.97,249.985,0.09,0.075
C09237,4,171.75,42.9375,0.23,0.10250000000000001
C05266,1,199.96,199.96,0.16,0.16
C01193,8,356.44,44.555,0.23,0.08375
C00300,28,9349.75,333.91964285714283,0.51,0.17250000000000001
C08175,1,330.88,330.88,0.02,0.02
C08958,30,1039.54,34.65133333333333,0.75,0.229
C07467,14,1500.11,107.15071428571427,0.67,0.22285714285714286
C11751,5,800.12,160.024,0.81,0.454
C03655,1,99.97,99.97,0.02,0.02
C04379,2,374.01,187.005,0.23,0.175
C02531,7,900.06,128.57999999999998,0.82,0.4114285714285714
C10022,5,125.05,25.009999999999998,0.41,0.174
C03632,4,600.0,150.0,0.62,0.3125
C05306,4,500.03000000000003,125.00750000000001,0.26,0.14250000000000002
C12976,3,490.01,163.33666666666667,0.12,0.09333333333333334
C05396,2,149.0,74.5,0.23,0.17
C02928,2,150.04,75.02,0.64,0.38
C12757,2,250.12,125.06,0.33,0.245
C12008,1,299.98,299.98,0.21,0.21
C04613,3,749.93,249.97666666666666,0.2,0.10333333333333333
C02435,12,1075.28,89.60666666666667,0.31,0.10833333333333334
C00211,1,99.95,99.95,0.08,0.08
C07121,14,1176.05,84.00357142857142,0.47,0.1407142857142857
C12608,5,717.06,143.41199999999998,0.18,0.144
C01001,6,468.74,78.12333333333333,0.34,0.18666666666666668
C01274,6,949.8,158.29999999999998,0.22,0.115
C08862,1,50.06,50.06,0.02,0.02
C10713,6,3599.9300000000003,599.9883333333333,0.88,0.21333333333333335
C13345,28,2526.4,90.22857142857143,0.37,0.14964285714285716
C08849,6,311.9,51.98333333333333,0.3,0.11833333333333333
C01639,4,686.9000000000001,171.72500000000002,0.31,0.10500000000000001
C13368,2,100.05000000000001,50.025000000000006,0.03,0.025
C10939,1,99.94,99.94,0.18,0.18
C04457,1,139.88,139.88,0.1,0.1
C06030,9,377.83000000000004,41.98111111111112,0.24,0.12333333333333335
C00224,1,49.98,49.98,0.04,0.04
C04143,7,948.87,135.55285714285714,0.23,0.12571428571428572
C03182,6,1300.11,216.68499999999997,0.64,0.33666666666666667
C02808,6,769.78,128.29666666666665,0.2,0.10000000000000002
C12450,7,1074.96,153.56571428571428,0.89,0.4528571428571429
C08144,1,305.78,305.78,0.03,0.03
C03528,23,3067.05,133.35,0.71,0.11434782608695651
C12516,1,279.99,279.99,0.16,0.16
C12270,3,494.09999999999997,164.7,0.23,0.16
C07371,2,86.42,43.21,0.15,0.08
C05590,4,2300.0699999999997,575.0174999999999,0.38,0.2275
C03336,1,249.91,249.91,0.13,0.13
C01015,1,200.01,200.01,0.09,0.09
C09909,7,572.49,81.78428571428572,0.66,0.36
C11555,9,1451.8000000000002,161.31111111111113,0.26,0.14666666666666667
C01814,5,619.92,123.984,0.12,0.068
C08364,8,212.16,26.52,0.34,0.1775
C06617,30,2831.16,94.372,0.38,0.13066666666666665
C13030,2,142.08,71.04,0.18,0.105
C02885,4,2169.94,542.485,0.7,0.28500000000000003
C03082,18,3687.55,204.8638888888889,0.76,0.22277777777777777
C11989,7,554.04,79.14857142857143,0.24,0.09857142857142856
C03062,1,60.06,60.06,0.04,0.04
C00248,5,554.99,110.998,0.21,0.11400000000000002
C13301,1,52.5,52.5,0.08,0.08
C05228,1,25.0,25.0,0.13,0.13
C00465,1,24.95,24.95,0.04,0.04
C09096,2,171.04,85.52,0.14,0.10500000000000001
C13042,1,74.94,74.94,0.01,0.01
C08439,10,1483.78,148.378,0.3,0.11499999999999999
C03420,1,129.37,129.37,0.07,0.07
C03359,2,1144.85,572.425,0.07,0.065
C11089,8,546.73,68.34125,0.3,0.12125
C01023,1,149.97,149.97,0.17,0.17
C03086,4,668.0200000000001,167.00500000000002,0.15,0.1025
C12424,2,89.02,44.51,0.1,0.095
C12147,7,650.07,92.86714285714287,0.35,0.18571428571428572
C06904,1,100.0,100.0,0.01,0.01
C07629,4,527.0600000000001,131.76500000000001,0.24,0.1
C09913,1,1622.67,1622.67,0.16,0.16
C06843,10,2008.15,200.815,0.27,0.14300000000000002
C01277,3,300.0,100.0,0.36,0.13999999999999999
C07373,1,199.96,199.96,0.18,0.18
C05700,3,450.03,150.01,0.52,0.21666666666666667
C10503,2,30.799999999999997,15.399999999999999,0.16,0.13
C07595,1,58.93,58.93,0.09,0.09
C10341,3,156.68,52.22666666666667,0.29,0.19999999999999998
C00191,1,58.3,58.3,0.09,0.09
C06537,2,260.08000000000004,130.04000000000002,0.11,0.065
C08604,6,800.14,133.35666666666665,0.75,0.3833333333333333
C04942,2,231.12,115.56,0.14,0.08
C06620,2,449.99,224.995,0.16,0.155
C07952,6,545.84,90.97333333333334,0.76,0.22666666666666668
C10189,4,455.68,113.92,0.22,0.10250000000000001
C01270,1,199.97,199.97,0.24,0.24
C02591,3,650.09,216.6966666666667,0.7,0.37666666666666665
C05687,4,653.99,163.4975,0.19,0.1375
C04714,1,135.03,135.03,0.1,0.1
C07016,2,186.95,93.475,0.19,0.155
C07246,1,100.0,100.0,0.02,0.02
C01275,7,525.12,75.01714285714286,0.33,0.16285714285714287
C04555,9,1550.2,172.24444444444444,0.41,0.12333333333333335
C06156,13,2921.83,224.75615384615384,0.4,0.17307692307692307
C01524,6,1346.76,224.46,0.22,0.11666666666666665
C05270,5,890.4,178.07999999999998,0.13,0.066
C10067,1,20.07,20.07,0.07,0.07
C03767,2,384.99,192.495,0.02,0.015
C10201,1,2629.95,2629.95,0.04,0.04
C09343,9,1499.87,166.6522222222222,0.85,0.35444444444444445
C12813,4,450.07,112.5175,0.81,0.2625
C09848,5,254.32999999999998,50.866,0.75,0.25
C01570,2,55.06,27.53,0.31,0.19
C09931,1,50.09,50.09,0.19,0.19
C10226,6,1139.85,189.975,0.51,0.18166666666666667
C10619,1,100.08,100.08,0.06,0.06
C03417,3,342.58000000000004,114.19333333333334,0.3,0.13333333333333333
C03567,19,1354.76,71.30315789473684,0.23,0.10789473684210525
C00419,48,3030.2,63.12916666666666,0.38,0.10583333333333333
C07350,2,172.97,86.485,0.06,0.05
C07499,10,932.55,93.255,0.26,0.123
C04097,13,985.32,75.79384615384616,0.3,0.14076923076923079
C04646,9,2126.32,236.2577777777778,0.46,0.1611111111111111
C05544,8,699.0,87.375,0.17,0.08750000000000001
C06564,1,108.53,108.53,0.01,0.01
C10000,3,700.1600000000001,233.38666666666668,0.3,0.18333333333333335
C01672,8,1300.32,162.54,0.82,0.47750000000000004
C04328,16,1641.5,102.59375,0.44,0.11125
C04059,9,4125.84,458.4266666666667,0.65,0.3344444444444445
C03117,6,376.37,62.72833333333333,0.38,0.13833333333333334
C03197,2,350.12,175.06,0.95,0.51
C13439,12,1696.76,141.39666666666668,0.29,0.10583333333333333
C12341,2,86.18,43.09,0.24,0.22499999999999998
C00957,12,3699.62,308.3016666666667,0.58,0.18999999999999997
C11652,10,3774.9900000000002,377.499,0.64,0.23500000000000001
C07991,12,574.86,47.905,0.35,0.09833333333333334
C03424,3,343.99,114.66333333333334,0.28,0.13
C05069,1,425.02,425.02,0.16,0.16
C05537,7,1679.74,239.96285714285713,0.22,0.10285714285714286
C02153,6,301.8,50.300000000000004,0.24,0.15166666666666667
C03059,3,543.83,181.27666666666667,0.29,0.18333333333333335
C09901,7,847.05,121.00714285714285,0.29,0.1557142857142857
C05461,7,203.51999999999998,29.07428571428571,0.77,0.2914285714285714
C04013,7,2313.08,330.44,0.72,0.20285714285714285
C08798,3,169.01,56.336666666666666,0.16,0.07333333333333333
C10330,3,2200.14,733.38,0.13,0.06333333333333334
C09140,2,95.9,47.95,0.11,0.065
C08089,2,1019.12,509.56,0.64,0.385
C03585,1,159.88,159.88,0.08,0.08
C01207,5,234.67000000000002,46.934000000000005,0.21,0.156
C05458,1,200.01,200.01,0.01,0.01
C04174,4,400.1,100.025,0.52,0.165
C12555,2,423.90999999999997,211.95499999999998,0.14,0.07500000000000001
C03152,1,250.07,250.07,0.64,0.64
C06312,1,199.97,199.97,0.5,0.5
C04505,13,639.75,49.21153846153846,0.81,0.30307692307692313
C02121,1,100.0,100.0,0.91,0.91
C03512,1,125.07,125.07,0.04,0.04
C08009,8,402.84999999999997,50.356249999999996,0.52,0.25125
C03377,26,1622.89,62.41884615384616,0.36,0.125
C04151,4,984.86,246.215,0.62,0.2675
C09114,1,83.92,83.92,0.12,0.12
C11084,3,712.98,237.66,0.36,0.14666666666666667
C10249,9,569.14,63.23777777777778,0.38,0.19555555555555557
C01115,25,4424.5,176.98,0.96,0.3044
C02261,8,660.98,82.6225,0.73,0.2625
C02911,7,1791.45,255.92142857142858,0.39,0.1685714285714286
C02139,5,900.17,180.034,0.86,0.6199999999999999
C05955,4,162.0,40.5,0.29,0.105
C00193,1,279.95,279.95,0.11,0.11
C02948,1,200.04,200.04,0.32,0.32
C09346,6,152.03,25.338333333333335,0.47,0.2816666666666667
C12120,1,49.92,49.92,0.05,0.05
C05603,4,349.96,87.49,0.58,0.31
C02813,2,127.13999999999999,63.56999999999999,0.24,0.16
C12026,1,100.0,100.0,0.08,0.08
C12101,2,100.07,50.035,0.21,0.145
C06148,13,1756.7,135.13076923076923,0.25,0.11153846153846153
C04014,3,442.62,147.54,0.31,0.22666666666666668
C05997,1,88.3,88.3,0.29,0.29
C00145,1,74.94,74.94,0.04,0.04
C13263,12,1559.97,129.9975,0.25,0.10416666666666667
C01082,9,289.79,32.19888888888889,0.23,0.061111111111111116
C00427,7,1576.9,225.27142857142857,0.38,0.11857142857142858
C01663,1,125.02,125.02,0.06,0.06
C07724,2,200.05,100.025,0.12,0.08
C09318,1,100.05,100.05,0.34,0.34
C10450,1,176.55,176.55,0.04,0.04
C01417,10,591.18,59.117999999999995,0.4,0.094
C04225,3,400.09000000000003,133.36333333333334,0.11,0.06666666666666667
C09017,18,8265.81,459.21166666666664,0.85,0.26944444444444443
C07239,16,1288.49,80.530625,0.69,0.179375
C07597,3,908.0799999999999,302.6933333333333,0.25,0.17666666666666667
C08975,20,1011.11,50.5555,0.25,0.11400000000000002
C02686,15,4499.8,299.9866666666667,0.8,0.34199999999999997
C07567,1,249.97,249.97,0.07,0.07
C08311,8,892.9399999999999,111.61749999999999,0.35,0.10500000000000001
C04382,3,275.13,91.71,0.56,0.23333333333333336
C12143,1,272.64,272.64,0.03,0.03
C11207,14,2074.61,148.1864285714286,0.14,0.08214285714285714
C02203,2,435.01,217.505,0.17,0.12000000000000001
C02677,2,507.90999999999997,253.95499999999998,0.09,0.06
C08094,6,810.54,135.09,0.32,0.12166666666666666
C02211,5,507.01,101.402,0.18,0.082
C12216,2,944.27,472.135,0.27,0.185
C06037,8,676.32,84.54,0.47,0.15625
C08172,11,1201.63,109.23909090909092,0.44,0.08545454545454546
C09613,3,731.77,243.92333333333332,0.25,0.15
C10283,6,2605.6699999999996,434.27833333333325,0.2,0.08
C07331,1,250.03,250.03,0.13,0.13
C05682,4,350.26,87.565,0.63,0.295
C03114,1,50.01,50.01,0.16,0.16
C02543,2,49.870000000000005,24.935000000000002,0.22,0.125
C09317,6,5499.9800000000005,916.6633333333334,0.44,0.19833333333333333
C11130,1,149.95,149.95,0.07,0.07
C12684,1,700.05,700.05,0.05,0.05
C08046,2,379.98,189.99,0.11,0.065
C07899,4,1050.21,262.5525,0.54,0.2225
C05870,1,150.01,150.01,0.03,0.03
C08252,3,599.94,199.98000000000002,0.07,0.06
C03652,1,200.0,200.0,0.07,0.07
C08319,4,155.63,38.9075,0.46,0.1575
C11544,6,405.09000000000003,67.515,0.44,0.165
C07364,1,49.98,49.98,0.18,0.18
C02465,1,250.05,250.05,0.01,0.01
C08524,5,781.56,156.31199999999998,0.32,0.2
C09694,1,249.95,249.95,0.07,0.07
C00791,5,1355.6799999999998,271.13599999999997,0.37,0.13
C01961,4,750.06,187.515,0.84,0.315
C07873,4,200.78,50.195,0.32,0.14250000000000002
C12151,7,1537.03,219.57571428571427,0.27,0.14857142857142858
C07280,1,299.96,299.96,0.03,0.03
C07361,1,50.05,50.05,0.12,0.12
C08694,3,85.0,28.333333333333332,0.19,0.16666666666666666
C10808,5,1799.74,359.948,0.72,0.27
C09758,1,200.08,200.08,0.1,0.1
C06291,1,49.91,49.91,0.26,0.26
C10956,1,99.92,99.92,0.04,0.04
C07791,1,249.95,249.95,0.69,0.69
C12709,1,99.96,99.96,0.31,0.31
C10276,2,600.04,300.02,0.42,0.315
C11981,4,256.73,64.1825,0.72,0.27999999999999997
C09353,6,1115.16,185.86,0.74,0.26166666666666666
C05229,3,1799.9699999999998,599.9899999999999,0.19,0.10666666666666667
C02327,1,120.43,120.43,0.03,0.03
C11469,4,1870.76,467.69,0.46,0.2
C08040,3,649.87,216.62333333333333,0.83,0.4766666666666666
C03924,10,1623.14,162.31400000000002,0.26,0.121
C08495,6,1759.8899999999999,293.315,0.74,0.4066666666666667
C04428,2,431.08,215.54,0.29,0.155
C13004,3,496.14,165.38,0.67,0.26666666666666666
C03485,8,996.1300000000001,124.51625000000001,0.83,0.21625
C02634,2,472.94,236.47,0.09,0.08
C00715,2,198.58,99.29,0.06,0.045
C06557,3,300.06,100.02,0.28,0.14333333333333334
C12589,2,45.15,22.575,0.07,0.05500000000000001
C03615,4,669.1,167.275,0.21,0.145
C12571,8,774.4499999999999,96.80624999999999,0.41,0.10375000000000001
C05952,1,100.05,100.05,0.17,0.17
C11448,1,99.98,99.98,0.12,0.12
C11741,32,4758.97,148.7178125,0.41,0.1384375
C12199,17,1196.25,70.36764705882354,0.69,0.15529411764705883
C07536,1,149.96,149.96,0.36,0.36
C07083,5,189.98000000000002,37.996,0.19,0.11800000000000002
C04956,1,149.93,149.93,0.14,0.14
C02086,6,2798.79,466.465,0.1,0.07
C04376,1,22.08,22.08,0.03,0.03
C05110,4,83.99000000000001,20.997500000000002,0.31,0.21250000000000002
C05601,29,6897.47,237.8437931034483,0.45,0.1289655172413793
C12428,2,116.0,58.0,0.14,0.095
C00299,11,1924.77,174.9790909090909,0.94,0.5127272727272727
C07716,1,129.43,129.43,0.05,0.05
C00792,8,885.75,110.71875,0.51,0.17375000000000002
C00879,11,1164.25,105.8409090909091,0.24,0.14727272727272728
C05054,3,1228.8600000000001,409.62000000000006,0.32,0.2333333333333333
C03546,1,100.05,100.05,0.21,0.21
C07400,9,862.57,95.84111111111112,0.57,0.17555555555555558
C03968,3,140.01,46.669999999999995,0.08,0.04666666666666667
C10357,2,57.85,28.925,0.18,0.16499999999999998
C06646,2,300.1,150.05,0.18,0.095
C07128,2,50.11,25.055,0.34,0.315
C09382,28,8135.28,290.54571428571427,0.78,0.2275
C08261,7,928.92,132.70285714285714,0.2,0.09857142857142856
C00919,2,60.04,30.02,0.25,0.16999999999999998
C06574,4,263.93,65.9825,0.07,0.0425
C06519,3,337.87,112.62333333333333,0.43,0.22666666666666666
C08950,2,1234.82,617.41,0.19,0.14500000000000002
C12278,6,647.72,107.95333333333333,0.19,0.09333333333333334
C00284,2,115.07000000000001,57.535000000000004,0.09,0.06
C05840,2,175.97,87.985,0.16,0.10500000000000001
C09635,13,1037.58,79.81384615384614,0.51,0.1853846153846154
C04292,2,415.0,207.5,0.22,0.14
C05788,6,234.66,39.11,0.11,0.05833333333333333
C07548,1,199.96,199.96,0.24,0.24
C09243,3,281.0,93.66666666666667,0.05,0.023333333333333334
C12237,5,1630.42,326.084,0.28,0.12
C03466,1,227.21,227.21,0.2,0.2
C09718,2,174.98000000000002,87.49000000000001,0.28,0.26
C08813,8,386.15,48.26875,0.21,0.11375
C12514,5,500.15,100.03,0.32,0.198
C11351,3,450.05,150.01666666666668,0.56,0.26666666666666666
C02779,2,199.96,99.98,0.17,0.15000000000000002
C05666,2,249.92,124.96,0.14,0.095
C08284,2,200.04,100.02,0.49,0.25
C11195,1,1679.92,1679.92,0.1,0.1
C01888,6,1871.68,311.94666666666666,0.42,0.18999999999999997
C04487,3,349.95,116.64999999999999,0.24,0.09666666666666666
C04600,12,965.69,80.47416666666668,0.52,0.22
C10982,1,99.96,99.96,0.05,0.05
C03013,6,621.38,103.56333333333333,0.25,0.17166666666666666
C09046,1,175.01,175.01,0.08,0.08
C02383,29,2266.86,78.16758620689656,0.5,0.18896551724137933
C07057,22,4061.8,184.62727272727273,0.24,0.13590909090909092
C01952,6,1124.83,187.47166666666666,0.5,0.26166666666666666
C00082,3,187.67,62.556666666666665,0.2,0.11
C01514,1,117.0,117.0,0.04,0.04
C04432,2,349.99,174.995,0.66,0.44
C06667,4,294.14,73.535,0.23,0.09
C00817,14,1846.77,131.91214285714287,0.39,0.1457142857142857
C06351,34,1311.45,38.57205882352941,0.29,0.10941176470588236
C03521,2,250.01999999999998,125.00999999999999,0.14,0.095
C05155,3,797.87,265.95666666666665,0.57,0.3566666666666667
C02215,2,500.03999999999996,250.01999999999998,0.12,0.065
C07306,2,80.44,40.22,0.41,0.32499999999999996
C01071,4,394.17999999999995,98.54499999999999,0.82,0.42999999999999994
C02230,2,124.88,62.44,0.13,0.085
C09123,8,336.12,42.015,0.32,0.0925
C00407,3,1125.09,375.03,0.21,0.15
C04251,33,3314.15,100.42878787878789,0.5,0.16575757575757574
C10307,8,1533.85,191.73125,0.39,0.14
C13101,16,2135.21,133.450625,0.36,0.124375
C11449,1,50.02,50.02,0.03,0.03
C05579,15,1955.14,130.34266666666667,0.56,0.13066666666666665
C11983,1,76.98,76.98,0.05,0.05
C02376,18,877.1,48.72777777777778,0.32,0.14444444444444446
C04730,3,219.38,73.12666666666667,0.06,0.05333333333333334
C04715,5,575.12,115.024,0.88,0.488
C06878,1,50.01,50.01,0.05,0.05
C10478,1,200.02,200.02,0.03,0.03
C06254,8,474.65999999999997,59.332499999999996,0.38,0.13
C06819,1,34.96,34.96,0.11,0.11
C09407,3,324.90999999999997,108.30333333333333,0.38,0.18333333333333335
C04243,3,168.84,56.28,0.15,0.12333333333333334
C00472,18,1046.54,58.14111111111111,0.22,0.0811111111111111
C08488,2,329.93,164.965,0.4,0.21000000000000002
C03188,3,549.9300000000001,183.31000000000003,0.63,0.24
C13376,1,100.08,100.08,0.01,0.01
C05101,2,106.82,53.41,0.04,0.035
C00408,9,1709.0,189.88888888888889,0.22,0.08888888888888889
C02199,13,567.35,43.642307692307696,0.37,0.16923076923076924
C12549,4,213.71,53.4275,0.28,0.1275
C07190,3,289.94,96.64666666666666,0.38,0.19666666666666668
C00670,2,367.24,183.62,0.4,0.225
C11284,1,50.07,50.07,0.07,0.07
C07150,1,97.01,97.01,0.03,0.03
C09765,1,32.4,32.4,0.13,0.13
C07294,1,106.97,106.97,0.1,0.1
C04585,1,556.98,556.98,0.1,0.1
C06831,3,288.40999999999997,96.13666666666666,0.09,0.08
C06261,2,199.85000000000002,99.92500000000001,0.64,0.38
C03681,2,249.95999999999998,124.97999999999999,0.16,0.115
C07501,6,790.04,131.67333333333332,0.32,0.14666666666666667
C04071,4,1892.23,473.0575,0.2,0.1125
C00958,6,1433.19,238.865,0.47,0.19999999999999998
C09748,6,144.98,24.16333333333333,0.26,0.11833333333333333
C05479,3,535.04,178.34666666666666,0.85,0.57
C12362,2,550.08,275.04,0.29,0.16999999999999998
C11393,13,1698.3,130.63846153846154,0.34,0.12384615384615386
C05581,3,81.74000000000001,27.24666666666667,0.22,0.14
C04342,5,299.95,59.989999999999995,0.6,0.22599999999999998
C09987,3,79.97,26.656666666666666,0.23,0.17333333333333334
C05875,1,24.97,24.97,0.4,0.4
C00169,12,606.9,50.574999999999996,0.33,0.08833333333333333
C12518,1,97.0,97.0,0.04,0.04
C09288,6,1209.49,201.58166666666668,0.34,0.155
C11411,4,270.94,67.735,0.35,0.1275
C02832,6,209.81,34.968333333333334,0.23,0.11333333333333334
C00098,2,207.87,103.935,0.38,0.2
C09951,10,680.65,68.065,0.29,0.158
C05956,1,249.99,249.99,0.25,0.25
C11407,5,228.58,45.716,0.22,0.098
C04235,3,191.67,63.88999999999999,0.78,0.36333333333333334
C01845,1,41.89,41.89,0.15,0.15
C08385,6,1099.72,183.28666666666666,0.38,0.21333333333333335
C06365,3,979.8299999999999,326.60999999999996,0.33,0.18666666666666668
C08785,1,100.01,100.01,0.01,0.01
C11432,4,380.69,95.1725,0.27,0.11250000000000002
C03376,10,3791.74,379.174,0.24,0.11200000000000002
C06256,4,431.75,107.9375,0.24,0.14
C12965,8,1999.8899999999999,249.98624999999998,0.38,0.14875
C00323,5,625.03,125.006,0.81,0.354
C04803,4,150.0,37.5,0.23,0.115
C06054,2,186.52,93.26,0.2,0.125
C09799,15,1090.89,72.72600000000001,0.8,0.16999999999999998
C00385,5,339.93,67.986,0.44,0.15
C11503,8,1150.8400000000001,143.85500000000002,0.24,0.11499999999999999
C11800,2,411.99,205.995,0.65,0.47
C01223,3,100.08,33.36,0.11,0.049999999999999996
C11589,1,107.86,107.86,0.03,0.03
C09481,6,449.91999999999996,74.98666666666666,0.34,0.19000000000000003
C07941,1,74.99,74.99,0.18,0.18
C03825,3,79.37,26.456666666666667,0.27,0.16666666666666666
C13020,2,500.01,250.005,0.44,0.225
C10305,6,170.85000000000002,28.475000000000005,0.71,0.25833333333333336
C06417,1,14.93,14.93,0.27,0.27
C05057,4,259.89,64.9725,0.17,0.0775
C10684,1,49.99,49.99,0.12,0.12
C07658,22,2446.41,111.20045454545453,0.3,0.11772727272727274
C02585,21,1445.92,68.85333333333334,0.38,0.13714285714285715
C08523,3,93.36,31.12,0.15,0.09333333333333334
C13405,1,99.98,99.98,0.08,0.08
C01305,3,143.79,47.93,0.36,0.17666666666666667
C03602,2,199.95,99.975,0.07,0.04
C04074,19,1817.93,95.68052631578948,0.33,0.11894736842105265
C12347,6,1433.76,238.96,0.36,0.13666666666666666
C04767,3,499.82,166.60666666666665,0.77,0.3566666666666667
C05250,8,374.45,46.80625,0.47,0.2175
C07453,3,270.02,90.00666666666666,0.19,0.10666666666666667
C04686,1,225.06,225.06,0.14,0.14
C07765,3,197.94,65.98,0.28,0.18333333333333335
C12664,3,269.81,89.93666666666667,0.34,0.20333333333333337
C10460,2,670.06,335.03,0.17,0.11000000000000001
C00708,1,100.06,100.06,0.09,0.09
C12767,1,401.02,401.02,0.23,0.23
C05938,2,148.35,74.175,0.05,0.045
C10445,2,250.06,125.03,0.65,0.37
C01837,2,515.99,257.995,0.12,0.09
C00799,1,52.91,52.91,0.1,0.1
C04884,10,5404.4400000000005,540.4440000000001,0.78,0.317
C02674,1,25.04,25.04,0.02,0.02
C09736,7,1699.85,242.83571428571426,0.37,0.17285714285714285
C00816,3,186.98,62.32666666666666,0.25,0.18000000000000002
C10945,5,272.9,54.58,0.22,0.10600000000000001
C03828,2,72.1,36.05,0.51,0.345
C01095,1,100.06,100.06,0.15,0.15
C06023,2,150.13,75.065,0.28,0.21000000000000002
C05163,6,2995.1000000000004,499.1833333333334,0.41,0.12666666666666668
C04380,8,978.12,122.265,0.21,0.11625
C05111,1,50.08,50.08,0.23,0.23
C01133,3,566.8,188.9333333333333,0.44,0.3
C08313,1,150.06,150.06,0.04,0.04
C00428,6,795.26,132.54333333333332,0.58,0.13999999999999999
C11126,13,1245.8,95.83076923076922,0.3,0.12615384615384617
C10033,1,99.99,99.99,0.12,0.12
C06881,27,3998.29,148.08481481481482,0.4,0.11
C00343,1,24.96,24.96,0.09,0.09
C09777,2,151.47,75.735,0.16,0.1
C07890,5,569.04,113.80799999999999,0.28,0.16
C04647,3,299.96000000000004,99.98666666666668,0.45,0.21333333333333335
C06242,4,1201.8899999999999,300.47249999999997,0.21,0.1
C11296,21,6253.4,297.7809523809524,0.42,0.15619047619047619
C03723,5,495.68,99.136,0.35,0.10400000000000001
C06701,1,100.01,100.01,0.24,0.24
C00786,2,400.05,200.025,0.18,0.125
C10494,1,49.93,49.93,0.01,0.01
C05899,2,97.07,48.535,0.21,0.11
C10086,7,3100.35,442.90714285714284,0.76,0.2928571428571428
C08658,3,550.02,183.34,0.44,0.19999999999999998
C07205,3,100.22,33.406666666666666,0.16,0.09333333333333334
C00086,5,264.68,52.936,0.19,0.08600000000000001
C07953,5,425.19,85.038,0.18,0.096
C07365,8,754.59,94.32375,0.23,0.12
C09923,1,34.97,34.97,0.02,0.02
C10767,2,200.01999999999998,100.00999999999999,0.22,0.135
C10754,4,400.03999999999996,100.00999999999999,0.3,0.12
C01703,2,90.94,45.47,0.18,0.11
C03249,1,199.94,199.94,0.05,0.05
C04522,5,629.97,125.994,0.49,0.22999999999999998
C11199,2,345.06,172.53,0.12,0.08499999999999999
C05433,10,1097.29,109.729,0.33,0.10600000000000001
C07146,12,887.92,73.99333333333333,0.78,0.20666666666666667
C07310,6,497.86,82.97666666666667,0.52,0.16
C06588,11,1749.69,159.06272727272727,0.88,0.3009090909090909
C12050,1,299.98,299.98,0.3,0.3
C11708,3,333.89,111.29666666666667,0.12,0.06666666666666667
C04208,3,250.08,83.36,0.58,0.27999999999999997
C02671,3,1649.9,549.9666666666667,0.24,0.14333333333333334
C04462,19,2257.47,118.81421052631578,0.47,0.16421052631578947
C13072,8,699.8199999999999,87.47749999999999,0.8,0.3675
C05243,15,1276.26,85.084,0.54,0.13933333333333336
C08432,6,260.91,43.48500000000001,0.16,0.08666666666666667
C10663,1,64.98,64.98,0.06,0.06
C04578,1,25.08,25.08,0.55,0.55
C10830,2,225.5,112.75,0.12,0.11
C11565,1,149.98,149.98,0.06,0.06
C11744,1,200.04,200.04,0.06,0.06
C05091,2,326.07,163.035,0.1,0.060000000000000005
C10850,10,3135.58,313.558,0.28,0.157
C06058,2,133.31,66.655,0.05,0.045
C12716,3,549.81,183.26999999999998,0.67,0.3166666666666667
C08654,1,74.93,74.93,0.08,0.08
C07621,11,1207.08,109.73454545454545,0.26,0.0890909090909091
C05126,7,1934.48,276.3542857142857,0.31,0.16857142857142857
C12868,1,174.95,174.95,0.07,0.07
C13120,11,1016.74,92.4309090909091,0.39,0.1
C02141,3,375.08,125.02666666666666,0.77,0.3933333333333333
C02837,1,74.99,74.99,0.06,0.06
C09837,13,799.63,61.51,0.48,0.12230769230769231
C11056,1,100.09,100.09,0.19,0.19
C01431,4,907.0500000000001,226.76250000000002,0.16,0.0875
C00604,2,174.94,87.47,0.81,0.41500000000000004
C02385,2,900.06,450.03,0.13,0.115
C05923,2,135.89,67.945,0.39,0.2
C05045,1,100.04,100.04,0.03,0.03
C01297,1,99.94,99.94,0.08,0.08
C08535,9,1000.01,111.11222222222221,0.79,0.23111111111111113
C04419,10,1636.72,163.672,0.69,0.23199999999999998
C11225,9,2160.38,240.04222222222222,0.37,0.16444444444444445
C09698,17,1928.44,113.43764705882353,0.4,0.14
C07397,2,61.92,30.96,0.08,0.07
C11745,7,1132.7,161.81428571428572,0.22,0.11
C07531,3,1199.81,399.93666666666667,0.89,0.5433333333333333
C02162,10,428.36,42.836,0.7,0.207
C09186,1,399.94,399.94,0.07,0.07
C10099,4,674.81,168.7025,0.51,0.2275
C11306,4,599.8,149.95,0.16,0.09
C10848,5,590.97,118.194,0.28,0.12000000000000002
C03010,1,99.92,99.92,0.05,0.05
C05195,11,1404.21,127.65545454545455,0.53,0.16818181818181818
C03454,1,150.01,150.01,0.1,0.1
C02251,9,332.58,36.95333333333333,0.31,0.13666666666666666
C02549,6,1886.9,314.48333333333335,0.21,0.10333333333333333
C09475,9,638.63,70.9588888888889,0.38,0.12333333333333332
C06503,1,22.16,22.16,0.01,0.01
C11288,1,171.0,171.0,0.12,0.12
C07776,1,160.0,160.0,0.02,0.02
C09761,1,222.02,222.02,0.01,0.01
C09849,1,149.96,149.96,0.09,0.09
C07506,2,109.97999999999999,54.989999999999995,0.54,0.375
C02938,2,399.94,199.97,0.25,0.15
C05105,1,100.0,100.0,0.21,0.21
C06788,2,100.01,50.005,0.85,0.45
C01183,4,202.15,50.5375,0.37,0.155
C01870,6,430.88,71.81333333333333,0.24,0.09499999999999999
C00850,3,461.95,153.98333333333332,0.39,0.17
C10373,6,349.72999999999996,58.28833333333333,0.44,0.23833333333333337
C04371,2,375.07,187.535,0.11,0.1
C04988,2,171.95,85.975,0.2,0.13
C06949,5,1080.8700000000001,216.17400000000004,0.73,0.288
C09386,2,154.42000000000002,77.21000000000001,0.1,0.065
C04133,3,373.9,124.63333333333333,0.66,0.3666666666666667
C09724,7,674.85,96.40714285714286,0.81,0.4914285714285715
C04598,1,100.01,100.01,0.13,0.13
C03588,1,63.44,63.44,0.03,0.03
C08440,4,60.04,15.01,0.2,0.10750000000000001
C00846,2,112.99000000000001,56.495000000000005,0.07,0.065
C01281,1,50.04,50.04,0.01,0.01
C06715,4,295.86,73.965,0.14,0.0975
C06584,3,129.07999999999998,43.026666666666664,0.15,0.10000000000000002
C06091,1,49.95,49.95,0.09,0.09
C08803,7,478.40999999999997,68.3442857142857,0.31,0.16571428571428573
C12163,4,1546.5900000000001,386.64750000000004,0.8,0.2975
C04771,1,48.94,48.94,0.01,0.01
C03769,1,199.93,199.93,0.09,0.09
C08500,10,2009.06,200.906,0.22,0.127
C09689,1,82.81,82.81,0.11,0.11
C05398,3,249.84,83.28,0.96,0.4533333333333333
C12457,3,350.13,116.71,0.51,0.18666666666666668
C12054,3,492.96000000000004,164.32000000000002,0.16,0.09000000000000001
C01085,5,2766.63,553.326,0.4,0.152
C01500,5,685.63,137.126,0.82,0.366
C03555,2,125.7,62.85,0.18,0.155
C09510,1,49.94,49.94,0.05,0.05
C05500,27,2863.62,106.06,0.33,0.1237037037037037
C11498,1,100.03,100.03,0.04,0.04
C00963,9,1100.79,122.31,0.85,0.2577777777777778
C09619,2,80.11,40.055,0.06,0.034999999999999996
C08732,23,1406.0,61.130434782608695,0.22,0.07434782608695652
C01079,5,411.09000000000003,82.218,0.32,0.15
C11987,47,11939.81,254.03851063829785,0.94,0.4631914893617021
C10367,1,25.07,25.07,0.08,0.08
C04273,1,249.92,249.92,0.38,0.38
C12406,10,641.7199999999999,64.172,0.36,0.13899999999999998
C06451,24,5974.82,248.95083333333332,0.31,0.11916666666666666
C00736,14,1158.33,82.73785714285714,0.45,0.1742857142857143
C02221,1,15.5,15.5,0.33,0.33
C13013,13,1891.19,145.47615384615386,0.74,0.16846153846153847
C13275,1,24.34,24.34,0.28,0.28
C09070,3,359.03000000000003,119.67666666666668,0.47,0.21333333333333335
C09489,5,924.04,184.808,0.21,0.13799999999999998
C05978,5,752.01,150.402,0.34,0.13
C00336,5,912.91,182.582,0.23,0.182
C12948,4,2106.94,526.735,0.17,0.0975
C07850,3,64.39,21.463333333333335,0.26,0.13
C06616,1,19.98,19.98,0.33,0.33
C12977,5,762.66,152.53199999999998,0.26,0.118
C01970,3,526.43,175.47666666666666,0.32,0.18333333333333335
C10833,6,578.08,96.34666666666668,0.49,0.18333333333333335
C04271,2,131.93,65.965,0.27,0.195
C03026,11,777.4200000000001,70.67454545454547,0.24,0.1309090909090909
C10358,2,216.87,108.435,0.09,0.055
C03004,1,50.0,50.0,0.58,0.58
C11520,1,113.09,113.09,0.12,0.12
C01731,8,244.57,30.57125,0.71,0.15625
C09540,1,99.97,99.97,0.04,0.04
C02036,3,289.9,96.63333333333333,0.6,0.35666666666666663
C09780,2,285.02,142.51,0.3,0.19
C13040,1,100.05,100.05,0.26,0.26
C00071,15,1181.8200000000002,78.78800000000001,0.83,0.276
C03724,1,50.01,50.01,0.05,0.05
C08073,3,474.12,158.04,0.22,0.12333333333333334
C09961,2,354.97,177.485,0.8,0.465
C09055,4,599.99,149.9975,0.9,0.44
C10161,20,2964.69,148.2345,0.69,0.20800000000000002
C09011,2,110.34,55.17,0.14,0.07500000000000001
C13213,7,584.14,83.44857142857143,0.17,0.05857142857142857
C02372,3,225.77,75.25666666666667,0.46,0.2366666666666667
C12212,46,2317.18,50.37347826086956,0.54,0.1391304347826087
C13351,2,150.01,75.005,0.79,0.41500000000000004
C09517,1,49.98,49.98,0.18,0.18
C05826,8,741.5899999999999,92.69874999999999,0.84,0.365
C04121,9,955.22,106.13555555555556,0.23,0.07555555555555556
C00568,3,449.96000000000004,149.98666666666668,0.13,0.11
C06381,1,500.05,500.05,0.02,0.02
C10670,2,35.9,17.95,0.25,0.185
C06654,4,777.94,194.485,0.25,0.11499999999999999
C03229,6,246.10999999999999,41.01833333333333,0.26,0.125
C08259,17,646.85,38.050000000000004,0.7,0.16764705882352943
C02323,2,139.93,69.965,0.69,0.575
C12031,12,624.33,52.0275,0.29,0.12
C03149,1,50.06,50.06,0.09,0.09
C06857,2,250.03000000000003,125.01500000000001,0.28,0.195
C06577,2,95.89,47.945,0.13,0.07
C11661,1,99.93,99.93,0.14,0.14
C12079,6,371.97,61.995000000000005,0.38,0.2316666666666667
C00388,2,208.01,104.005,0.37,0.315
C06891,7,1024.92,146.41714285714286,0.74,0.4228571428571429
C07674,4,375.12,93.78,0.79,0.41000000000000003
C03865,2,69.88,34.94,0.61,0.36
C06056,5,539.75,107.95,0.48,0.16999999999999998
C12687,3,549.86,183.28666666666666,0.67,0.29
C11772,19,1515.1,79.7421052631579,0.81,0.2963157894736842
C07824,10,966.1999999999999,96.61999999999999,0.23,0.101
C02264,5,314.89,62.977999999999994,0.2,0.08800000000000001
C04468,3,188.79,62.93,0.18,0.07666666666666666
C11465,1,15.06,15.06,0.23,0.23
C09803,12,1597.75,133.14583333333334,0.69,0.24250000000000002
C02623,4,248.79,62.1975,0.19,0.1
C03922,21,1542.7,73.46190476190476,0.61,0.20142857142857146
C04859,3,142.55,47.51666666666667,0.18,0.10666666666666667
C03118,4,1207.5,301.875,0.29,0.13
C12707,7,1141.75,163.10714285714286,0.61,0.3257142857142857
C12720,3,299.90999999999997,99.96999999999998,0.6,0.22666666666666666
C03329,39,4342.36,111.3425641025641,0.35,0.12743589743589742
C11442,1,100.01,100.01,0.09,0.09
C06936,6,398.92,66.48666666666666,0.34,0.16166666666666665
C10051,4,300.11,75.0275,0.15,0.08
C11406,2,124.97,62.485,0.18,0.11499999999999999
C10082,5,2351.3399999999997,470.2679999999999,0.38,0.192
C02805,1,422.48,422.48,0.02,0.02
C05340,5,808.1,161.62,0.26,0.156
C00115,1,100.03,100.03,0.16,0.16
C01794,4,899.9300000000001,224.98250000000002,0.36,0.1875
C07040,1,150.48,150.48,0.1,0.1
C06798,12,2352.33,196.0275,0.23,0.10416666666666667
C01667,3,279.81,93.27,0.16,0.08666666666666667
C08226,20,1475.2,73.76,0.94,0.2265
C00237,4,300.01,75.0025,0.38,0.11499999999999999
C09357,19,6441.32,339.01684210526315,0.74,0.22526315789473686
C10297,2,216.92000000000002,108.46000000000001,0.22,0.16
C11311,4,295.39,73.8475,0.28,0.11000000000000001
C04621,17,4084.37,240.2570588235294,0.61,0.12058823529411763
C09425,1,54.96,54.96,0.1,0.1
C08939,1,55.14,55.14,0.28,0.28
C00638,3,437.22,145.74,0.07,0.036666666666666674
C04042,1,58.97,58.97,0.22,0.22
C01698,2,207.89,103.945,0.16,0.125
C01728,3,325.02,108.33999999999999,0.67,0.32333333333333336
C08594,7,459.16,65.59428571428572,0.12,0.06142857142857143
C07760,2,162.89,81.445,0.14,0.10500000000000001
C06013,20,2995.67,149.7835,0.28,0.11699999999999999
C02418,3,500.04999999999995,166.6833333333333,0.78,0.5566666666666666
C12554,2,98.88,49.44,0.11,0.11
C08896,1,75.02,75.02,0.37,0.37
C08153,2,200.06,100.03,0.14,0.095
C04483,2,127.01,63.505,0.17,0.095
C12105,3,174.87,58.29,0.35,0.16666666666666666
C00270,6,633.66,105.61,0.22,0.14
C13313,7,725.8100000000001,103.68714285714286,0.76,0.33714285714285713
C08859,1,50.0,50.0,0.24,0.24
C03541,5,555.75,111.15,0.2,0.12400000000000003
C03257,2,99.08,49.54,0.15,0.08
C06918,11,1237.78,112.52545454545454,0.45,0.14545454545454548
C03707,14,694.92,49.637142857142855,0.46,0.11285714285714286
C07509,1,100.09,100.09,0.06,0.06
C07929,5,605.89,121.178,0.14,0.094
C11815,35,5025.17,143.57628571428572,0.75,0.1717142857142857
C06004,13,1003.49,77.19153846153846,0.36,0.14923076923076922
C04484,3,284.09000000000003,94.69666666666667,0.55,0.24333333333333332
C03621,7,602.51,86.07285714285715,0.24,0.11142857142857143
C11202,1,117.03,117.03,0.23,0.23
C02666,5,443.79,88.75800000000001,0.15,0.094
C10692,1,149.97,149.97,0.04,0.04
C10302,10,419.8,41.980000000000004,0.38,0.16699999999999998
C07528,1,199.97,199.97,0.09,0.09
C05503,9,521.58,57.95333333333334,0.44,0.14333333333333334
C08963,1,43.92,43.92,0.18,0.18
C12465,1,14.93,14.93,0.12,0.12
C02318,2,254.09000000000003,127.04500000000002,0.06,0.055
C03976,4,854.19,213.5475,0.11,0.07
C07270,30,1462.44,48.748000000000005,0.74,0.14933333333333335
C10081,3,300.06,100.02,0.18,0.11
C11147,1,149.96,149.96,0.09,0.09
C02300,3,158.79,52.93,0.16,0.10666666666666667
C12263,1,249.93,249.93,0.25,0.25
C04332,4,826.11,206.5275,0.56,0.17
C09037,6,783.59,130.59833333333333,0.44,0.12666666666666668
C09204,13,3079.97,236.92076923076922,0.31,0.12076923076923077
C13173,1,150.07,150.07,0.36,0.36
C13427,2,300.0,150.0,0.08,0.07500000000000001
C05742,4,309.90000000000003,77.47500000000001,0.71,0.3575
C05225,12,485.16,40.43,0.83,0.2025
C05847,2,117.0,58.5,0.43,0.41000000000000003
C09927,8,291.65999999999997,36.457499999999996,0.68,0.3075
C00655,5,305.57,61.114,0.37,0.142
C02374,2,118.09,59.045,0.2,0.15000000000000002
C13240,1,25.04,25.04,0.02,0.02
C08097,11,708.19,64.3809090909091,0.28,0.12000000000000001
C02528,1,199.97,199.97,0.6,0.6
C08883,1,49.97,49.97,0.25,0.25
C07999,8,1161.08,145.135,0.65,0.1775
C08427,3,400.09000000000003,133.36333333333334,0.23,0.20666666666666667
C09009,2,207.7,103.85,0.19,0.16999999999999998
C10555,4,552.97,138.2425,0.77,0.45
C12389,9,783.68,87.07555555555555,0.45,0.10111111111111111
C02478,1,99.95,99.95,0.12,0.12
C04736,1,150.04,150.04,0.52,0.52
C07651,1,56.49,56.49,0.05,0.05
C09143,2,556.96,278.48,0.08,0.07500000000000001
C06669,5,652.14,130.428,0.76,0.308
C06575,3,343.74,114.58,0.19,0.12333333333333334
C07199,6,471.73999999999995,78.62333333333332,0.6,0.2783333333333333
C09044,7,1804.32,257.76,0.67,0.2871428571428572
C06177,9,433.74,48.193333333333335,0.38,0.16444444444444445
C05001,1,97.03,97.03,0.04,0.04
C10697,17,2607.65,153.39117647058825,0.33,0.14764705882352944
C12108,5,1149.73,229.946,0.2,0.10400000000000001
C07243,1,24.97,24.97,0.04,0.04
C05288,7,800.09,114.29857142857144,0.25,0.11714285714285715
C05246,1,150.07,150.07,0.1,0.1
C04694,3,561.48,187.16,0.13,0.06
C08137,2,296.0,148.0,0.08,0.065
C00375,8,458.71000000000004,57.338750000000005,0.28,0.11625
C06472,2,91.38999999999999,45.69499999999999,0.27,0.20500000000000002
C11825,1,50.06,50.06,0.08,0.08
C09753,2,300.03,150.015,0.72,0.40499999999999997
C05426,17,1226.2,72.12941176470588,0.85,0.27588235294117647
C12492,4,176.24,44.06,0.35,0.205
C13174,2,228.94,114.47,0.07,0.060000000000000005
C03744,32,1987.8899999999999,62.121562499999996,0.9,0.1859375
C01396,1,50.02,50.02,0.01,0.01
C01588,7,755.16,107.88,0.64,0.19428571428571426
C00442,3,399.92999999999995,133.30999999999997,0.17,0.14333333333333334
C02048,8,396.85,49.60625,0.47,0.15625
C11025,1,14.98,14.98,0.19,0.19
C03854,1,49.95,49.95,0.02,0.02
C05894,4,522.04,130.51,0.13,0.0775
C04245,11,2453.84,223.07636363636365,0.22,0.10545454545454545
C04123,2,567.03,283.515,0.12,0.11
C11120,2,350.0,175.0,0.59,0.31
C06668,6,762.49,127.08166666666666,0.31,0.12
C08067,4,725.1,181.275,0.6,0.4475
C07165,4,364.94,91.235,0.74,0.22749999999999998
C09667,1,74.91,74.91,0.08,0.08
C04427,1,74.94,74.94,0.06,0.06
C00184,8,2653.82,331.7275,0.55,0.14625
C04931,4,189.16,47.29,0.39,0.20500000000000002
C08636,1,299.96,299.96,0.26,0.26
C00643,3,288.90999999999997,96.30333333333333,0.18,0.12333333333333334
C07420,8,1354.45,169.30625,0.3,0.165
C05354,3,688.98,229.66,0.2,0.14666666666666667
C01613,8,4976.68,622.085,0.77,0.21
C04544,1,199.92,199.92,0.23,0.23
C04001,1,49.93,49.93,0.19,0.19
C08400,9,545.76,60.64,0.53,0.22111111111111112
C01141,6,265.91999999999996,44.31999999999999,0.47,0.15333333333333332
C01250,9,6537.81,726.4233333333334,0.33,0.1488888888888889
C11685,3,59.33,19.776666666666667,0.26,0.16333333333333333
C04724,27,1696.65,62.838888888888896,0.64,0.1
C10343,5,654.86,130.972,0.83,0.25
C00891,13,724.62,55.74,0.3,0.10230769230769231
C00590,7,1613.03,230.43285714285713,0.29,0.13999999999999999
C02208,1,150.09,150.09,0.68,0.68
C03071,9,369.62,41.06888888888889,0.33,0.1322222222222222
C09264,1,99.92,99.92,0.04,0.04
C01939,2,375.01,187.505,0.77,0.65
C09525,1,30.07,30.07,0.11,0.11
C09225,2,225.0,112.5,0.18,0.18
C01350,6,1989.85,331.64166666666665,0.66,0.38166666666666665
C03659,6,349.82,58.303333333333335,0.5,0.16833333333333333
C08731,2,100.11,50.055,0.05,0.04
C12300,2,300.01,150.005,0.1,0.060000000000000005
C05275,6,1931.24,321.87333333333333,0.21,0.10833333333333334
C11134,2,595.05,297.525,0.54,0.32
C03408,13,1330.64,102.35692307692308,0.49,0.12153846153846153
C10073,2,200.04,100.02,0.22,0.18
C12928,5,195.16,39.032,0.22,0.078
C05583,4,217.5,54.375,0.14,0.09000000000000001
C03618,1,124.94,124.94,0.04,0.04
C09590,13,2962.15,227.8576923076923,0.62,0.17538461538461542
C04128,8,66.85,8.35625,0.52,0.18625
C10528,6,517.81,86.30166666666666,0.35,0.13333333333333333
C04496,2,74.02,37.01,0.54,0.35000000000000003
C09937,6,707.96,117.99333333333334,0.2,0.07166666666666667
C01512,1,200.09,200.09,0.53,0.53
C11205,1,99.96,99.96,0.06,0.06
C13132,2,67.52,33.76,0.2,0.12000000000000001
C12027,17,847.23,49.83705882352941,0.32,0.14235294117647057
C04959,2,199.96,99.98,0.14,0.07500000000000001
C11099,2,215.89,107.945,0.12,0.08499999999999999
C04985,1,100.02,100.02,0.16,0.16
C05348,1,200.01,200.01,0.07,0.07
C03280,1,100.02,100.02,0.02,0.02
C01808,1,249.99,249.99,0.16,0.16
C12299,8,687.21,85.90125,0.35,0.155
C12695,4,199.31,49.8275,0.28,0.1975
C08574,7,1482.81,211.82999999999998,0.26,0.10428571428571429
C05884,1,88.21,88.21,0.01,0.01
C03930,8,1227.66,153.4575,0.31,0.14875
C03035,6,499.92,83.32000000000001,0.59,0.395
C13025,6,702.38,117.06333333333333,0.46,0.2783333333333333
C01217,7,562.1700000000001,80.31000000000002,0.2,0.09
C02012,2,384.91999999999996,192.45999999999998,0.05,0.035
C02810,13,811.9,62.45384615384615,0.94,0.38
C02568,5,157.19,31.438,0.11,0.09
C10122,1,100.02,100.02,0.19,0.19
C09215,4,353.23,88.3075,0.32,0.175
C11404,2,49.97,24.985,0.15,0.14
C07230,3,479.48,159.82666666666668,0.39,0.29333333333333333
C03057,3,74.94,24.98,0.14,0.10333333333333335
C07706,8,1433.6,179.2,0.45,0.1325
C00182,19,2741.25,144.27631578947367,0.51,0.12421052631578947
C00356,2,200.0,100.0,0.46,0.25
C13478,6,1000.29,166.715,0.9,0.6116666666666667
C11550,1,49.95,49.95,0.07,0.07
C03127,2,469.96,234.98,0.26,0.155
C08392,1,149.98,149.98,0.05,0.05
C10512,14,1424.38,101.74142857142859,0.34,0.14785714285714288
C09565,4,1085.17,271.2925,0.68,0.3275
C10645,4,89.57,22.3925,0.29,0.1225
C02212,9,534.35,59.37222222222223,0.3,0.15444444444444444
C10420,8,849.83,106.22875,0.35,0.18375
C01606,1,200.06,200.06,0.04,0.04
C00344,1,49.97,49.97,0.05,0.05
C10891,1,100.04,100.04,0.25,0.25
C01765,7,551.1700000000001,78.73857142857143,0.8,0.47714285714285715
C11083,25,2434.32,97.37280000000001,0.62,0.172
C00636,1,449.93,449.93,0.02,0.02
C06670,3,900.03,300.01,0.08,0.05666666666666667
C00893,5,510.73,102.146,0.14,0.07200000000000001
C02378,2,61.43,30.715,0.46,0.25
C00367,1,100.09,100.09,0.1,0.1
C05630,6,440.65,73.44166666666666,0.35,0.17833333333333334
C02833,3,740.9399999999999,246.98,0.25,0.15
C00679,5,624.9,124.97999999999999,0.82,0.22999999999999998
C12934,7,374.35,53.478571428571435,0.58,0.2057142857142857
C08754,1,50.01,50.01,0.24,0.24
C03489,2,175.02,87.51,0.83,0.46499999999999997
C06943,10,2346.27,234.627,0.48,0.125
C09100,1,100.02,100.02,0.19,0.19
C12047,4,148.45,37.1125,0.21,0.08249999999999999
C00802,3,723.9,241.29999999999998,0.18,0.12666666666666668
C10311,1,100.01,100.01,0.04,0.04
C07136,3,705.0699999999999,235.0233333333333,0.14,0.08
C04333,5,464.83000000000004,92.96600000000001,0.36,0.16999999999999998
C01641,9,3799.9700000000003,422.2188888888889,0.33,0.12222222222222223
C03819,1,108.04,108.04,0.01,0.01
C07914,5,785.54,157.108,0.57,0.284
C04590,10,861.83,86.183,0.33,0.158
C05903,3,307.15999999999997,102.38666666666666,0.9,0.43
C12970,2,660.77,330.385,0.17,0.17
C00153,2,167.05,83.525,0.45,0.23500000000000001
C00420,2,604.3399999999999,302.16999999999996,0.06,0.05
C05041,1,99.92,99.92,0.09,0.09
C07200,13,1668.98,128.3830769230769,0.63,0.16076923076923075
C00971,7,455.09000000000003,65.01285714285714,0.78,0.26142857142857145
C05401,6,672.4000000000001,112.06666666666668,0.27,0.1366666666666667
C06761,1,49.92,49.92,0.05,0.05
C00043,4,407.99,101.9975,0.33,0.1825
C02415,10,4745.13,474.51300000000003,0.23,0.10800000000000001
C02375,4,725.01,181.2525,0.27,0.215
C05205,36,10661.09,296.1413888888889,0.41,0.13527777777777777
C10793,2,158.02,79.01,0.15,0.09
C01341,1,99.95,99.95,0.1,0.1
C00825,1,124.94,124.94,0.18,0.18
C06132,2,600.0,300.0,0.02,0.015
C01669,1,100.08,100.08,0.22,0.22
C05941,21,10462.97,498.2366666666666,0.39,0.13999999999999999
C12071,1,100.08,100.08,0.12,0.12
C01802,1,100.0,100.0,0.11,0.11
C03007,4,103.77,25.9425,0.35,0.16249999999999998
C06567,4,59.91,14.9775,0.44,0.27
C10202,2,234.14,117.07,0.05,0.035
C04524,4,1092.01,273.0025,0.45,0.2025
C05296,1,99.96,99.96,0.13,0.13
C02644,1,469.97,469.97,0.03,0.03
C06975,32,2560.52,80.01625,0.61,0.1421875
C08077,2,149.98,74.99,0.46,0.265
C01523,2,299.86,149.93,0.35,0.19
C00896,3,188.51,62.836666666666666,0.73,0.32
C00579,7,536.15,76.59285714285714,0.16,0.08285714285714285
C08434,1,41.23,41.23,0.05,0.05
C05441,1,100.0,100.0,0.06,0.06
C02421,4,449.93,112.4825,0.7,0.3275
C10509,16,704.67,44.041875,0.45,0.178125
C11580,1,25.04,25.04,0.11,0.11
C00928,7,775.01,110.71571428571428,0.36,0.22428571428571425
C01912,1,100.0,100.0,0.21,0.21
C10926,5,294.99,58.998000000000005,0.49,0.246
C10371,4,262.83,65.7075,0.26,0.15250000000000002
C04122,1,59.98,59.98,0.13,0.13
C08331,1,150.06,150.06,0.03,0.03
C11350,6,1845.02,307.50333333333333,0.37,0.12833333333333333
C00521,1,226.01,226.01,0.07,0.07
C02085,3,1149.91,383.30333333333334,0.4,0.2066666666666667
C08711,2,129.87,64.935,0.51,0.405
C12394,4,449.96,112.49,0.54,0.265
C10578,6,725.34,120.89,0.59,0.27666666666666667
C07926,15,3881.49,258.76599999999996,0.74,0.25333333333333335
C05109,5,881.81,176.362,0.28,0.14
C11048,1,59.06,59.06,0.17,0.17
C09052,12,3015.59,251.29916666666668,0.76,0.22083333333333333
C09781,1,174.95,174.95,0.02,0.02
C10657,11,1823.55,165.77727272727273,0.31,0.14545454545454548
C07460,2,100.03,50.015,0.41,0.33499999999999996
C12313,1,199.95,199.95,0.12,0.12
C12443,2,149.04000000000002,74.52000000000001,0.17,0.09000000000000001
C05517,2,175.03,87.515,0.08,0.07500000000000001
C03450,2,123.97,61.985,0.12,0.11
C03678,14,2788.44,199.17428571428573,0.23,0.095
C00516,1,135.63,135.63,0.08,0.08
C02785,2,903.92,451.96,0.3,0.16499999999999998
C13320,8,595.47,74.43375,0.34,0.15
C07861,23,3279.58,142.5904347826087,0.25,0.1082608695652174
C03554,2,473.46000000000004,236.73000000000002,0.21,0.145
C08927,3,475.09999999999997,158.36666666666665,0.37,0.26666666666666666
C02281,4,678.99,169.7475,0.28,0.1375
C10293,4,850.08,212.52,0.58,0.2175
C02402,3,778.1,259.3666666666667,0.16,0.11
C01200,1,76.09,76.09,0.08,0.08
C08718,2,670.98,335.49,0.14,0.07500000000000001
C08351,3,732.8499999999999,244.2833333333333,0.39,0.19000000000000003
C01872,2,342.05,171.025,0.17,0.135
C02307,1,49.92,49.92,0.06,0.06
C06109,2,500.1,250.05,0.79,0.435
C10691,1,170.97,170.97,0.14,0.14
C04638,8,2245.85,280.73125,0.32,0.10500000000000001
C11174,1,200.08,200.08,0.16,0.16
C04513,2,299.99,149.995,0.33,0.22
C02806,4,355.88,88.97,0.09,0.0825
C04797,6,551.89,91.98166666666667,0.34,0.13166666666666668
C05995,3,225.0,75.0,0.49,0.27
C10686,2,209.02,104.51,0.29,0.16499999999999998
C05133,2,140.1,70.05,0.74,0.485
C07253,1,40.07,40.07,0.84,0.84
C02471,3,95.04,31.680000000000003,0.08,0.03333333333333333
C04009,2,438.94,219.47,0.19,0.13
C07091,6,1574.8999999999999,262.4833333333333,0.54,0.23666666666666666
C11476,10,718.53,71.853,0.15,0.081
C07261,1,99.97,99.97,0.06,0.06
C00985,3,274.95000000000005,91.65000000000002,0.17,0.08333333333333333
C02798,14,749.6800000000001,53.548571428571435,0.3,0.08571428571428572
C11264,3,507.89,169.29666666666665,0.2,0.14
C10730,3,1747.72,582.5733333333334,0.1,0.05666666666666667
C06790,2,161.05,80.525,0.75,0.475
C00033,3,108.75,36.25,0.61,0.29
C08827,1,75.0,75.0,0.06,0.06
C02034,4,753.07,188.2675,0.31,0.1775
C09427,4,6091.91,1522.9775,0.25,0.165
C04674,1,91.9,91.9,0.14,0.14
C11592,2,74.03999999999999,37.019999999999996,0.68,0.34500000000000003
C04738,4,472.02,118.005,0.77,0.245
C11230,35,1518.86,43.395999999999994,0.79,0.15028571428571427
C10426,5,750.0799999999999,150.016,0.93,0.63
C08117,3,309.44,103.14666666666666,0.13,0.12333333333333334
C13348,3,235.54,78.51333333333334,0.1,0.07666666666666667
C02625,1,50.09,50.09,0.06,0.06
C06520,2,88.64,44.32,0.34,0.23500000000000001
C12939,11,253.73999999999998,23.067272727272726,0.75,0.22818181818181815
C07077,3,790.94,263.6466666666667,0.45,0.23666666666666666
C06827,10,588.6,58.86,0.14,0.088
C09058,1,31.04,31.04,0.2,0.2
C00481,1,19.84,19.84,0.08,0.08
C13115,1,150.07,150.07,0.72,0.72
C10787,14,805.47,57.53357142857143,0.23,0.08714285714285715
C01306,15,1640.7,109.38000000000001,0.22,0.09200000000000001
C09544,2,44.93,22.465,0.07,0.05500000000000001
C04606,2,899.8800000000001,449.94000000000005,0.2,0.175
C10629,10,1237.99,123.799,0.38,0.09
C05962,1,100.05,100.05,0.07,0.07
C03672,16,795.38,49.71125,0.62,0.164375
C10742,12,1240.53,103.3775,0.83,0.17666666666666667
C00274,5,458.66,91.732,0.42,0.17
C11320,4,209.88,52.47,0.3,0.125
C00848,1,129.41,129.41,0.03,0.03
C02526,2,81.65,40.825,0.38,0.22
C10446,3,595.96,198.65333333333334,0.28,0.24666666666666667
C07055,4,139.26,34.815,0.24,0.1625
C07260,1,299.95,299.95,0.26,0.26
C09593,1,99.99,99.99,0.09,0.09
C12844,1,249.96,249.96,0.06,0.06
C12074,1,39.08,39.08,0.08,0.08
C04722,1,399.95,399.95,0.07,0.07
C06956,2,225.06,112.53,0.83,0.435
C06516,3,474.07,158.02333333333334,0.19,0.12333333333333334
C08701,3,125.05,41.68333333333333,0.11,0.05666666666666667
C07983,2,250.03000000000003,125.01500000000001,0.85,0.55
C09192,2,411.02,205.51,0.18,0.13
C12178,11,1267.5,115.22727272727273,0.33,0.11545454545454546
C11253,8,969.4,121.175,0.38,0.22625
C07428,2,29.970000000000002,14.985000000000001,0.12,0.06999999999999999
C07115,6,644.0699999999999,107.34499999999998,0.23,0.125
C13365,18,1782.97,99.05388888888889,0.33,0.12277777777777778
C06911,6,364.77,60.794999999999995,0.41,0.13
C07866,1,150.03,150.03,0.06,0.06
C12244,4,429.47,107.3675,0.4,0.22
C07177,1,75.0,75.0,0.31,0.31
C11259,14,1390.04,99.28857142857143,0.51,0.12571428571428572
C06987,13,721.63,55.51,0.24,0.10153846153846155
C02876,1,49.97,49.97,0.02,0.02
C05702,13,1418.77,109.13615384615385,0.58,0.11692307692307692
C03687,1,49.01,49.01,0.18,0.18
C07654,2,125.04,62.52,0.27,0.2
C00884,3,250.17000000000002,83.39,0.71,0.29
C10355,9,639.48,71.05333333333334,0.3,0.10777777777777778
C03139,1,151.0,151.0,0.02,0.02
C08608,2,299.93,149.965,0.13,0.1
C10488,2,136.06,68.03,0.27,0.165
C01993,6,2794.36,465.7266666666667,0.74,0.2383333333333333
C03988,2,1476.97,738.485,0.08,0.045
C00016,3,1330.16,443.3866666666667,0.13,0.08333333333333333
C00839,2,429.92999999999995,214.96499999999997,0.06,0.045
C03845,3,23.84,7.946666666666666,0.16,0.12
C09571,6,962.88,160.48,0.18,0.09666666666666666
C12820,2,325.02,162.51,0.68,0.34500000000000003
C08618,7,666.23,95.17571428571429,0.83,0.23714285714285713
C08091,1,100.07,100.07,0.17,0.17
C08561,16,1041.0,65.0625,0.33,0.1275
C13308,10,464.14,46.414,0.28,0.10600000000000001
C10580,1,199.92,199.92,0.12,0.12
C00482,2,76.03999999999999,38.019999999999996,0.28,0.2
C03793,2,939.0999999999999,469.54999999999995,0.21,0.155
C04782,5,566.86,113.372,0.19,0.10800000000000001
C03284,4,286.95,71.7375,0.41,0.205
C09562,6,419.90999999999997,69.985,0.78,0.38000000000000006
C05980,18,2565.57,142.53166666666667,0.43,0.08944444444444445
C11710,3,89.97999999999999,29.99333333333333,0.31,0.17
C06793,13,427.83,32.91,0.26,0.1053846153846154
C02834,1,50.01,50.01,0.05,0.05
C02382,14,1832.38,130.8842857142857,0.53,0.1442857142857143
C13386,9,881.93,97.99222222222221,0.31,0.14666666666666667
C03219,5,4507.52,901.5040000000001,0.18,0.10200000000000001
C12376,10,203.51,20.351,0.31,0.10400000000000001
C03157,18,851.12,47.284444444444446,0.41,0.105
C06422,3,300.21000000000004,100.07000000000001,0.31,0.12999999999999998
C13432,7,224.10999999999999,32.01571428571428,0.28,0.09714285714285716
C00735,2,78.47,39.235,0.27,0.2
C09886,2,200.02,100.01,0.05,0.04
C00722,22,849.11,38.59590909090909,0.84,0.1731818181818182
C07234,1,170.96,170.96,0.13,0.13
C08669,3,261.98,87.32666666666667,0.54,0.2733333333333334
C08696,10,492.14,49.214,0.33,0.13599999999999998
C05060,1,250.06,250.06,0.24,0.24
C12017,4,627.11,156.7775,0.22,0.075
C10851,10,484.40999999999997,48.440999999999995,0.31,0.10500000000000001
C10846,10,1364.69,136.469,0.38,0.142
C01007,12,1206.6299999999999,100.5525,0.35,0.14583333333333334
C03665,1,107.95,107.95,0.31,0.31
C06315,8,419.09,52.38625,0.33,0.09
C12717,6,2614.0699999999997,435.6783333333333,0.92,0.5016666666666667
C07013,4,1571.87,392.9675,0.27,0.1775
C02890,6,443.82,73.97,0.22,0.11666666666666665
C00634,4,524.0,131.0,0.16,0.0925
C11078,4,412.58,103.145,0.29,0.145
C11226,4,460.75000000000006,115.18750000000001,0.54,0.28
C11756,2,117.01,58.505,0.23,0.13
C02816,4,791.52,197.88,0.26,0.12000000000000001
C05247,9,986.04,109.56,0.26,0.08555555555555555
C05452,2,79.17,39.585,0.2,0.19
C11784,1,75.08,75.08,0.1,0.1
C10951,7,453.28000000000003,64.75428571428571,0.23,0.13857142857142857
C00177,1,437.33,437.33,0.05,0.05
C10281,1,250.04,250.04,0.03,0.03
C11414,2,400.03999999999996,200.01999999999998,0.53,0.315
C03833,1,100.09,100.09,0.1,0.1
C13497,1,100.07,100.07,0.3,0.3
C01474,1,49.94,49.94,0.16,0.16
C12943,2,365.07,182.535,0.28,0.16
C03029,1,200.05,200.05,0.17,0.17
C09378,3,104.4,34.800000000000004,0.28,0.10666666666666669
C01338,1,51.32,51.32,0.09,0.09
C04712,3,749.89,249.96333333333334,0.13,0.08666666666666667
C12768,8,960.11,120.01375,0.63,0.23
C12064,6,733.64,122.27333333333333,0.41,0.19166666666666665
C00471,1,300.08,300.08,0.16,0.16
C07097,1,49.91,49.91,0.05,0.05
C06581,4,602.22,150.555,0.18,0.095
C13084,2,150.16,75.08,0.32,0.225
C12779,2,121.21000000000001,60.605000000000004,0.26,0.18
C09469,9,2264.12,251.56888888888886,0.28,0.12111111111111111
C08681,5,801.03,160.206,0.26,0.148
C00827,1,91.13,91.13,0.65,0.65
C12548,3,235.12,78.37333333333333,0.42,0.19333333333333333
C03092,1,150.01,150.01,0.57,0.57
C02636,2,122.03999999999999,61.019999999999996,0.29,0.235
C03951,1,40.03,40.03,0.75,0.75
C11868,1,99.99,99.99,0.03,0.03
C13185,4,112.27,28.0675,0.24,0.1775
C10995,7,286.26,40.894285714285715,0.48,0.14714285714285716
C04052,1,49.0,49.0,0.16,0.16
C09611,14,2234.32,159.59428571428572,0.38,0.16214285714285714
C00325,6,645.8699999999999,107.64499999999998,0.14,0.07333333333333333
C06175,8,671.45,83.93125,0.9,0.23500000000000001
C02670,3,550.08,183.36,0.76,0.3666666666666667
C06991,13,493.38,37.95230769230769,0.77,0.27769230769230774
C12646,13,683.96,52.612307692307695,0.56,0.2107692307692308
C00518,1,49.96,49.96,0.27,0.27
C04051,10,402.28999999999996,40.229,0.35,0.12
C00042,3,306.94,102.31333333333333,0.08,0.05000000000000001
C07860,3,299.98,99.99333333333334,0.11,0.08
C11875,5,315.17999999999995,63.03599999999999,0.4,0.21000000000000002
C02888,11,1815.6,165.05454545454543,0.62,0.2290909090909091
C06529,9,1281.8799999999999,142.4311111111111,0.35,0.15555555555555556
C00096,1,36.18,36.18,0.08,0.08
C09345,3,124.91,41.63666666666666,0.47,0.3233333333333333
C13163,4,1633.3700000000001,408.34250000000003,0.7,0.2225
C09307,6,429.55,71.59166666666667,0.3,0.1366666666666667
C01117,5,74.48,14.896,0.36,0.186
C07179,3,213.79,71.26333333333334,0.22,0.14333333333333334
C12630,1,99.91,99.91,0.19,0.19
C00346,4,255.3,63.825,0.49,0.20500000000000002
C03703,6,812.71,135.45166666666668,0.21,0.125
C04836,22,2360.61,107.30045454545456,0.37,0.16181818181818183
C08585,4,985.8599999999999,246.46499999999997,0.21,0.10250000000000001
C09040,13,765.56,58.889230769230764,0.64,0.1623076923076923
C11525,1,173.69,173.69,0.26,0.26
C02801,1,21.34,21.34,0.44,0.44
C08404,1,150.02,150.02,0.01,0.01
C09617,1,39.08,39.08,0.02,0.02
C03199,1,50.04,50.04,0.03,0.03
C00055,2,183.36,91.68,0.44,0.26
C07418,8,466.77,58.34625,0.18,0.07
C13226,2,118.96000000000001,59.480000000000004,0.12,0.105
C03535,4,143.06,35.765,0.38,0.155
C13431,1,149.93,149.93,0.12,0.12
C07705,1,99.93,99.93,0.23,0.23
C13400,1,150.08,150.08,0.01,0.01
C04006,3,235.88,78.62666666666667,0.22,0.1366666666666667
C12795,1,38.86,38.86,0.04,0.04
C10839,10,2113.18,211.31799999999998,0.29,0.133
C06944,5,620.91,124.18199999999999,0.35,0.202
C12563,1,363.79,363.79,0.32,0.32
C10319,3,105.26,35.086666666666666,0.07,0.043333333333333335
C00087,6,930.27,155.045,0.34,0.12666666666666668
C11145,10,1691.61,169.161,0.21,0.08
C01165,2,549.83,274.915,0.06,0.034999999999999996
C07625,1,99.91,99.91,0.14,0.14
C10526,4,600.12,150.03,0.63,0.47
C12601,1,34.66,34.66,0.46,0.46
C11291,5,739.02,147.804,0.59,0.27
C05827,1,225.94,225.94,0.28,0.28
C06745,8,404.22,50.5275,0.79,0.20500000000000002
C02935,6,709.76,118.29333333333334,0.32,0.11833333333333335
C02687,6,566.16,94.36,0.54,0.27
C10958,1,250.04,250.04,0.12,0.12
C04218,2,250.01,125.005,0.28,0.195
C06533,6,414.96,69.16,0.29,0.115
C11553,1,15.02,15.02,0.01,0.01
C10522,2,150.02,75.01,0.24,0.175
C03216,4,508.96999999999997,127.24249999999999,0.34,0.14750000000000002
C07748,2,500.03999999999996,250.01999999999998,0.31,0.16999999999999998
C08327,1,32.36,32.36,0.04,0.04
C06732,3,109.14,36.38,0.55,0.28
C01683,1,64.76,64.76,0.21,0.21
C02500,1,49.91,49.91,0.06,0.06
C01069,5,431.19,86.238,0.79,0.262
C07664,17,726.23,42.71941176470588,0.36,0.13647058823529412
C11382,4,332.28999999999996,83.07249999999999,0.15,0.1
C09934,6,2766.37,461.06166666666667,0.29,0.10166666666666667
C12183,1,100.05,100.05,0.12,0.12
C01542,4,689.41,172.3525,0.36,0.2
C04070,4,1112.74,278.185,0.16,0.1325
C02484,9,386.66,42.96222222222222,0.29,0.10111111111111111
C13096,22,1970.22,89.55545454545455,0.42,0.14545454545454548
C09404,5,1669.09,333.818,0.8,0.22000000000000003
C12088,13,1653.19,127.16846153846154,0.31,0.1253846153846154
C06618,11,4558.9800000000005,414.4527272727273,0.28,0.11727272727272728
C06871,5,322.97,64.59400000000001,0.19,0.122
C13424,3,953.8,317.93333333333334,0.75,0.4166666666666667
C12625,4,286.78,71.695,0.38,0.20249999999999999
C07229,4,252.72,63.18,0.09,0.08
C10565,4,225.28,56.32,0.22,0.1225
C04586,2,118.07,59.035,0.12,0.095
C06933,1,25.07,25.07,0.21,0.21
C04768,1,100.09,100.09,0.16,0.16
C07069,5,949.95,189.99,0.78,0.396
C11696,1,49.66,49.66,0.16,0.16
C09268,10,1986.95,198.695,0.61,0.181
C10421,11,1347.57,122.50636363636363,0.85,0.3418181818181818
C11908,3,224.87,74.95666666666666,0.16,0.07333333333333333
C09971,10,1111.01,111.101,0.23,0.1
C02448,1,109.53,109.53,0.21,0.21
C04063,1,50.0,50.0,0.01,0.01
C01759,6,680.79,113.46499999999999,0.21,0.08166666666666667
C12419,2,175.05,87.525,0.71,0.39
C03145,1,14.95,14.95,0.1,0.1
C00142,2,600.13,300.065,0.05,0.030000000000000002
C01915,1,50.04,50.04,0.17,0.17
C04645,4,54.44,13.61,0.2,0.10750000000000001
C13123,1,49.91,49.91,0.1,0.1
C09311,11,1008.3,91.66363636363636,0.32,0.11545454545454546
C03952,1,74.96,74.96,0.05,0.05
C08848,1,58.97,58.97,0.05,0.05
C03011,4,692.81,173.2025,0.14,0.1
C12550,10,553.1800000000001,55.318000000000005,0.29,0.118
C02253,12,3346.1600000000003,278.8466666666667,0.23,0.08333333333333333
C07376,1,15.97,15.97,0.07,0.07
C01600,4,399.94,99.985,0.22,0.1925
C03827,1,50.06,50.06,0.2,0.2
C09073,13,1202.9,92.53076923076924,0.76,0.16384615384615384
C09229,3,222.87,74.29,0.31,0.19666666666666668
C09302,1,59.92,59.92,0.02,0.02
C03623,1,249.91,249.91,0.04,0.04
C00312,9,705.67,78.40777777777777,0.32,0.10777777777777778
C06895,2,250.05,125.025,0.53,0.315
C12038,3,899.81,299.93666666666667,0.29,0.18666666666666665
C10038,1,74.42,74.42,0.28,0.28
C01551,4,521.91,130.4775,0.64,0.295
C13383,3,989.96,329.9866666666667,0.04,0.02666666666666667
C05210,1,50.03,50.03,0.1,0.1
C06854,21,12014.380000000001,572.1133333333333,0.89,0.33904761904761904
C13023,6,575.26,95.87666666666667,0.66,0.39666666666666667
C11452,11,4987.6,453.41818181818184,0.19,0.10636363636363635
C09110,1,170.91,170.91,0.03,0.03
C05740,1,149.97,149.97,0.07,0.07
C08960,1,39.07,39.07,0.42,0.42
C06562,1,29.46,29.46,0.07,0.07
C01378,1,100.01,100.01,0.04,0.04
C13476,2,256.28000000000003,128.14000000000001,0.08,0.055
C11646,1,55.43,55.43,0.19,0.19
C09592,4,550.21,137.5525,0.7,0.3575
C06699,5,1275.07,255.01399999999998,0.79,0.21200000000000002
C05454,7,207.35,29.62142857142857,0.82,0.34714285714285714
C03644,3,417.96,139.32,0.12,0.09333333333333334
C02064,29,3455.4,119.15172413793104,0.29,0.11275862068965517
C12483,2,105.76,52.88,0.17,0.125
C04149,2,576.94,288.47,0.32,0.175
C03929,21,1909.37,90.92238095238095,0.44,0.15285714285714286
C07655,3,299.97,99.99000000000001,0.95,0.45999999999999996
C08971,3,138.73000000000002,46.24333333333334,0.88,0.38666666666666666
C04362,7,175.45,25.064285714285713,0.12,0.06999999999999999
C01676,3,371.27,123.75666666666666,0.16,0.08333333333333333
C10622,9,1222.69,135.85444444444445,0.65,0.2
C05464,2,369.95000000000005,184.97500000000002,0.38,0.235
C13296,6,549.92,91.65333333333332,0.7,0.36333333333333334
C08944,8,542.05,67.75625,0.72,0.27
C11718,4,400.11,100.0275,0.87,0.505
C05838,1,100.02,100.02,0.12,0.12
C06246,5,181.94,36.388,0.19,0.122
C11820,1,100.09,100.09,0.23,0.23
C11903,2,695.9200000000001,347.96000000000004,0.33,0.18
C01049,3,230.1,76.7,0.06,0.03666666666666667
C12702,5,362.94,72.588,0.14,0.092
C10977,5,330.58,66.116,0.52,0.186
C07620,9,452.57,50.285555555555554,0.49,0.18666666666666665
C02593,2,53.459999999999994,26.729999999999997,0.23,0.15000000000000002
C05799,38,2772.33,72.95605263157894,0.7,0.1763157894736842
C06081,4,150.75,37.6875,0.11,0.055
C08769,1,99.93,99.93,0.3,0.3
C01616,4,399.99,99.9975,0.77,0.48250000000000004
C02029,1,58.04,58.04,0.04,0.04
C06717,2,450.1,225.05,0.04,0.025
C00121,1,149.95,149.95,0.08,0.08
C12402,1,44.44,44.44,0.04,0.04
C03458,2,617.53,308.765,0.14,0.085
C09379,6,420.02,70.00333333333333,0.47,0.22
C12181,20,1280.16,64.00800000000001,0.4,0.12150000000000001
C02966,4,500.03,125.0075,0.76,0.475
C08022,1,62.3,62.3,0.12,0.12
C06098,6,1173.12,195.51999999999998,0.21,0.08166666666666667
C10110,6,2049.67,341.6116666666667,0.56,0.15
C00515,9,662.86,73.6511111111111,0.34,0.08444444444444445
C01612,4,659.94,164.985,0.32,0.19
C09327,2,503.34000000000003,251.67000000000002,0.06,0.045
C03846,1,149.94,149.94,0.29,0.29
C03349,5,599.96,119.992,0.24,0.132
C03534,3,693.03,231.01,0.21,0.12
C10832,1,100.03,100.03,0.22,0.22
C07849,5,600.04,120.008,0.76,0.292
C05418,1,300.04,300.04,0.06,0.06
C02202,8,430.52,53.815,0.34,0.14125000000000001
C05917,1,50.04,50.04,0.14,0.14
C08160,2,89.89,44.945,0.66,0.41000000000000003
C12158,9,781.41,86.82333333333332,0.48,0.1711111111111111
C03901,5,261.84,52.367999999999995,0.27,0.13999999999999999
C10719,6,624.83,104.13833333333334,0.26,0.13166666666666668
C04188,20,2322.38,116.119,0.4,0.13899999999999998
C09814,1,25.01,25.01,0.18,0.18
C00648,4,680.95,170.2375,0.1,0.0625
C05047,4,549.87,137.4675,0.15,0.08
C02427,4,240.02,60.005,0.7,0.2175
C00010,2,84.54,42.27,0.14,0.08
C12986,13,1177.46,90.57384615384616,0.49,0.16153846153846155
C12498,7,1220.21,174.31571428571428,0.13,0.07857142857142858
C02463,8,1375.13,171.89125,0.2,0.10875
C07772,15,1479.8600000000001,98.65733333333334,0.29,0.12200000000000001
C10564,11,1767.08,160.64363636363635,0.39,0.1481818181818182
C09656,23,5615.9800000000005,244.1730434782609,0.41,0.1317391304347826
C11773,2,165.84,82.92,0.22,0.15
C13071,1,150.02,150.02,0.12,0.12
C08398,4,310.48,77.62,0.42,0.1925
C07825,29,2756.52,95.05241379310345,0.7,0.17275862068965517
C00035,23,1468.95,63.86739130434783,0.5,0.15304347826086956
C11955,1,226.0,226.0,0.05,0.05
C03586,9,2885.06,320.5622222222222,0.42,0.1288888888888889
C01774,1,35.89,35.89,0.11,0.11
C05663,1,24.94,24.94,0.08,0.08
C07843,3,449.99,149.99666666666667,0.34,0.16333333333333333
C09535,7,147.17,21.024285714285714,0.25,0.10571428571428572
C09166,2,81.01,40.505,0.06,0.045
C06782,3,1677.03,559.01,0.33,0.22333333333333336
C07342,5,596.98,119.396,0.35,0.196
C08996,2,77.35,38.675,0.54,0.34
C02954,6,275.38,45.89666666666667,0.26,0.16
C02292,10,1085.55,108.55499999999999,0.18,0.10200000000000001
C09707,3,207.98000000000002,69.32666666666667,0.12,0.06
C02825,1,199.94,199.94,0.07,0.07
C01271,7,882.68,126.09714285714286,0.16,0.09428571428571429
C07353,1,213.0,213.0,0.05,0.05
C06844,8,1056.58,132.0725,0.38,0.1325
C13515,3,399.89,133.29666666666665,0.12,0.07333333333333333
C10143,4,123.05000000000001,30.762500000000003,0.35,0.1225
C06773,3,435.03999999999996,145.01333333333332,0.21,0.09000000000000001
C12927,3,513.0,171.0,0.24,0.15
C11502,4,921.9100000000001,230.47750000000002,0.25,0.0975
C09406,1,597.49,597.49,0.02,0.02
C09512,1,63.91,63.91,0.07,0.07
C09643,12,1252.82,104.40166666666666,0.34,0.17
C08275,2,128.98,64.49,0.26,0.17
C05817,4,853.01,213.2525,0.4,0.1675
C03753,7,523.88,74.84,0.2,0.11285714285714286
C05403,1,249.96,249.96,0.19,0.19
C12442,2,99.97,49.985,0.13,0.095
C08591,5,58.379999999999995,11.675999999999998,0.27,0.166
C06119,3,478.89,159.63,0.1,0.049999999999999996
C13167,3,649.94,216.64666666666668,0.84,0.34
C02442,1,25.06,25.06,0.08,0.08
C08241,9,318.21,35.35666666666666,0.36,0.1688888888888889
C07213,3,103.06,34.35333333333333,0.31,0.24333333333333332
C11588,6,243.79,40.63166666666667,0.17,0.06833333333333334
C07556,2,127.84,63.92,0.25,0.225
C10997,1,23.06,23.06,0.16,0.16
C05565,3,707.9,235.96666666666667,0.07,0.06
C07010,1,387.98,387.98,0.22,0.22
C09818,1,24.99,24.99,0.31,0.31
C04126,10,977.6500000000001,97.76500000000001,0.74,0.231
C08572,25,1799.39,71.9756,0.41,0.1268
C07283,1,75.01,75.01,0.06,0.06
C10158,2,499.89,249.945,0.26,0.245
C13002,1,20.04,20.04,0.02,0.02
C03495,1,199.98,199.98,0.04,0.04
C05907,1,58.94,58.94,0.36,0.36
C02860,2,763.97,381.985,0.12,0.11499999999999999
C00305,1,150.06,150.06,0.2,0.2
C02912,3,518.9300000000001,172.9766666666667,0.04,0.03333333333333333
C01401,2,1207.52,603.76,0.26,0.2
C02263,2,50.09,25.045,0.83,0.475
C08969,5,1223.13,244.62600000000003,0.23,0.11599999999999999
C10313,2,317.07,158.535,0.3,0.175
C03614,1,149.97,149.97,0.25,0.25
C10298,10,328.26,32.826,0.65,0.202
C02723,17,2130.83,125.34294117647059,0.37,0.13
C06907,4,193.74,48.435,0.27,0.1825
C07971,1,50.04,50.04,0.25,0.25
C12929,6,402.09,67.015,0.31,0.165
C03128,27,4409.26,163.30592592592595,0.48,0.13370370370370369
C08330,1,49.95,49.95,0.05,0.05
C09809,4,613.98,153.495,0.25,0.105
C11648,6,640.0699999999999,106.67833333333333,0.27,0.13999999999999999
C05628,2,356.69,178.345,0.21,0.12
C10240,10,370.43,37.043,0.39,0.174
C06032,1,51.85,51.85,0.05,0.05
C07221,3,548.9,182.96666666666667,0.78,0.49666666666666665
C03352,9,899.74,99.97111111111111,0.52,0.17
C07652,3,189.98000000000002,63.326666666666675,0.32,0.2333333333333333
C04494,2,379.93,189.965,0.49,0.28
C10659,1,50.02,50.02,0.11,0.11
C06586,2,51.839999999999996,25.919999999999998,0.28,0.15000000000000002
C02555,4,576.98,144.245,0.23,0.1525
C04675,1,107.94,107.94,0.35,0.35
C06160,4,443.72,110.93,0.11,0.0775
C04175,1,11.55,11.55,0.01,0.01
C06760,8,533.77,66.72125,0.3,0.17250000000000001
C12938,2,152.16,76.08,0.14,0.125
C04335,1,49.96,49.96,0.18,0.18
C11602,2,200.18,100.09,0.09,0.055
C08399,1,149.95,149.95,0.27,0.27
C12688,1,50.08,50.08,0.19,0.19
C07436,1,17.24,17.24,0.18,0.18
C02308,2,52.44,26.22,0.22,0.13
C08878,25,1948.94,77.9576,0.59,0.1272
C03647,4,1425.03,356.2575,0.82,0.4825
C08329,3,225.06,75.02,0.48,0.2866666666666667
C02505,7,336.01,48.00142857142857,0.31,0.13
C04019,1,99.99,99.99,0.07,0.07
C09266,2,317.98,158.99,0.32,0.235
C08743,1,149.95,149.95,0.27,0.27
C01456,1,23.62,23.62,0.08,0.08
C01868,2,350.0,175.0,0.82,0.415
C02577,2,151.1,75.55,0.07,0.04
C04199,5,998.83,199.76600000000002,0.17,0.10800000000000001
C00677,10,917.29,91.729,0.34,0.15
C12653,1,160.54,160.54,0.13,0.13
C09776,1,20.73,20.73,0.13,0.13
C00625,2,383.99,191.995,0.11,0.06
C05395,7,510.24,72.89142857142858,0.22,0.10428571428571429
C00721,13,743.25,57.17307692307692,0.37,0.1630769230769231
C00838,6,647.59,107.93166666666667,0.27,0.21166666666666667
C01044,1,11.01,11.01,0.21,0.21
C08609,5,743.8299999999999,148.766,0.44,0.174
C07498,10,615.92,61.592,0.36,0.128
C12323,9,1170.75,130.08333333333334,0.14,0.0788888888888889
C00201,1,300.0,300.0,0.06,0.06
C12789,21,5302.74,252.51142857142855,0.22,0.10476190476190476
C00289,1,109.04,109.04,0.01,0.01
C04144,8,484.65,60.58125,0.37,0.1375
C00157,17,2099.98,123.52823529411765,0.52,0.20529411764705885
C13536,13,959.2,73.78461538461539,0.27,0.13692307692307693
C12282,8,2540.64,317.58,0.36,0.20625
C06697,1,399.82,399.82,0.16,0.16
C09255,1,54.43,54.43,0.13,0.13
C06222,1,386.83,386.83,0.11,0.11
C12736,1,864.98,864.98,0.62,0.62
C08505,1,27.92,27.92,0.01,0.01
C09136,1,24.98,24.98,0.09,0.09
C07161,3,130.9,43.63333333333333,0.15,0.09000000000000001
C03683,1,108.02,108.02,0.02,0.02
C05815,1,49.98,49.98,0.11,0.11
C09053,11,1630.24,148.20363636363638,0.39,0.1590909090909091
C13278,1,116.93,116.93,0.16,0.16
C12315,6,256.89,42.815,0.39,0.14
C13051,12,761.77,63.48083333333333,0.34,0.14333333333333334
C10268,1,50.09,50.09,0.59,0.59
C11141,1,2143.04,2143.04,0.09,0.09
C00585,1,34.97,34.97,0.15,0.15
C09036,14,2297.77,164.12642857142856,0.51,0.14642857142857144
C11680,1,49.92,49.92,0.12,0.12
C02151,3,741.55,247.1833333333333,0.37,0.24333333333333332
C08884,5,600.05,120.00999999999999,0.29,0.18
C12344,1,45.48,45.48,0.07,0.07
C07904,10,891.35,89.135,0.2,0.072
C01282,8,390.52,48.815,0.43,0.15125
C10724,23,2082.5,90.54347826086956,0.24,0.11347826086956521
C07526,10,666.9399999999999,66.69399999999999,0.36,0.148
C05890,1,9.02,9.02,0.13,0.13
C03224,8,2973.9700000000003,371.74625000000003,0.52,0.19
C12326,3,80.08,26.69333333333333,0.58,0.27666666666666667
C06280,1,14.92,14.92,0.72,0.72
C11096,1,40.07,40.07,0.13,0.13
C00490,1,26.1,26.1,0.1,0.1
C06017,2,211.51,105.755,0.4,0.21500000000000002
C07053,5,974.84,194.96800000000002,0.91,0.328
C04433,2,529.5799999999999,264.78999999999996,0.17,0.095
C12332,1,264.79,264.79,0.06,0.06
C08386,22,2551.94,115.99727272727273,0.48,0.18
C05892,4,599.81,149.9525,0.47,0.1875
C04512,3,750.09,250.03,0.56,0.2366666666666667
C01651,4,257.6,64.4,0.15,0.0625
C13085,1,20.44,20.44,0.19,0.19
C03225,1,792.04,792.04,0.11,0.11
C08441,3,166.21,55.403333333333336,0.29,0.2133333333333333
C07892,6,414.33000000000004,69.055,0.19,0.09166666666666667
C00143,17,12436.27,731.5452941176471,0.43,0.13882352941176473
C12421,9,436.86,48.54,0.26,0.09222222222222223
C02599,2,318.9,159.45,0.38,0.255
C05921,4,341.09000000000003,85.27250000000001,0.3,0.1075
C04731,4,1968.75,492.1875,0.38,0.215
C04093,3,174.9,58.300000000000004,0.08,0.05333333333333334
C08105,7,755.71,107.95857142857143,0.45,0.13999999999999999
C07992,1,414.76,414.76,0.01,0.01
C00137,6,203.82,33.97,0.32,0.20833333333333334
C04197,3,196.9,65.63333333333334,0.21,0.09999999999999999
C06910,13,303.49,23.345384615384617,0.29,0.14923076923076922
C03995,3,275.16999999999996,91.72333333333331,0.27,0.15
C12274,9,729.69,81.07666666666667,0.65,0.24000000000000002
C01454,1,49.05,49.05,0.12,0.12
C03445,2,313.85,156.925,0.11,0.095
C01879,6,1919.42,319.90333333333336,0.17,0.07333333333333333
C11293,4,350.14,87.535,0.81,0.41000000000000003
C08725,20,1617.98,80.899,0.35,0.144
C05323,6,2199.79,366.63166666666666,0.29,0.19499999999999998
C03897,1,117.02,117.02,0.26,0.26
C09169,20,1547.04,77.352,0.31,0.12150000000000001
C00453,5,268.22,53.644000000000005,0.17,0.094
C00278,4,184.15999999999997,46.03999999999999,0.25,0.11
C02429,12,1161.82,96.81833333333333,0.47,0.13166666666666668
C09161,1,929.27,929.27,0.21,0.21
C00155,3,605.87,201.95666666666668,0.41,0.26999999999999996
C04092,3,956.94,318.98,0.2,0.10333333333333333
C08713,1,24.91,24.91,0.06,0.06
C02213,3,180.92000000000002,60.30666666666667,0.25,0.15666666666666665
C01290,14,3159.94,225.71,0.47,0.15142857142857144
C05438,6,1948.02,324.67,0.44,0.19000000000000003
C05208,3,341.23,113.74333333333334,0.27,0.18333333333333335
C10881,20,1639.12,81.95599999999999,0.4,0.1255
C04324,11,634.95,57.722727272727276,0.22,0.11545454545454546
C12227,2,50.01,25.005,0.39,0.23
C13212,1,209.9,209.9,0.05,0.05
C12248,4,250.16,62.54,0.36,0.1725
C06802,1,200.08,200.08,0.15,0.15
C04799,3,187.42000000000002,62.473333333333336,0.38,0.19999999999999998
C07048,2,178.89000000000001,89.44500000000001,0.48,0.365
C11997,7,1527.88,218.26857142857145,0.81,0.23142857142857146
C11189,2,93.87,46.935,0.4,0.25
C11897,6,2073.6,345.59999999999997,0.18,0.125
C05473,5,621.89,124.378,0.25,0.174
C09411,5,731.13,146.226,0.19,0.098
C04270,1,58.98,58.98,0.13,0.13
C03514,6,236.05,39.34166666666667,0.23,0.11
C05508,5,2239.92,447.98400000000004,0.75,0.374
C12528,2,47.690000000000005,23.845000000000002,0.19,0.125
C01130,1,30.07,30.07,0.19,0.19
C01662,8,416.75,52.09375,0.39,0.14
C02452,9,1224.18,136.02,0.22,0.1288888888888889
C10262,1,41.44,41.44,0.17,0.17
C08522,4,266.01,66.5025,0.22,0.1325
C00047,2,79.61,39.805,0.74,0.41
C09024,12,1491.76,124.31333333333333,0.27,0.1366666666666667
C00824,12,1113.77,92.81416666666667,0.26,0.12666666666666668
C07490,3,250.0,83.33333333333333,0.21,0.13999999999999999
C08853,3,186.01999999999998,62.00666666666666,0.19,0.11
C04215,1,44.24,44.24,0.06,0.06
C05366,9,299.93,33.32555555555555,0.4,0.20444444444444446
C07809,2,60.620000000000005,30.310000000000002,0.47,0.31
C11220,8,822.85,102.85625,0.22,0.1275
C08412,5,436.95,87.39,0.54,0.284
C00676,3,128.69,42.89666666666667,0.3,0.18333333333333335
C05102,1,43.88,43.88,0.07,0.07
C08497,3,110.81,36.93666666666667,0.09,0.05666666666666667
C11281,6,826.81,137.80166666666665,0.59,0.26
C00698,1,199.91,199.91,0.09,0.09
C04015,30,1007.95,33.598333333333336,0.32,0.13666666666666666
C11087,1,399.92,399.92,0.1,0.1
C00108,12,1225.95,102.16250000000001,0.61,0.16833333333333333
C06457,5,1524.97,304.994,0.36,0.21200000000000002
C11455,1,59.15,59.15,0.11,0.11
C04765,2,736.9,368.45,0.19,0.115
C01686,1,57.9,57.9,0.05,0.05
C13532,3,111.3,37.1,0.2,0.11333333333333334
C05365,5,541.8,108.35999999999999,0.45,0.20600000000000002
C11826,1,25.93,25.93,0.11,0.11
C02316,3,183.92,61.306666666666665,0.2,0.18666666666666668
C03116,3,419.87,139.95666666666668,0.67,0.25333333333333335
C13062,7,1255.11,179.30142857142854,0.32,0.17714285714285713
C08521,1,11.01,11.01,0.06,0.06
C07231,5,672.02,134.404,0.31,0.13799999999999998
C10246,3,131.74,43.913333333333334,0.23,0.13
C05021,5,300.14,60.028,0.84,0.27999999999999997
C10551,2,75.45,37.725,0.22,0.115
C04442,3,744.69,248.23000000000002,0.33,0.19000000000000003
C02548,8,488.62,61.0775,0.37,0.11625
C04805,5,4280.94,856.1879999999999,0.52,0.144
C05065,1,241.42,241.42,0.26,0.26
C05399,7,1145.24,163.6057142857143,0.24,0.1457142857142857
C06662,1,24.45,24.45,0.05,0.05
C05493,21,924.0699999999999,44.00333333333333,0.28,0.07428571428571429
C08869,3,130.95,43.65,0.09,0.04666666666666667
C02977,1,38.98,38.98,0.07,0.07
C07233,10,2709.46,270.946,0.3,0.134
C00026,4,122.07,30.5175,0.37,0.225
C12059,9,1119.6799999999998,124.40888888888887,0.91,0.34111111111111114
C06282,2,208.07,104.035,0.27,0.17500000000000002
C05269,2,111.93,55.965,0.03,0.025
C07381,1,39.49,39.49,0.18,0.18
C10627,1,27.83,27.83,0.03,0.03
C13482,13,1492.56,114.81230769230768,0.83,0.1946153846153846
C04882,7,848.3299999999999,121.18999999999998,0.23,0.09285714285714286
C02451,8,244.32,30.54,0.6,0.155
C03749,2,250.06,125.03,0.1,0.09
C02031,10,464.53000000000003,46.453,0.83,0.223
C07484,1,119.87,119.87,0.01,0.01
C09734,1,209.86,209.86,0.42,0.42
C06495,2,442.04,221.02,0.16,0.095
C10583,4,339.97,84.9925,0.3,0.15
C01219,5,975.05,195.01,0.57,0.262
C06399,52,7883.85,151.6125,0.76,0.12307692307692308
C08964,2,89.05,44.525,0.14,0.09000000000000001
C11779,12,697.03,58.08583333333333,0.36,0.12166666666666666
C06718,2,671.0200000000001,335.51000000000005,0.05,0.035
C12668,1,49.95,49.95,0.21,0.21
C06251,1,99.92,99.92,0.14,0.14
C07851,5,551.99,110.398,0.47,0.176
C08644,5,178.08,35.616,0.29,0.21800000000000003
C06703,1,360.08,360.08,0.06,0.06
C12353,6,289.4,48.23333333333333,0.56,0.24333333333333332
C04868,3,544.98,181.66,0.17,0.09999999999999999
C02328,4,186.02,46.505,0.1,0.065
C10662,4,146.53,36.6325,0.42,0.1525
C03766,3,5564.93,1854.9766666666667,0.26,0.10000000000000002
C00762,2,350.04,175.02,0.15,0.08499999999999999
C11366,4,471.98,117.995,0.15,0.10500000000000001
C06892,8,625.46,78.1825,0.38,0.1375
C01444,2,604.01,302.005,0.51,0.295
C00700,6,1072.95,178.82500000000002,0.43,0.22666666666666666
C10807,2,109.03999999999999,54.519999999999996,0.18,0.135
C08536,2,118.03999999999999,59.019999999999996,0.15,0.08
C08345,6,1465.77,244.295,0.36,0.165
C03936,3,93.6,31.2,0.17,0.11
C02759,6,462.97999999999996,77.16333333333333,0.33,0.14166666666666666
C11623,1,86.95,86.95,0.02,0.02
C09640,3,1442.74,480.91333333333336,0.13,0.07
C09419,4,607.0,151.75,0.14,0.065
C11163,3,651.8000000000001,217.26666666666668,0.28,0.12666666666666668
C02470,3,550.13,183.37666666666667,0.03,0.02666666666666667
C00858,3,153.0,51.0,0.13,0.08666666666666667
C02362,3,379.51,126.50333333333333,0.2,0.14666666666666667
C12851,2,138.56,69.28,0.28,0.15500000000000003
C07269,1,13.41,13.41,0.05,0.05
C04831,1,249.91,249.91,0.33,0.33
C01381,1,99.91,99.91,0.25,0.25
C07582,2,72.33,36.165,0.19,0.14500000000000002
C00239,2,506.02,253.01,0.39,0.26
C10054,14,609.0,43.5,0.45,0.16642857142857143
C06010,7,1086.91,155.27285714285716,0.38,0.11857142857142858
C03361,3,70.68,23.560000000000002,0.19,0.13333333333333333
C08979,4,363.08,90.77,0.29,0.0925
C07092,1,24.55,24.55,0.05,0.05
C11053,10,2058.93,205.89299999999997,0.48,0.15999999999999998
C09784,1,2741.84,2741.84,0.08,0.08
C05212,19,1566.92,82.46947368421053,0.3,0.09999999999999999
C09176,1,279.96,279.96,0.07,0.07
C06803,1,77.02,77.02,0.02,0.02
C05475,5,557.98,111.596,0.78,0.40599999999999997
C11077,1,24.97,24.97,0.2,0.2
C08531,14,1415.04,101.07428571428571,0.39,0.125
C02447,4,156.58,39.145,0.44,0.22
C08768,2,279.43,139.715,0.27,0.21500000000000002
C06262,20,1245.96,62.298,0.23,0.11750000000000001
C02179,5,501.34,100.268,0.13,0.064
C01087,1,400.05,400.05,0.11,0.11
C03105,2,83.11,41.555,0.51,0.265
C01012,7,1970.94,281.5628571428571,0.31,0.1357142857142857
C01696,1,299.93,299.93,0.08,0.08
C10612,2,40.25,20.125,0.02,0.02
C00783,14,5441.08,388.6485714285714,0.53,0.14785714285714288
C05122,5,658.12,131.624,0.73,0.19599999999999998
C01738,5,1500.08,300.01599999999996,0.36,0.13799999999999998
C11254,1,99.96,99.96,0.09,0.09
C13239,3,182.5,60.833333333333336,0.04,0.02666666666666667
C12269,1,7.83,7.83,0.06,0.06
C08324,3,259.9,86.63333333333333,0.19,0.13666666666666666
C03500,4,6230.65,1557.6625,0.2,0.0975
C03178,2,33.15,16.575,0.19,0.1
C07529,12,2490.93,207.5775,0.41,0.1425
C05549,1,59.0,59.0,0.03,0.03
C02768,1,112.01,112.01,0.22,0.22
C12152,4,261.88,65.47,0.25,0.13
C04874,6,784.97,130.82833333333335,0.23,0.11833333333333333
C01160,2,1098.96,549.48,0.45,0.24
C06157,1,526.94,526.94,0.16,0.16
C05988,6,691.99,115.33166666666666,0.22,0.15
C08692,7,544.07,77.72428571428573,0.31,0.10714285714285714
C02461,24,2298.24,95.75999999999999,0.31,0.1325
C07124,2,150.87,75.435,0.1,0.085
C06468,1,649.87,649.87,0.04,0.04
C08586,14,1794.25,128.16071428571428,0.51,0.18214285714285713
C11566,4,199.0,49.75,0.53,0.17500000000000002
C12800,5,774.78,154.956,0.16,0.10800000000000001
C11278,1,25.97,25.97,0.11,0.11
C12850,1,62.22,62.22,0.2,0.2
C03140,3,166.09,55.36333333333334,0.86,0.36000000000000004
C01531,3,560.06,186.68666666666664,0.16,0.09666666666666668
C04489,2,343.1,171.55,0.24,0.16999999999999998
C04297,1,112.96,112.96,0.19,0.19
C04418,16,4973.9400000000005,310.87125000000003,0.41,0.1425
C11594,1,46.39,46.39,0.07,0.07
C05095,7,809.0999999999999,115.58571428571427,0.36,0.12285714285714286
C09260,1,968.0,968.0,0.35,0.35
C13184,2,99.45,49.725,0.3,0.295
C04509,5,194.79,38.958,0.2,0.13
C03380,2,103.78999999999999,51.894999999999996,0.09,0.065
C12355,2,74.97,37.485,0.11,0.065
C00695,1,3381.89,3381.89,0.09,0.09
C11863,2,653.9300000000001,326.96500000000003,0.2,0.13
C12188,2,100.69999999999999,50.349999999999994,0.28,0.15000000000000002
C12051,2,563.02,281.51,0.35,0.24
C10182,3,117.38,39.126666666666665,0.22,0.1366666666666667
C12606,3,323.99,107.99666666666667,0.13,0.049999999999999996
C05317,3,499.88,166.62666666666667,0.69,0.34
C00511,4,348.06,87.015,0.33,0.22
C10944,2,47.120000000000005,23.560000000000002,0.13,0.07
C10722,7,786.92,112.41714285714285,0.57,0.24571428571428572
C02002,1,54.01,54.01,0.08,0.08
C02406,8,445.68,55.71,0.38,0.16875
C04962,13,839.89,64.60692307692308,0.56,0.21461538461538462
C10535,4,420.03000000000003,105.00750000000001,0.43,0.175
C06637,2,1665.79,832.895,0.31,0.195
C07084,2,137.09,68.545,0.15,0.09
C05693,3,168.14999999999998,56.04999999999999,0.23,0.12333333333333334
C00588,1,944.99,944.99,0.14,0.14
C04444,2,129.15,64.575,0.15,0.08
C09723,11,797.3399999999999,72.48545454545454,0.26,0.10545454545454545
C01943,5,954.0699999999999,190.814,0.42,0.22999999999999998
C10219,5,550.02,110.00399999999999,0.7,0.36
C10083,20,1544.22,77.211,0.26,0.15350000000000003
C09983,3,1149.8200000000002,383.27333333333337,0.71,0.47333333333333333
C07806,1,82.05,82.05,0.07,0.07
C07393,12,1843.14,153.595,0.25,0.08416666666666667
C11947,1,59.03,59.03,0.09,0.09
C03173,9,950.72,105.63555555555556,0.27,0.11333333333333334
C09935,9,2149.92,238.88,0.19,0.09000000000000001
C09032,2,300.15,150.075,0.26,0.21500000000000002
C09118,29,4003.94,138.06689655172414,0.42,0.1403448275862069
C01224,1,150.08,150.08,0.09,0.09
C06742,1,149.97,149.97,0.53,0.53
C05422,1,30.07,30.07,0.12,0.12
C06543,3,1588.6999999999998,529.5666666666666,0.24,0.12
C00246,10,11287.36,1128.736,0.18,0.094
C04769,18,1296.65,72.03611111111111,0.86,0.17388888888888887
C08867,1,24.93,24.93,0.34,0.34
C11437,2,57.04,28.52,0.06,0.055
C04973,4,302.15,75.5375,0.36,0.16249999999999998
C00795,3,324.77,108.25666666666666,0.39,0.30333333333333334
C00959,1,34.96,34.96,0.01,0.01
C01178,7,843.72,120.53142857142858,0.38,0.16999999999999998
C05162,7,152.84,21.834285714285716,0.36,0.16285714285714287
C12330,5,654.8599999999999,130.97199999999998,0.89,0.364
C06965,14,978.39,69.885,0.34,0.11571428571428573
C05037,6,455.46,75.91,0.39,0.20166666666666666
C01491,1,49.07,49.07,0.02,0.02
C09743,1,45.93,45.93,0.22,0.22
C08109,1,59.04,59.04,0.15,0.15
C06610,4,1015.5999999999999,253.89999999999998,0.53,0.17500000000000002
C06061,5,551.88,110.376,0.48,0.25
C09515,20,1857.05,92.85249999999999,0.69,0.14250000000000002
C09474,1,34.93,34.93,0.04,0.04
C12058,1,80.96,80.96,0.01,0.01
C07798,1,1532.56,1532.56,0.07,0.07
C07862,4,338.72,84.68,0.82,0.2425
C03729,2,108.24,54.12,0.37,0.195
C08928,6,1396.87,232.81166666666664,0.28,0.13166666666666668
C10677,1,48.98,48.98,0.02,0.02
C12529,1,15.32,15.32,0.02,0.02
C02689,10,616.12,61.612,0.36,0.161
C12588,2,122.41999999999999,61.209999999999994,0.2,0.115
C12600,2,115.35,57.675,0.1,0.085
C12018,9,482.02,53.55777777777777,0.85,0.24222222222222223
C06866,1,44.63,44.63,0.68,0.68
C10416,1,59.44,59.44,0.03,0.03
C08320,1,39.53,39.53,0.34,0.34
C00253,15,368.54,24.569333333333336,0.68,0.18133333333333335
C05018,1,27.63,27.63,0.15,0.15
C06369,7,195.85000000000002,27.97857142857143,0.23,0.1142857142857143
C09589,5,517.9100000000001,103.58200000000002,0.21,0.10600000000000001
C05985,6,215.1,35.85,0.67,0.19999999999999998
C03713,1,100.09,100.09,0.02,0.02
C09153,8,1054.9499999999998,131.86874999999998,0.18,0.09625
C12325,16,2033.23,127.076875,0.33,0.11750000000000001
C04021,11,822.98,74.81636363636363,0.27,0.1309090909090909
C00116,45,4520.66,100.45911111111111,0.42,0.12777777777777777
C03524,16,671.66,41.97875,0.33,0.115625
C09637,2,175.47,87.735,0.15,0.1
C04336,7,1189.31,169.90142857142857,0.33,0.16714285714285712
C12077,1,28.83,28.83,0.19,0.19
C04806,1,23.97,23.97,0.11,0.11
C05813,3,94.28,31.426666666666666,0.28,0.20666666666666667
C12432,10,994.8,99.47999999999999,0.43,0.16899999999999998
C10111,2,234.71,117.355,0.57,0.46499999999999997
C01295,3,791.8,263.93333333333334,0.78,0.31
C08773,20,1711.17,85.55850000000001,0.4,0.15
C05671,1,99.92,99.92,0.01,0.01
C12792,1,33.91,33.91,0.17,0.17
C10230,1,44.44,44.44,0.15,0.15
C05658,2,227.42000000000002,113.71000000000001,0.13,0.1
C00913,5,860.69,172.138,0.36,0.176
C02564,2,259.99,129.995,0.12,0.075
C06011,6,782.06,130.34333333333333,0.29,0.19000000000000003
C08059,1,317.41,317.41,0.21,0.21
C01064,7,366.87,52.410000000000004,0.24,0.11571428571428573
C04751,7,276.05,39.43571428571429,0.34,0.16999999999999998
C10634,3,600.15,200.04999999999998,0.86,0.5966666666666667
C10828,1,57.92,57.92,0.12,0.12
C04253,12,307.44,25.62,0.37,0.17416666666666666
C09385,8,590.84,73.855,0.26,0.14625000000000002
C06441,1,48.97,48.97,0.03,0.03
C05649,2,174.99,87.495,0.33,0.19
C00070,4,571.76,142.94,0.15,0.057499999999999996
C04550,1,37.99,37.99,0.02,0.02
C07448,1,226.07,226.07,0.75,0.75
C12882,13,3832.5099999999998,294.80846153846153,0.29,0.14
C07668,3,600.17,200.05666666666664,0.62,0.3433333333333333
C06555,1,2594.91,2594.91,0.03,0.03
C06297,5,452.11,90.422,0.23,0.13
C06619,3,619.86,206.62,0.48,0.20333333333333334
C02669,1,11.63,11.63,0.31,0.31
C12744,17,937.53,55.148823529411764,0.88,0.3558823529411765
C01158,3,979.97,326.6566666666667,0.21,0.07666666666666666
C06653,1,48.99,48.99,0.02,0.02
C07235,4,272.35,68.0875,0.21,0.11499999999999999
C01146,1,113.96,113.96,0.09,0.09
C03372,3,408.45,136.15,0.19,0.15333333333333332
C00748,4,443.89,110.9725,0.3,0.16
C02991,1,90.72,90.72,0.24,0.24
C04810,3,665.0400000000001,221.68000000000004,0.07,0.05000000000000001
C13116,2,250.03000000000003,125.01500000000001,0.69,0.415
C13186,1,50.03,50.03,0.11,0.11
C06917,25,3057.63,122.3052,0.47,0.15560000000000002
C12399,3,266.69,88.89666666666666,0.68,0.5133333333333333
C07133,11,2114.87,192.26090909090908,0.71,0.1590909090909091
C09410,16,2188.59,136.786875,0.19,0.08
C03167,1,104.02,104.02,0.06,0.06
C03563,2,506.01,253.005,0.2,0.11
C05114,1,400.04,400.04,0.46,0.46
C03386,6,739.65,123.27499999999999,0.33,0.10166666666666668
C04200,12,1256.6,104.71666666666665,0.32,0.11916666666666668
C07477,6,449.87,74.97833333333334,0.26,0.16
C10597,7,2268.0,324.0,0.47,0.1542857142857143
C11658,4,1235.9099999999999,308.97749999999996,0.23,0.1225
C03776,6,303.78,50.629999999999995,0.18,0.105
C07857,8,245.18,30.6475,0.33,0.15125
C12743,1,27.8,27.8,0.01,0.01
C01446,8,1055.92,131.99,0.29,0.13
C00205,8,667.73,83.46625,0.21,0.08625
C08459,5,1642.13,328.42600000000004,0.68,0.21400000000000002
C10042,34,4587.23,134.9185294117647,0.47,0.1338235294117647
C00158,3,179.1,59.699999999999996,0.16,0.07333333333333333
C08802,1,76.94,76.94,0.25,0.25
C08090,1,30.94,30.94,0.04,0.04
C06458,8,246.07999999999998,30.759999999999998,0.7,0.205
C03520,1,108.93,108.93,0.02,0.02
C01762,4,125.00999999999999,31.252499999999998,0.2,0.10500000000000001
C08626,2,48.01,24.005,0.23,0.16
C03823,3,128.04,42.68,0.42,0.27666666666666667
C13507,4,177.66,44.415,0.74,0.4175
C12462,5,585.03,117.006,0.15,0.094
C02857,1,117.01,117.01,0.06,0.06
C02835,4,399.96000000000004,99.99000000000001,0.73,0.26749999999999996
C07170,4,178.20999999999998,44.552499999999995,0.38,0.2475
C11901,23,1786.1399999999999,77.65826086956521,0.38,0.14217391304347826
C09802,11,815.71,74.15545454545455,0.23,0.11272727272727273
C07362,5,584.9200000000001,116.98400000000001,0.29,0.23200000000000004
C12073,1,8.69,8.69,0.02,0.02
C12526,1,59.09,59.09,0.45,0.45
C10280,1,559.87,559.87,0.05,0.05
C05592,2,288.09,144.045,0.1,0.07500000000000001
C04619,33,3207.22,97.18848484848485,0.56,0.1393939393939394
C03973,1,199.93,199.93,0.42,0.42
C08462,5,359.75,71.95,0.57,0.22999999999999998
C09101,10,1582.42,158.24200000000002,0.36,0.144
C02489,2,339.5,169.75,0.14,0.095
C02482,1,77.04,77.04,0.15,0.15
C07145,1,58.92,58.92,0.02,0.02
C03831,5,433.06,86.612,0.35,0.15999999999999998
C08961,2,22.85,11.425,0.1,0.1
C07692,2,321.09000000000003,160.54500000000002,0.24,0.16499999999999998
C04003,1,50.04,50.04,0.02,0.02
C00432,2,72.97,36.485,0.09,0.075
C08966,1,165.58,165.58,0.05,0.05
C06142,6,901.91,150.31833333333333,0.25,0.13666666666666666
C07712,2,633.11,316.555,0.11,0.08
C06847,6,947.0699999999999,157.845,0.37,0.15
C03935,6,241.17,40.195,0.29,0.13333333333333333
C08955,3,1232.94,410.98,0.18,0.10333333333333333
C03491,1,99.98,99.98,0.1,0.1
C01268,1,33.8,33.8,0.21,0.21
C10368,1,58.91,58.91,0.05,0.05
C01232,1,1000.03,1000.03,0.2,0.2
C00949,10,2580.5099999999998,258.051,0.24,0.125
C00917,34,12006.84,353.14235294117645,0.94,0.12970588235294117
C10329,5,500.86999999999995,100.17399999999999,0.24,0.10600000000000001
C12764,2,87.99000000000001,43.995000000000005,0.12,0.09
C06325,5,631.01,126.202,0.15,0.064
C00172,1,64.69,64.69,0.21,0.21
C07642,11,3268.89,297.1718181818182,0.25,0.07545454545454545
C00208,2,172.0,86.0,0.27,0.21000000000000002
C05272,2,136.91,68.455,0.13,0.115
C10213,1,24.94,24.94,0.3,0.3
C06159,13,542.46,41.72769230769231,0.4,0.12692307692307692
C13271,6,524.03,87.33833333333332,0.31,0.11666666666666668
C01866,1,82.58,82.58,0.29,0.29
C06600,3,155.76999999999998,51.923333333333325,0.43,0.17666666666666667
C02645,2,104.27000000000001,52.135000000000005,0.04,0.04
C11208,7,318.55,45.50714285714286,0.22,0.09999999999999999
C11424,12,15703.24,1308.6033333333332,0.29,0.11916666666666666
C10036,3,2676.09,892.0300000000001,0.09,0.06
C07634,2,1085.92,542.96,0.14,0.08
C07839,1,17.76,17.76,0.02,0.02
C10802,1,78.48,78.48,0.51,0.51
C08613,5,59.75,11.95,0.15,0.08
C03989,1,43.23,43.23,0.13,0.13
C03741,13,1016.06,78.15846153846154,0.4,0.10307692307692308
C00433,7,3108.03,444.00428571428574,0.88,0.36428571428571427
C06015,3,1349.1399999999999,449.7133333333333,0.23,0.13
C11088,2,80.0,40.0,0.67,0.515
C13162,9,667.05,74.11666666666666,0.65,0.23111111111111113
C11461,11,770.95,70.08636363636364,0.59,0.18
C03313,37,5649.5,152.6891891891892,0.27,0.12513513513513513
C11075,2,73.79,36.895,0.21,0.155
C03662,9,471.79,52.42111111111112,0.19,0.09000000000000001
C00018,3,172.15,57.38333333333333,0.29,0.15
C03160,1,30.95,30.95,0.3,0.3
C02091,8,444.7,55.5875,0.23,0.0725
C05370,2,348.47,174.235,0.38,0.3
C08028,1,280.05,280.05,0.02,0.02
C05819,7,483.56,69.08,0.37,0.18571428571428572
C01339,7,674.63,96.37571428571428,0.59,0.3614285714285714
C00918,1,31.77,31.77,0.23,0.23
C03960,3,350.11,116.70333333333333,0.62,0.24333333333333332
C12032,1,54.45,54.45,0.09,0.09
C07752,2,1334.4,667.2,0.24,0.18
C06225,8,424.73,53.09125,0.26,0.12000000000000001
C13327,6,970.97,161.82833333333335,0.3,0.155
C11146,3,184.88,61.626666666666665,0.12,0.06
C05137,2,118.09,59.045,0.12,0.1
C08781,3,135.85,45.28333333333333,0.15,0.11
C10668,2,165.87,82.935,0.35,0.185
C03919,1,50.02,50.02,0.09,0.09
C03456,2,2282.16,1141.08,0.22,0.19
C08082,6,364.86,60.81,0.16,0.09333333333333334
C00315,2,642.04,321.02,0.06,0.06
C03142,5,2976.75,595.35,0.41,0.23399999999999999
C00243,3,300.08,100.02666666666666,0.64,0.32
C07702,4,651.76,162.94,0.09,0.065
C00965,1,99.98,99.98,0.06,0.06
C12700,9,936.9200000000001,104.10222222222222,0.23,0.08444444444444445
C03705,3,191.08,63.693333333333335,0.21,0.13
C10607,1,27.37,27.37,0.08,0.08
C12847,1,77.98,77.98,0.13,0.13
C11900,4,291.8,72.95,0.48,0.20249999999999999
C02368,17,3913.89,230.22882352941176,0.42,0.12470588235294118
C12160,11,1496.25,136.02272727272728,0.63,0.17272727272727273
C07680,1,334.96,334.96,0.08,0.08
C09857,1,15.06,15.06,0.14,0.14
C02337,20,2272.0200000000004,113.60100000000003,0.55,0.145
C12154,3,201.0,67.0,0.38,0.1366666666666667
C11204,20,1351.6,67.58,0.93,0.2525
C09242,12,1168.97,97.41416666666667,0.23,0.085
C10197,2,75.0,37.5,0.18,0.12
C06366,4,849.96,212.49,0.61,0.2375
C08556,1,127.96,127.96,0.21,0.21
C03052,11,2152.24,195.6581818181818,0.39,0.13636363636363635
C09459,32,3674.04,114.81375,0.4,0.120625
C01784,1,100.03,100.03,0.69,0.69
C10836,1,74.98,74.98,0.08,0.08
C08188,2,93.44999999999999,46.724999999999994,0.29,0.265
C12427,5,164.87,32.974000000000004,0.23,0.152
C00505,13,1300.3799999999999,100.02923076923076,0.4,0.17384615384615382
C01907,1,26.34,26.34,0.16,0.16
C02574,1,91.99,91.99,0.29,0.29
C05202,1,116.92,116.92,0.36,0.36
C11290,9,755.35,83.92777777777778,0.39,0.12111111111111111
C04778,4,438.03999999999996,109.50999999999999,0.27,0.1375
C11150,1,774.08,774.08,0.01,0.01
C12173,2,320.03,160.015,0.07,0.04
C09914,5,130.04,26.008,0.13,0.082
C08124,1,31.02,31.02,0.25,0.25
C11732,8,591.76,73.97,0.17,0.0525
C00684,12,253.57,21.13083333333333,0.5,0.18583333333333332
C09796,3,246.91000000000003,82.30333333333334,0.08,0.049999999999999996
C12414,13,1495.83,115.06384615384614,0.28,0.12307692307692308
C01786,2,394.02,197.01,0.22,0.21000000000000002
C00531,6,176.9,29.483333333333334,0.45,0.13999999999999999
C12381,2,299.3,149.65,0.2,0.135
C01316,1,46.52,46.52,0.12,0.12
C11063,1,35.88,35.88,0.12,0.12
C10191,10,1255.78,125.578,0.27,0.10600000000000001
C12437,15,735.38,49.025333333333336,0.57,0.1753333333333333
C11260,1,79.17,79.17,0.36,0.36
C07949,6,100.78,16.796666666666667,0.39,0.15166666666666667
C05796,2,214.94,107.47,0.05,0.030000000000000002
C07963,22,952.52,43.29636363636364,0.53,0.1290909090909091
C06333,1,553.91,553.91,0.03,0.03
C07566,10,257.87,25.787,0.24,0.071
C13208,1,27.02,27.02,0.18,0.18
C06812,6,779.05,129.84166666666667,0.29,0.125
C00593,1,74.02,74.02,0.1,0.1
C01767,81,7592.07,93.72925925925925,0.61,0.15061728395061727
C05662,1,221.95,221.95,0.13,0.13
C00154,1,107.96,107.96,0.03,0.03
C06117,19,1645.73,86.61736842105263,0.87,0.18684210526315792
C04756,11,627.48,57.04363636363637,0.2,0.10636363636363635
C02611,4,333.70000000000005,83.42500000000001,0.24,0.1825
C10437,4,192.95,48.2375,0.22,0.145
C03775,9,204.22,22.691111111111113,0.83,0.1922222222222222
C02386,10,861.8,86.17999999999999,0.57,0.153
C03852,2,277.02,138.51,0.3,0.22
C06593,4,861.15,215.2875,0.23,0.10250000000000001
C10822,1,150.0,150.0,0.24,0.24
C03054,1,108.0,108.0,0.08,0.08
C03971,1,449.91,449.91,0.72,0.72
C13292,2,335.89,167.945,0.1,0.065
C11507,1,58.97,58.97,0.11,0.11
C05850,1,112.9,112.9,0.06,0.06
C03628,3,153.9,51.300000000000004,0.06,0.03333333333333333
C02046,20,3259.69,162.9845,0.36,0.11499999999999999
C10247,1,171.04,171.04,0.07,0.07
C05154,1,93.04,93.04,0.04,0.04
C11483,1,49.93,49.93,0.02,0.02
C12100,1,97.03,97.03,0.01,0.01
C03982,1,71.99,71.99,0.09,0.09
C12875,3,378.88,126.29333333333334,0.35,0.16
C05425,1,110.83,110.83,0.02,0.02
C08242,1,69.67,69.67,0.09,0.09
C05691,2,319.86,159.93,0.27,0.16
C06184,5,1078.95,215.79000000000002,0.26,0.16999999999999998
C09072,6,615.98,102.66333333333334,0.08,0.05000000000000001
C11679,3,631.9100000000001,210.63666666666668,0.7,0.26
C07503,1,49.98,49.98,0.16,0.16
C00747,2,342.90999999999997,171.45499999999998,0.09,0.08
C10021,1,399.96,399.96,0.08,0.08
C00247,1,124.95,124.95,0.03,0.03
C04377,1,8.54,8.54,0.14,0.14
C01111,4,89.5,22.375,0.28,0.1325
C03691,4,174.11,43.5275,0.23,0.125
C13344,1,149.98,149.98,0.07,0.07
C08553,4,210.73,52.6825,0.35,0.1275
C05901,1,334.96,334.96,0.09,0.09
C07590,2,63.01,31.505,0.59,0.305
C12219,9,715.82,79.53555555555556,0.23,0.10222222222222223
C09326,5,239.55,47.910000000000004,0.35,0.158
C03583,2,180.05,90.025,0.18,0.155
C02093,2,215.94,107.97,0.22,0.135
C10059,2,56.050000000000004,28.025000000000002,0.11,0.08499999999999999
C13207,7,297.01,42.43,0.69,0.20285714285714285
C10484,1,31.07,31.07,0.16,0.16
C08210,1,11.14,11.14,0.03,0.03
C06826,1,77.06,77.06,0.13,0.13
C04465,11,1203.42,109.40181818181819,0.14,0.06090909090909091
C01680,1,109.01,109.01,0.24,0.24
C03335,1,57.98,57.98,0.14,0.14
C06094,14,1305.9,93.27857142857144,0.27,0.12428571428571429
C12213,4,175.82999999999998,43.957499999999996,0.12,0.057499999999999996
C11152,4,269.07,67.2675,0.31,0.14750000000000002
C10620,1,149.93,149.93,0.09,0.09
C02720,8,401.85,50.23125,0.16,0.07375
C00812,2,84.0,42.0,0.12,0.095
C06206,2,100.38,50.19,0.16,0.13
C01896,15,3551.85,236.79,0.32,0.128
C11337,3,257.85,85.95,0.53,0.2333333333333333
C12906,3,145.91,48.63666666666666,0.05,0.03
C05187,3,129.8,43.26666666666667,0.07,0.05333333333333334
C12701,1,99.97,99.97,0.07,0.07
C10214,3,2390.06,796.6866666666666,0.24,0.18000000000000002
C02204,14,1768.36,126.31142857142856,0.43,0.17357142857142857
C04979,1,29.97,29.97,0.1,0.1
C07530,2,88.0,44.0,0.15,0.08
C01046,1,46.74,46.74,0.45,0.45
C10765,4,114.74000000000001,28.685000000000002,0.05,0.0375
C08900,1,77.86,77.86,0.29,0.29
C12253,1,417.3,417.3,0.27,0.27
C02067,3,258.98,86.32666666666667,0.24,0.09999999999999999
C08021,2,205.09,102.545,0.12,0.1
C07790,1,165.01,165.01,0.15,0.15
C12297,4,671.96,167.99,0.18,0.10250000000000001
C05916,3,249.9,83.3,0.86,0.6433333333333333
C07061,4,91.56,22.89,0.46,0.17
C12095,1,707.2,707.2,0.01,0.01
C08678,1,117.02,117.02,0.29,0.29
C04961,1,49.01,49.01,0.11,0.11
C07749,12,261.38,21.781666666666666,0.5,0.16666666666666666
C04998,2,165.92000000000002,82.96000000000001,0.54,0.28
C11761,4,108.78999999999999,27.197499999999998,0.06,0.0375
C04344,8,537.5600000000001,67.19500000000001,0.69,0.20625
C04293,1,134.51,134.51,0.13,0.13
C03239,1,113.04,113.04,0.51,0.51
C07639,15,695.89,46.39266666666666,0.23,0.08533333333333333
C03909,5,1797.07,359.414,0.19,0.10600000000000001
C03202,3,3780.41,1260.1366666666665,0.41,0.17333333333333334
C10458,1,49.99,49.99,0.12,0.12
C06680,5,6935.85,1387.17,0.8,0.21800000000000003
C07214,6,291.14,48.52333333333333,0.37,0.14333333333333334
C01108,5,443.8,88.76,0.65,0.316
C05665,6,384.0,64.0,0.29,0.10999999999999999
C07108,6,710.92,118.48666666666666,0.62,0.19833333333333333
C00122,9,2414.41,268.2677777777778,0.24,0.07555555555555554
C12919,3,233.81,77.93666666666667,0.23,0.14
C03072,22,978.47,44.47590909090909,0.62,0.14272727272727273
C08706,1,28.21,28.21,0.02,0.02
C01106,5,296.12,59.224000000000004,0.18,0.06799999999999999
C09621,3,68.78,22.926666666666666,0.11,0.06
C09557,11,1027.05,93.36818181818181,0.95,0.5172727272727273
C13237,1,2595.0,2595.0,0.13,0.13
C08693,1,13.85,13.85,0.01,0.01
C00882,14,544.42,38.887142857142855,0.28,0.09571428571428572
C06606,1,50.75,50.75,0.77,0.77
C09755,1,3.58,3.58,0.03,0.03
C03496,7,704.99,100.71285714285715,0.16,0.08142857142857143
C02997,3,243.84,81.28,0.22,0.14333333333333334
C04937,1,100.0,100.0,0.32,0.32
C04789,2,72.19,36.095,0.08,0.045
C04833,6,293.23,48.87166666666667,0.38,0.14333333333333334
C13311,5,382.99,76.598,0.24,0.128
C03824,1,37.37,37.37,0.34,0.34
C11552,12,267.61,22.300833333333333,0.26,0.10166666666666667
C01771,14,1530.1100000000001,109.29357142857144,0.39,0.1142857142857143
C04863,2,250.0,125.0,0.86,0.5
C11949,5,161.59,32.318,0.14,0.08
C12839,4,150.44,37.61,0.31,0.23249999999999998
C05606,1,99.95,99.95,0.06,0.06
C09819,14,512.95,36.63928571428572,0.52,0.1407142857142857
C05784,1,209.87,209.87,0.1,0.1
C13256,1,100.08,100.08,0.12,0.12
C00592,10,907.71,90.771,0.17,0.081
C05777,13,1259.82,96.90923076923076,0.28,0.1676923076923077
C12333,1,204.66,204.66,0.01,0.01
C13095,3,3509.83,1169.9433333333334,0.28,0.25
C04429,1,34.91,34.91,0.03,0.03
C08041,12,1577.77,131.48083333333332,0.9,0.2175
C08429,13,2596.6,199.73846153846154,0.33,0.16
C09047,2,89.41,44.705,0.31,0.26
C07611,1,200.01,200.01,0.23,0.23
C00966,3,254.5,84.83333333333333,0.11,0.08333333333333333
C00566,1,39.95,39.95,0.01,0.01
C11813,15,1596.5700000000002,106.43800000000002,0.45,0.18866666666666668
C07570,3,291.77,97.25666666666666,0.1,0.06
C01749,9,1706.82,189.64666666666665,0.55,0.18222222222222223
C11837,1,302.65,302.65,0.11,0.11
C03646,7,1636.0500000000002,233.7214285714286,0.24,0.10571428571428572
C08814,2,248.04,124.02,0.11,0.06
C11933,1,200.01,200.01,0.47,0.47
C09506,5,551.39,110.27799999999999,0.59,0.178
C06052,1,563.44,563.44,0.1,0.1
C06513,2,168.8,84.4,0.2,0.15000000000000002
C13392,2,567.95,283.975,0.14,0.1
C05165,1,125.03,125.03,0.3,0.3
C02925,4,154.62,38.655,0.13,0.0875
C06558,1,48.93,48.93,0.27,0.27
C07691,1,37.22,37.22,0.34,0.34
C04353,3,72.15,24.05,0.17,0.09666666666666668
C13047,3,114.88,38.29333333333333,0.28,0.11666666666666668
C04448,1,50.01,50.01,0.61,0.61
C01462,3,1224.98,408.32666666666665,0.21,0.15
C04659,7,273.08,39.01142857142857,0.22,0.09285714285714286
C10856,1,225.92,225.92,0.13,0.13
C07976,3,531.01,177.00333333333333,0.15,0.11666666666666665
C04950,4,501.84000000000003,125.46000000000001,0.58,0.22
C00190,1,50.05,50.05,0.8,0.8
C04682,4,123.19999999999999,30.799999999999997,0.46,0.165
C03102,5,237.87,47.574,0.38,0.134
C11757,1,11.05,11.05,0.12,0.12
C11251,2,454.74,227.37,0.29,0.255
C01227,3,343.13,114.37666666666667,0.25,0.17666666666666667
C09538,3,94.95,31.650000000000002,0.22,0.19666666666666668
C04535,3,88.21,29.403333333333332,0.32,0.13333333333333333
C00136,14,639.15,45.653571428571425,0.34,0.10571428571428572
C10034,1,34.6,34.6,0.24,0.24
C10125,2,87.67,43.835,0.14,0.12000000000000001
C05695,9,245.95,27.327777777777776,0.23,0.11777777777777779
C07673,7,750.15,107.16428571428571,0.69,0.33285714285714285
C01716,12,802.26,66.855,0.3,0.11916666666666668
C11123,2,116.9,58.45,0.23,0.15000000000000002
C11905,1,100.09,100.09,0.26,0.26
C09662,6,248.57,41.428333333333335,0.52,0.15833333333333335
C00391,1,849.07,849.07,0.17,0.17
C10117,1,56.01,56.01,0.03,0.03
C06421,9,1104.16,122.68444444444445,0.73,0.23555555555555557
C02169,11,1572.49,142.95363636363638,0.42,0.14909090909090908
C04664,5,499.97,99.994,0.07,0.034
C10527,8,752.0,94.0,0.3,0.1025
C09770,1,56.49,56.49,0.13,0.13
C10653,1,30.03,30.03,0.24,0.24
C13548,1,25.08,25.08,0.19,0.19
C04286,1,226.05,226.05,0.01,0.01
C13157,1,32.27,32.27,0.15,0.15
C10207,2,86.89999999999999,43.449999999999996,0.89,0.45
C01978,1,323.06,323.06,0.09,0.09
C00984,3,241.79,80.59666666666666,0.32,0.20333333333333337
C10524,4,333.45,83.3625,0.36,0.2825
C10803,16,612.4,38.275,0.36,0.100625
C12412,11,297.38,27.034545454545455,0.83,0.24545454545454548
C10120,4,336.9,84.225,0.6,0.22249999999999998
C02246,1,92.03,92.03,0.2,0.2
C04002,5,676.46,135.292,0.15,0.05600000000000001
C01278,1,30.96,30.96,0.06,0.06
C12242,1,49.92,49.92,0.24,0.24
C01848,3,195.07999999999998,65.02666666666666,0.3,0.13999999999999999
C04036,1,179.9,179.9,0.41,0.41
C03747,3,201.98000000000002,67.32666666666667,0.39,0.27999999999999997
C02530,10,8659.07,865.9069999999999,0.28,0.135
C11681,5,514.75,102.95,0.27,0.17
C12374,1,11.12,11.12,0.09,0.09
C09853,10,876.46,87.646,0.31,0.17099999999999999
C06029,13,3090.6800000000003,237.7446153846154,0.33,0.10615384615384614
C09158,6,174.76,29.126666666666665,0.38,0.21666666666666667
C01795,7,518.97,74.13857142857144,0.29,0.16428571428571428
C01404,1,162.38,162.38,0.03,0.03
C03200,2,149.49,74.745,0.58,0.315
C10853,12,2247.04,187.25333333333333,0.76,0.1925
C06734,6,491.4,81.89999999999999,0.32,0.17333333333333334
C01457,2,170.02,85.01,0.21,0.13
C01382,2,138.03,69.015,0.05,0.045
C07737,1,203.09,203.09,0.28,0.28
C06463,4,73.75999999999999,18.439999999999998,0.24,0.16249999999999998
C06090,1,5.81,5.81,0.03,0.03
C03266,12,1958.81,163.23416666666665,0.51,0.12833333333333333
C08378,3,194.11,64.70333333333333,0.25,0.11
C11345,2,43.4,21.7,0.12,0.1
C02297,3,48.449999999999996,16.15,0.14,0.09666666666666668
C01637,2,90.32,45.16,0.17,0.14500000000000002
C13347,4,412.4,103.1,0.3,0.19749999999999998
C07956,5,228.45,45.69,0.3,0.154
C05966,4,555.74,138.935,0.14,0.0925
C08973,1,109.63,109.63,0.05,0.05
C08501,1,472.03,472.03,0.03,0.03
C00038,16,1009.47,63.091875,0.27,0.140625
C01003,1,1244.38,1244.38,0.6,0.6
C01715,6,740.7,123.45,0.37,0.21166666666666667
C00355,4,249.51,62.3775,0.11,0.065
C06609,4,283.1,70.775,0.26,0.16999999999999998
C00729,1,28.97,28.97,0.09,0.09
C05871,8,1900.08,237.51,0.42,0.22875
C10225,31,2150.04,69.35612903225807,0.31,0.1167741935483871
C08335,1,108.02,108.02,0.12,0.12
C00809,4,273.92,68.48,0.25,0.17
C01257,7,390.86,55.83714285714286,0.26,0.10714285714285714
C09787,9,831.56,92.39555555555555,0.57,0.21444444444444444
C03226,9,1244.35,138.2611111111111,0.27,0.11555555555555556
C06801,3,542.87,180.95666666666668,0.67,0.24000000000000002
C10700,5,306.01,61.202,0.42,0.23199999999999998
C10462,2,107.96,53.98,0.11,0.06
C05633,13,1445.68,111.20615384615385,0.35,0.16846153846153847
C05608,2,300.9,150.45,0.3,0.2
C00565,3,221.84,73.94666666666667,0.17,0.13
C00100,1,58.84,58.84,0.04,0.04
C11982,16,1840.33,115.020625,0.31,0.10625
C03900,7,302.04,43.14857142857143,0.16,0.08857142857142856
C09775,1,125.01,125.01,0.11,0.11
C00939,8,176.88,22.11,0.52,0.18625
C02078,1,107.96,107.96,0.02,0.02
C13411,11,2944.81,267.71,0.73,0.16363636363636364
C02651,1,139.65,139.65,0.07,0.07
C02880,9,3146.7099999999996,349.6344444444444,0.22,0.11333333333333334
C07588,4,199.92000000000002,49.980000000000004,0.29,0.1325
C04541,8,563.67,70.45875,0.38,0.115
C08792,2,95.41,47.705,0.16,0.085
C11561,11,858.1899999999999,78.01727272727273,0.39,0.13454545454545455
C02868,32,2908.18,90.880625,0.38,0.1209375
C12422,1,590.92,590.92,0.26,0.26
C06792,2,60.92,30.46,0.22,0.215
C12035,3,85.02,28.34,0.45,0.22
C10658,1,49.46,49.46,0.09,0.09
C02752,2,84.55,42.275,0.11,0.10500000000000001
C01318,1,58.0,58.0,0.15,0.15
C12480,2,105.58000000000001,52.790000000000006,0.22,0.185
C04641,2,216.95999999999998,108.47999999999999,0.33,0.28
C09878,6,405.7,67.61666666666666,0.26,0.15666666666666665
C04226,1,13.12,13.12,0.08,0.08
C11703,3,1333.99,444.66333333333336,0.15,0.06
C12610,5,297.19,59.438,0.4,0.154
C00964,1,78.44,78.44,0.23,0.23
C10441,5,114.14999999999999,22.83,0.18,0.10600000000000001
C04538,4,400.08,100.02,0.7,0.40249999999999997
C02602,1,39.0,39.0,0.17,0.17
C00024,2,1394.8799999999999,697.4399999999999,0.11,0.07
C08437,4,307.96999999999997,76.99249999999999,0.37,0.16249999999999998
C10481,6,348.78,58.129999999999995,0.25,0.12
C05391,8,2070.03,258.75375,0.43,0.20750000000000002
C11676,1,205.02,205.02,0.07,0.07
C08529,2,194.0,97.0,0.16,0.095
C09815,1,42.86,42.86,0.01,0.01
C06048,3,287.02,95.67333333333333,0.06,0.02666666666666667
C06651,2,87.11,43.555,0.14,0.13
C11211,3,153.35,51.11666666666667,0.15,0.08666666666666667
C05143,1,5.1,5.1,0.13,0.13
C11978,1,108.02,108.02,0.04,0.04
C02178,1,29.08,29.08,0.09,0.09
C11563,2,89.97,44.985,0.36,0.22499999999999998
C10408,4,749.8299999999999,187.45749999999998,0.27,0.22
C10124,4,1488.98,372.245,0.18,0.105
C11697,4,360.83,90.2075,0.16,0.1075
C09154,9,197.39,21.932222222222222,0.84,0.2
C11538,1,54.53,54.53,0.2,0.2
C06186,5,1275.27,255.054,0.35,0.13999999999999999
C00618,3,330.87,110.29,0.18,0.13999999999999999
C08322,4,390.04,97.51,0.51,0.2625
C00960,2,274.93,137.465,0.04,0.035
C05904,6,788.8299999999999,131.47166666666666,0.27,0.08166666666666667
C01838,7,994.26,142.03714285714287,0.14,0.08285714285714287
C09014,1,117.04,117.04,0.08,0.08
C10196,6,244.64,40.77333333333333,0.35,0.17166666666666666
C12461,1,24.09,24.09,0.35,0.35
C02992,2,34.05,17.025,0.16,0.11
C11156,1,850.99,850.99,0.15,0.15
C01833,1,500.06,500.06,0.45,0.45
C04022,2,299.95,149.975,0.38,0.23
C09205,3,214.9,71.63333333333334,0.21,0.11333333333333333
C06490,6,677.14,112.85666666666667,0.22,0.09666666666666668
C09284,8,491.81,61.47625,0.25,0.10625000000000001
C09675,9,916.8199999999999,101.86888888888888,0.32,0.15666666666666668
C05099,3,469.89,156.63,0.34,0.1366666666666667
C10543,2,410.45,205.225,0.73,0.435
C06172,7,371.65999999999997,53.09428571428571,0.11,0.08142857142857143
C07440,1,160.99,160.99,0.1,0.1
C05526,1,75.04,75.04,0.03,0.03
C12679,2,58.629999999999995,29.314999999999998,0.23,0.17
C08513,5,598.96,119.792,0.27,0.144
C04443,1,141.08,141.08,0.28,0.28
C07100,3,323.88,107.96,0.4,0.20333333333333337
C06412,4,232.82,58.205,0.32,0.1625
C06807,1,15.69,15.69,0.05,0.05
C03940,7,455.31,65.04428571428572,0.55,0.14142857142857143
C04480,1,199.96,199.96,0.01,0.01
C11780,3,100.02,33.339999999999996,0.85,0.44333333333333336
C00463,1,25.02,25.02,0.08,0.08
C01211,2,107.36,53.68,0.45,0.31
C12318,1,100.05,100.05,0.15,0.15
C12048,1,9.19,9.19,0.2,0.2
C05983,3,120.27,40.089999999999996,0.15,0.09666666666666668
C02509,5,788.46,157.692,0.17,0.10600000000000001
C00392,5,211.77,42.354,0.12,0.06999999999999999
C10841,5,467.32,93.464,0.64,0.2
C04855,4,450.8,112.7,0.71,0.3325
C05539,33,1316.26,39.88666666666666,0.56,0.15545454545454546
C08162,3,1133.1399999999999,377.7133333333333,0.12,0.10999999999999999
C12179,2,78.11,39.055,0.13,0.07
C00970,1,59.04,59.04,0.01,0.01
C12196,1,150.01,150.01,0.01,0.01
C07120,1,25.04,25.04,0.08,0.08
C04594,1,124.97,124.97,0.3,0.3
C04109,3,120.01,40.00333333333334,0.18,0.13333333333333333
C09976,1,29.0,29.0,0.07,0.07
C07313,3,232.83999999999997,77.61333333333333,0.26,0.12
C02240,17,549.6899999999999,32.334705882352935,0.54,0.1923529411764706
C04815,1,583.97,583.97,0.01,0.01
C11793,3,174.07999999999998,58.026666666666664,0.24,0.11333333333333333
C07627,1,100.05,100.05,0.01,0.01
C13537,7,474.23,67.74714285714286,0.26,0.10571428571428572
C12773,1,300.03,300.03,0.37,0.37
C12669,2,214.14,107.07,0.05,0.045
C01552,6,1553.0900000000001,258.84833333333336,0.25,0.13333333333333333
C02299,1,67.39,67.39,0.03,0.03
C13412,6,855.87,142.645,0.22,0.13333333333333333
C04829,1,37.34,37.34,0.17,0.17
C08289,1,199.91,199.91,0.01,0.01
C03998,1,199.99,199.99,0.06,0.06
C09653,3,232.78,77.59333333333333,0.06,0.049999999999999996
C08592,9,384.03999999999996,42.67111111111111,0.48,0.17333333333333334
C09098,5,175.32,35.064,0.22,0.132
C01597,3,1030.98,343.66,0.27,0.19333333333333336
C03426,3,399.9,133.29999999999998,0.22,0.11666666666666665
C00467,5,322.41999999999996,64.484,0.3,0.13199999999999998
C02871,6,711.22,118.53666666666668,0.27,0.115
C09599,1,384.95,384.95,0.03,0.03
C00602,3,561.97,187.32333333333335,0.18,0.12333333333333334
C08514,8,1996.52,249.565,0.29,0.19625
C01293,1,57.98,57.98,0.31,0.31
C03887,2,159.93,79.965,0.2,0.13
C09005,2,811.1,405.55,0.3,0.28
C00441,1,30.48,30.48,0.06,0.06
C02770,7,11612.84,1658.9771428571428,0.31,0.12714285714285714
C03383,2,193.94,96.97,0.1,0.1
C13307,1,511.07,511.07,0.03,0.03
C02397,1,884.03,884.03,0.13,0.13
C03207,2,105.82000000000001,52.910000000000004,0.24,0.125
C08757,4,479.87,119.9675,0.18,0.13
C13508,2,118.18,59.09,0.24,0.18
C06544,2,208.9,104.45,0.34,0.225
C05334,1,52.56,52.56,0.07,0.07
C12926,1,16.51,16.51,0.1,0.1
C11018,1,17.73,17.73,0.27,0.27
C00517,2,319.73,159.865,0.22,0.135
C11582,1,54.48,54.48,0.08,0.08
C12080,2,141.99,70.995,0.12,0.09
C08724,1,209.91,209.91,0.14,0.14
C08683,3,212.96,70.98666666666666,0.1,0.06
C05524,9,3832.1,425.7888888888889,0.41,0.1311111111111111
C12798,1,109.02,109.02,0.16,0.16
C06047,5,539.55,107.91,0.26,0.166
C13288,1,50.05,50.05,0.09,0.09
C09313,2,83.78999999999999,41.894999999999996,0.09,0.049999999999999996
C12617,1,29.94,29.94,0.05,0.05
C09173,3,599.9300000000001,199.9766666666667,0.79,0.5966666666666667
C12400,3,246.66,82.22,0.44,0.19000000000000003
C07388,1,897.44,897.44,0.06,0.06
C02009,2,156.06,78.03,0.18,0.16999999999999998
C01920,3,142.44,47.48,0.15,0.09000000000000001
C06614,11,775.9599999999999,70.54181818181817,0.48,0.16181818181818183
C10903,2,116.9,58.45,0.1,0.1
C11240,2,175.96,87.98,0.25,0.2
C09797,45,5063.0599999999995,112.51244444444443,0.35,0.11911111111111111
C07994,1,50.05,50.05,0.13,0.13
C04592,7,1380.0,197.14285714285714,0.66,0.22142857142857145
C01021,3,165.07999999999998,55.026666666666664,0.23,0.12666666666666668
C06580,7,955.6999999999999,136.5285714285714,0.52,0.18714285714285714
C07446,3,510.11,170.03666666666666,0.26,0.15666666666666668
C13006,1,38.97,38.97,0.31,0.31
C07734,9,686.62,76.2911111111111,0.29,0.1288888888888889
C00347,1,38.98,38.98,0.17,0.17
C03328,2,178.2,89.1,0.05,0.030000000000000002
C05294,1,34.14,34.14,0.31,0.31
C05188,5,580.95,116.19000000000001,0.32,0.122
C09015,7,436.87,62.410000000000004,0.21,0.09857142857142856
C04565,9,1034.94,114.99333333333334,0.44,0.20333333333333334
C05009,6,702.25,117.04166666666667,0.16,0.075
C01854,3,685.0,228.33333333333334,0.04,0.03333333333333333
C12142,5,174.6,34.92,0.61,0.27399999999999997
C10475,2,98.65,49.325,0.15,0.15
C01608,5,1003.77,200.754,0.44,0.258
C01168,5,433.01,86.602,0.13,0.046
C04583,1,16.48,16.48,0.07,0.07
C10055,5,1150.1499999999999,230.02999999999997,0.48,0.292
C11689,3,129.84,43.28,0.13,0.07
C06643,3,27.3,9.1,0.08,0.04
C13452,4,229.93,57.4825,0.51,0.2175
C05863,11,4102.36,372.9418181818182,0.25,0.09636363636363637
C07290,16,7293.7,455.85625,0.24,0.094375
C02668,2,529.02,264.51,0.75,0.59
C09531,1,26.51,26.51,0.01,0.01
C10263,2,50.32,25.16,0.27,0.17
C09721,1,39.03,39.03,0.21,0.21
C07158,1,390.08,390.08,0.16,0.16
C00671,1,57.88,57.88,0.05,0.05
C05159,1,20.63,20.63,0.15,0.15
C07254,12,906.0600000000001,75.50500000000001,0.51,0.11083333333333334
C11977,2,274.96000000000004,137.48000000000002,0.22,0.175
C03525,2,481.06,240.53,0.03,0.02
C03032,2,203.54,101.77,0.39,0.20500000000000002
C10770,12,296.95,24.745833333333334,0.45,0.18583333333333332
C10652,3,534.1,178.03333333333333,0.25,0.1366666666666667
C11892,1,24.96,24.96,0.07,0.07
C07876,1,109.03,109.03,0.04,0.04
C13495,7,892.6,127.51428571428572,0.15,0.07285714285714286
C05715,12,4277.29,356.44083333333333,0.32,0.15416666666666665
C12878,1,1653.82,1653.82,0.14,0.14
C11273,3,176.88,58.96,0.14,0.08666666666666667
C13218,4,397.87,99.4675,0.81,0.2475
C02313,3,286.94,95.64666666666666,0.48,0.2233333333333333
C03540,24,2157.81,89.90875,0.66,0.1775
C00861,4,335.78999999999996,83.94749999999999,0.09,0.042499999999999996
C04774,1,28.93,28.93,0.37,0.37
C00789,3,142.52,47.50666666666667,0.09,0.06666666666666667
C05032,12,5395.21,449.60083333333336,0.52,0.14666666666666667
C10863,7,702.89,100.41285714285713,0.19,0.12571428571428572
C12603,1,150.08,150.08,0.25,0.25
C07830,1,92.0,92.0,0.38,0.38
C11243,1,118.9,118.9,0.01,0.01
C04177,3,41.63,13.876666666666667,0.26,0.17333333333333334
C09609,3,3961.88,1320.6266666666668,0.22,0.14666666666666667
C08629,6,3765.24,627.54,0.2,0.10333333333333333
C09316,2,1250.07,625.035,0.17,0.13
C01775,5,4259.9,851.9799999999999,0.38,0.13
C11849,1,108.59,108.59,0.15,0.15
C11839,5,345.9,69.17999999999999,0.08,0.038
C04363,1,98.04,98.04,0.05,0.05
C10496,6,658.4,109.73333333333333,0.6,0.35000000000000003
C12067,2,117.09,58.545,0.14,0.125
C00271,6,1642.55,273.7583333333333,0.19,0.10666666666666667
C00979,2,400.01,200.005,0.05,0.035
C03034,1,37.92,37.92,0.22,0.22
C02329,1,24.93,24.93,0.01,0.01
C01842,4,465.45,116.3625,0.3,0.145
C05897,3,95.45,31.816666666666666,0.15,0.07333333333333333
C04742,12,744.25,62.020833333333336,0.81,0.2525
C03138,3,163.09,54.36333333333334,0.17,0.1366666666666667
C00569,12,406.40999999999997,33.8675,0.47,0.165
C01498,2,69.72,34.86,0.11,0.11
C05660,1,15.11,15.11,0.21,0.21
C05468,8,387.69,48.46125,0.25,0.1075
C02039,2,264.36,132.18,0.18,0.175
C10534,7,781.97,111.71000000000001,0.23,0.10714285714285714
C01853,3,139.93,46.64333333333334,0.05,0.03666666666666667
C12782,4,70.08,17.52,0.09,0.0675
C03338,6,853.38,142.23,0.11,0.05333333333333334
C13471,5,67.2,13.440000000000001,0.39,0.144
C05414,8,1061.96,132.745,0.32,0.14375
C03322,1,49.97,49.97,0.67,0.67
C02445,33,1734.23,52.552424242424244,0.84,0.15303030303030302
C08938,1,37.45,37.45,0.06,0.06
C06691,1,53.97,53.97,0.02,0.02
C07833,2,270.92,135.46,0.05,0.035
C08828,2,91.00999999999999,45.504999999999995,0.26,0.2
C05431,1,245.92,245.92,0.2,0.2
C08362,2,59.89,29.945,0.07,0.05500000000000001
C11942,35,3341.7200000000003,95.4777142857143,0.4,0.12085714285714287
C01218,24,4282.62,178.4425,0.58,0.16125
C10991,4,726.86,181.715,0.09,0.06
C04966,4,352.12,88.03,0.22,0.0775
C00027,6,310.3,51.71666666666667,0.42,0.12833333333333333
C08079,2,164.99,82.495,0.14,0.085
C03895,1,43.2,43.2,0.11,0.11
C12385,2,174.97,87.485,0.34,0.18000000000000002
C02491,3,503.41,167.80333333333334,0.09,0.08333333333333333
C10342,1,141.05,141.05,0.12,0.12
C02661,3,114.96000000000001,38.32,0.09,0.06666666666666667
C06938,2,175.93,87.965,0.29,0.185
C12814,3,167.03,55.67666666666667,0.24,0.11
C11634,2,87.78,43.89,0.22,0.13
C06181,6,604.8,100.8,0.42,0.17666666666666667
C07003,1,20.98,20.98,0.52,0.52
C00745,1,5.7,5.7,0.85,0.85
C06176,6,1461.8700000000001,243.645,0.35,0.11499999999999999
C01707,3,365.83,121.94333333333333,0.41,0.14666666666666664
C00596,6,748.9300000000001,124.82166666666667,0.21,0.085
C04268,3,107.94,35.98,0.15,0.10333333333333333
C06411,2,144.77,72.385,0.14,0.1
C00968,2,71.39,35.695,0.06,0.04
C05546,3,300.07,100.02333333333333,0.25,0.09666666666666666
C13404,1,882.01,882.01,0.33,0.33
C11501,6,1592.7,265.45,0.23,0.10666666666666667
C02052,3,330.76,110.25333333333333,0.24,0.12
C12576,1,57.93,57.93,0.31,0.31
C02408,4,404.96000000000004,101.24000000000001,0.25,0.135
C00923,1,444.91,444.91,0.12,0.12
C08794,2,34.42,17.21,0.12,0.105
C00146,1,63.45,63.45,0.07,0.07
C07117,10,855.9200000000001,85.59200000000001,0.36,0.153
C04943,15,562.3199999999999,37.48799999999999,0.52,0.216
C09228,11,244.34,22.212727272727275,0.34,0.13363636363636364
C05960,1,41.69,41.69,0.14,0.14
C05668,1,25.01,25.01,0.23,0.23
C00841,3,279.49,93.16333333333334,0.59,0.2733333333333333
C07059,4,97.83,24.4575,0.17,0.1275
C08101,1,209.93,209.93,0.23,0.23
C13276,1,334.96,334.96,0.08,0.08
C08600,5,301.73,60.346000000000004,0.21,0.13399999999999998
C05421,1,49.04,49.04,0.04,0.04
C06779,2,624.02,312.01,0.85,0.7
C05998,7,172.61,24.65857142857143,0.58,0.21714285714285714
C05291,3,339.46999999999997,113.15666666666665,0.24,0.13333333333333333
C09107,2,845.8600000000001,422.93000000000006,0.2,0.165
C11564,1,44.58,44.58,0.01,0.01
C11300,4,368.18,92.045,0.24,0.185
C01906,1,108.46,108.46,0.02,0.02
C08812,7,3213.27,459.0385714285714,0.65,0.3
C12464,2,55.93,27.965,0.23,0.125
C07684,2,317.87,158.935,0.11,0.06
C10236,1,29.04,29.04,0.2,0.2
C12435,1,199.92,199.92,0.04,0.04
C04354,1,10.0,10.0,0.09,0.09
C09132,11,1388.38,126.21636363636365,0.49,0.22
C09516,3,137.13,45.71,0.33,0.19000000000000003
C11604,2,900.04,450.02,0.16,0.14500000000000002
C02757,2,77.13,38.565,0.1,0.09
C11268,5,288.61,57.722,0.13,0.10800000000000001
C10282,1,117.02,117.02,0.21,0.21
C00351,1,75.48,75.48,0.19,0.19
C01177,2,146.08,73.04,0.23,0.12000000000000001
C09223,4,601.06,150.265,0.09,0.05
C07404,2,15.79,7.895,0.2,0.14
C00552,1,21.69,21.69,0.2,0.2
C09832,2,342.02,171.01,0.06,0.05
C06455,6,202.53,33.755,0.32,0.18999999999999997
C12880,2,120.59,60.295,0.13,0.095
C08787,1,205.98,205.98,0.1,0.1
C00151,2,276.03999999999996,138.01999999999998,0.43,0.265
C05113,4,71.99,17.9975,0.4,0.20500000000000002
C09616,2,149.94,74.97,0.5,0.4
C05315,1,24.96,24.96,0.09,0.09
C09231,11,1450.06,131.82363636363635,0.91,0.35818181818181816
C09488,2,299.98,149.99,0.21,0.11
C08053,1,29.08,29.08,0.23,0.23
C10486,4,116.41,29.1025,0.44,0.195
C03788,5,167.51,33.501999999999995,0.27,0.154
C09888,2,204.06,102.03,0.31,0.165
C04416,3,200.95,66.98333333333333,0.14,0.09333333333333334
C08642,2,99.99000000000001,49.995000000000005,0.24,0.16999999999999998
C07399,1,59.0,59.0,0.09,0.09
C03848,9,2499.98,277.77555555555557,0.89,0.3888888888888889
C08937,1,54.39,54.39,0.04,0.04
C02129,3,599.97,199.99,0.07,0.04666666666666667
C02325,1,308.86,308.86,0.18,0.18
C04050,1,221.98,221.98,0.05,0.05
C05937,6,499.92,83.32000000000001,0.25,0.16833333333333333
C11713,1,26.77,26.77,0.53,0.53
C03863,1,200.04,200.04,0.15,0.15
C11412,4,533.8199999999999,133.45499999999998,0.2,0.11750000000000001
C06353,3,158.52,52.84,0.17,0.10666666666666667
C11707,5,1516.0,303.2,0.32,0.152
C04912,3,250.08,83.36,0.56,0.3066666666666667
C01732,2,316.4,158.2,0.08,0.07500000000000001
C04368,4,236.24,59.06,0.13,0.085
C06497,3,283.1,94.36666666666667,0.27,0.1466666666666667
C00656,1,100.07,100.07,0.1,0.1
C00262,5,462.71,92.542,0.14,0.05600000000000001
C02696,3,6653.96,2217.9866666666667,0.22,0.15
C08049,6,234.56,39.093333333333334,0.49,0.13999999999999999
C05783,3,229.51000000000002,76.50333333333334,0.08,0.05000000000000001
C03760,2,144.07999999999998,72.03999999999999,0.3,0.215
C09944,7,1780.67,254.3814285714286,0.26,0.11
C10950,1,107.94,107.94,0.01,0.01
C05800,6,1086.15,181.025,0.26,0.15166666666666667
C11276,7,506.38,72.34,0.34,0.14857142857142858
C10733,1,249.99,249.99,0.55,0.55
C05570,1,72.09,72.09,0.04,0.04
C07080,7,306.79,43.82714285714286,0.55,0.19714285714285715
C12556,3,701.9200000000001,233.97333333333336,0.26,0.15333333333333335
C05180,2,943.26,471.63,0.08,0.05
C03221,1,58.91,58.91,0.09,0.09
C10549,2,111.91,55.955,0.3,0.16499999999999998
C04315,1,170.95,170.95,0.03,0.03
C03765,3,1379.94,459.98,0.58,0.29
C07720,2,344.88,172.44,0.21,0.195
C13133,1,25.87,25.87,0.09,0.09
C06191,5,278.03000000000003,55.60600000000001,0.31,0.088
C02694,1,58.99,58.99,0.11,0.11
C00370,5,233.2,46.64,0.32,0.14200000000000002
C03543,1,14.79,14.79,0.4,0.4
C13314,4,181.38,45.345,0.37,0.1575
C03243,1,151.09,151.09,0.1,0.1
C06924,2,116.15,58.075,0.61,0.35
C02707,2,32.05,16.025,0.59,0.315
C00766,2,393.96,196.98,0.33,0.24
C03442,1,363.04,363.04,0.48,0.48
C06673,2,99.93,49.965,0.74,0.43
C08923,6,925.6600000000001,154.27666666666667,0.25,0.14833333333333334
C00084,2,75.46000000000001,37.730000000000004,0.18,0.16999999999999998
C06525,1,18.46,18.46,0.15,0.15
C02396,4,737.02,184.255,0.27,0.1375
C10608,15,3070.1099999999997,204.67399999999998,0.37,0.14666666666666667
C02534,3,85.00999999999999,28.336666666666662,0.28,0.10333333333333335
C10917,5,183.03,36.606,0.24,0.10400000000000001
C00032,2,350.1,175.05,0.45,0.29000000000000004
C02679,1,50.0,50.0,0.11,0.11
C10604,2,139.18,69.59,0.26,0.15
C00309,7,694.16,99.16571428571429,0.21,0.06
C04065,2,43.02,21.51,0.15,0.14500000000000002
C08550,1,49.95,49.95,0.01,0.01
C05437,4,317.89,79.4725,0.17,0.1
C04713,6,702.1,117.01666666666667,0.39,0.2383333333333333
C01769,3,730.93,243.64333333333332,0.41,0.19999999999999998
C09121,3,260.8,86.93333333333334,0.59,0.34
C02184,1,11.58,11.58,0.16,0.16
C08901,1,112.95,112.95,0.04,0.04
C03777,8,1271.06,158.8825,0.8,0.28375
C04153,2,88.14,44.07,0.16,0.09
C09281,1,99.99,99.99,0.12,0.12
C02404,16,1156.31,72.269375,0.9,0.175
C00993,14,7036.89,502.63500000000005,0.34,0.16142857142857145
C02340,4,177.7,44.425,0.27,0.14
C11316,2,114.47,57.235,0.06,0.05
C00763,6,588.89,98.14833333333333,0.22,0.08666666666666667
C07394,5,183.92000000000002,36.784000000000006,0.77,0.344
C03590,1,213.15,213.15,0.28,0.28
C06633,13,3209.71,246.90076923076924,0.27,0.12000000000000001
C11394,1,554.01,554.01,0.11,0.11
C04609,3,122.13,40.71,0.43,0.24
C06833,6,897.75,149.625,0.4,0.22333333333333336
C04633,11,2277.37,207.03363636363636,0.36,0.14363636363636365
C07541,2,44.150000000000006,22.075000000000003,0.66,0.36
C01720,11,678.11,61.64636363636364,0.47,0.1809090909090909
C00334,1,77.5,77.5,0.41,0.41
C10335,2,533.95,266.975,0.13,0.125
C00006,3,235.07,78.35666666666667,0.38,0.16
C11403,4,517.65,129.4125,0.12,0.08499999999999999
C01889,1,200.09,200.09,0.08,0.08
C05344,1,1507.93,1507.93,0.34,0.34
C05017,4,223.49,55.8725,0.32,0.19
C00297,3,100.22999999999999,33.41,0.33,0.14333333333333334
C13222,1,249.91,249.91,0.22,0.22
C11036,2,76.89,38.445,0.29,0.24
C07372,7,283.81,40.544285714285714,0.28,0.09714285714285716
C00222,6,827.9000000000001,137.98333333333335,0.21,0.09833333333333334
C03916,6,810.87,135.145,0.31,0.17833333333333334
C00376,2,661.8900000000001,330.94500000000005,0.13,0.08
C01249,3,171.06,57.02,0.17,0.11666666666666665
C04289,1,146.09,146.09,0.21,0.21
C01100,1,99.99,99.99,0.01,0.01
C07218,1,145.93,145.93,0.11,0.11
C10931,3,2054.91,684.9699999999999,0.17,0.1366666666666667
C02710,1,140.91,140.91,0.18,0.18
C10407,2,833.11,416.555,0.06,0.04
C11616,6,345.52,57.586666666666666,0.24,0.12
C10920,8,688.65,86.08125,0.38,0.13625
C03984,3,156.73,52.24333333333333,0.3,0.17666666666666667
C05711,1,100.05,100.05,0.03,0.03
C11039,9,535.4300000000001,59.49222222222223,0.29,0.10888888888888888
C06382,1,899.94,899.94,0.07,0.07
C07675,1,43.98,43.98,0.05,0.05
C13481,5,578.85,115.77000000000001,0.06,0.032
C12070,5,806.3,161.26,0.09,0.048
C01992,5,520.88,104.176,0.28,0.168
C09559,1,28.98,28.98,0.16,0.16
C12118,2,184.32999999999998,92.16499999999999,0.22,0.155
C08064,1,99.94,99.94,0.04,0.04
C05056,1,58.92,58.92,0.07,0.07
C01764,1,262.02,262.02,0.25,0.25
C11531,1,42.4,42.4,0.01,0.01
C01139,1,149.99,149.99,0.06,0.06
C08625,3,333.90999999999997,111.30333333333333,0.16,0.09000000000000001
C10304,6,595.3199999999999,99.21999999999998,0.21,0.12
C03244,1,42.96,42.96,0.03,0.03
C02685,5,486.14000000000004,97.22800000000001,0.52,0.20600000000000002
C06435,3,1360.07,453.3566666666666,0.19,0.12666666666666668
C02310,3,153.75,51.25,0.1,0.05000000000000001
C02351,2,1912.9899999999998,956.4949999999999,0.28,0.21000000000000002
C03970,2,75.44,37.72,0.11,0.09
C02745,14,2421.85,172.9892857142857,0.61,0.16357142857142856
C09970,1,19.97,19.97,0.07,0.07
C05100,5,717.65,143.53,0.2,0.096
C07640,9,729.02,81.00222222222222,0.43,0.14555555555555555
C08254,1,625.0,625.0,0.07,0.07
C02142,2,593.03,296.515,0.34,0.21000000000000002
C01825,4,212.88,53.22,0.19,0.0975
C00808,1,69.01,69.01,0.01,0.01
C04843,6,291.1,48.51666666666667,0.28,0.14
C00744,4,142.0,35.5,0.25,0.16499999999999998
C07777,1,42.5,42.5,0.05,0.05
C06428,9,812.39,90.26555555555555,0.89,0.18777777777777777
C00160,6,615.13,102.52166666666666,0.18,0.10999999999999999
C08081,3,103.47,34.49,0.18,0.09333333333333334
C07932,6,1062.99,177.165,0.52,0.21833333333333335
C12886,1,149.97,149.97,0.31,0.31
C06125,3,192.4,64.13333333333334,0.16,0.09666666666666666
C05322,1,99.99,99.99,0.03,0.03
C11178,4,823.0699999999999,205.76749999999998,0.12,0.0625
C10563,4,1224.83,306.2075,0.19,0.11750000000000001
C11210,10,327.90999999999997,32.791,0.24,0.098
C13467,9,1718.02,190.89111111111112,0.19,0.07888888888888888
C11327,9,468.8,52.08888888888889,0.19,0.06666666666666667
C05265,2,69.91,34.955,0.17,0.11000000000000001
C00818,10,891.78,89.178,0.41,0.221
C09367,3,367.0,122.33333333333333,0.12,0.08333333333333333
C06080,1,76.38,76.38,0.02,0.02
C08218,3,118.19,39.39666666666667,0.39,0.21
C04603,6,2529.51,421.58500000000004,0.19,0.10833333333333334
C01584,2,151.87,75.935,0.25,0.215
C09543,2,147.99,73.995,0.18,0.105
C03957,3,399.99,133.33,0.67,0.39333333333333337
C08481,1,108.49,108.49,0.11,0.11
C13395,1,499.95,499.95,0.11,0.11
C10413,3,165.03,55.01,0.05,0.03666666666666667
C08113,6,458.57,76.42833333333333,0.19,0.06833333333333334
C09392,5,662.9,132.57999999999998,0.15,0.057999999999999996
C04182,6,1121.6,186.9333333333333,0.73,0.20333333333333334
C06204,8,1212.83,151.60375,0.16,0.12
C04883,5,184.84,36.968,0.26,0.168
C12023,1,25.27,25.27,0.06,0.06
C06602,5,344.12,68.824,0.32,0.10600000000000001
C06561,6,515.13,85.855,0.34,0.17666666666666667
C02831,5,1700.0100000000002,340.00200000000007,0.71,0.184
C02074,13,1341.72,103.20923076923077,0.12,0.05230769230769231
C02422,2,2277.9500000000003,1138.9750000000001,0.8,0.52
C07188,1,108.43,108.43,0.04,0.04
C04542,1,99.93,99.93,0.12,0.12
C03780,5,676.45,135.29000000000002,0.21,0.13
C12836,2,93.94999999999999,46.974999999999994,0.2,0.155
C02163,7,426.57,60.93857142857143,0.29,0.10428571428571429
C13279,1,54.03,54.03,0.11,0.11
C09094,3,258.55,86.18333333333334,0.78,0.36000000000000004
C08571,1,373.92,373.92,0.18,0.18
C08771,4,367.79,91.9475,0.41,0.255
C04916,1,92.07,92.07,0.03,0.03
C04106,1,99.94,99.94,0.19,0.19
C13462,5,635.79,127.15799999999999,0.09,0.048
C12860,10,933.87,93.387,0.23,0.10700000000000001
C12153,3,187.08999999999997,62.36333333333332,0.12,0.08666666666666667
C12635,1,108.92,108.92,0.2,0.2
C09426,1,10.99,10.99,0.58,0.58
C01540,12,956.23,79.68583333333333,0.47,0.17916666666666667
C03144,9,651.8499999999999,72.42777777777776,0.79,0.27
C09258,2,92.71000000000001,46.355000000000004,0.2,0.135
C11030,3,248.82,82.94,0.1,0.08666666666666667
C13520,2,452.12,226.06,0.29,0.195
C11739,2,319.78,159.89,0.11,0.075
C01691,1,994.02,994.02,0.16,0.16
C01364,5,4643.89,928.778,0.16,0.076
C02107,3,402.97,134.32333333333335,0.16,0.09999999999999999
C01861,5,95.04,19.008000000000003,0.17,0.068
C00819,4,1077.3,269.325,0.43,0.215
C03921,7,1404.6299999999999,200.66142857142856,0.23,0.07428571428571429
C00661,1,127.59,127.59,0.16,0.16
C06456,5,377.76,75.55199999999999,0.22,0.098
C09774,2,57.44,28.72,0.08,0.045
C12052,3,600.03,200.01,0.22,0.19666666666666666
C04567,4,3242.7,810.675,0.17,0.11
C11009,9,1211.89,134.65444444444447,0.3,0.13333333333333333
C06298,3,306.18,102.06,0.35,0.19999999999999998
C04639,2,347.02,173.51,0.09,0.08499999999999999
C06636,2,54.72,27.36,0.26,0.135
C06771,1,100.09,100.09,0.26,0.26
C05914,2,195.51999999999998,97.75999999999999,0.06,0.04
C11420,4,268.93,67.2325,0.37,0.16999999999999998
C08129,4,415.78,103.945,0.12,0.08
C10671,1,30.87,30.87,0.08,0.08
C08508,13,1206.56,92.81230769230768,0.32,0.08230769230769232
C11559,2,107.93,53.965,0.22,0.115
C06813,5,820.51,164.102,0.19,0.126
C01379,1,44.47,44.47,0.07,0.07
C11149,4,850.72,212.68,0.23,0.1225
C03435,5,634.08,126.816,0.26,0.152
C05834,6,988.56,164.76,0.28,0.12833333333333333
C01649,5,663.0699999999999,132.61399999999998,0.52,0.22400000000000003
C05528,3,234.98,78.32666666666667,0.23,0.11333333333333334
C10300,2,870.8599999999999,435.42999999999995,0.16,0.095
C10384,11,415.0,37.72727272727273,0.34,0.15181818181818182
C11500,1,761.01,761.01,0.45,0.45
C06259,8,363.19,45.39875,0.17,0.08375
C10288,3,532.9100000000001,177.63666666666668,0.08,0.04666666666666667
C03106,1,20.03,20.03,0.05,0.05
C03385,4,766.12,191.53,0.81,0.22500000000000003
C10823,3,1278.98,426.32666666666665,0.35,0.24333333333333332
C07771,4,674.8399999999999,168.70999999999998,0.22,0.2
C12951,2,149.87,74.935,0.12,0.08
C03717,1,116.95,116.95,0.07,0.07
C02282,2,61.870000000000005,30.935000000000002,0.3,0.2
C08953,2,452.07,226.035,0.6,0.59
C05486,1,58.92,58.92,0.08,0.08
C09871,5,9538.8,1907.7599999999998,0.51,0.24
C06310,2,98.01,49.005,0.4,0.265
C04727,3,138.07,46.02333333333333,0.45,0.2966666666666667
C09996,3,325.74,108.58,0.72,0.39666666666666667
C03997,8,1250.02,156.2525,0.5,0.25125
C09630,2,229.91000000000003,114.95500000000001,0.14,0.135
C05239,3,176.04000000000002,58.68000000000001,0.69,0.3233333333333333
C02829,1,1834.45,1834.45,0.27,0.27
C00764,1,107.97,107.97,0.25,0.25
C06755,4,281.82,70.455,0.16,0.0775
C01273,1,226.07,226.07,0.19,0.19
C09594,2,234.0,117.0,0.02,0.015
C08196,2,25.38,12.69,0.48,0.31
C07609,5,737.19,147.43800000000002,0.36,0.184
C07493,2,464.05,232.025,0.13,0.08
C05940,6,255.18,42.53,0.33,0.09166666666666667
C11946,1,59.04,59.04,0.08,0.08
C04337,2,1608.52,804.26,0.12,0.08499999999999999
C01622,1,149.92,149.92,0.33,0.33
C02041,1,24.42,24.42,0.01,0.01
C00380,2,1194.05,597.025,0.31,0.22
C08583,10,1105.72,110.572,0.3,0.10900000000000001
C00138,2,425.07,212.535,0.33,0.17
C00508,9,1397.26,155.2511111111111,0.39,0.17666666666666667
C03764,1,210.03,210.03,0.03,0.03
C08418,7,1116.96,159.56571428571428,0.83,0.3757142857142857
C13409,1,59.05,59.05,0.02,0.02
C10940,3,455.01,151.67,0.22,0.09999999999999999
C01785,4,627.11,156.7775,0.08,0.06
C06231,3,190.74,63.580000000000005,0.4,0.15
C09523,2,149.95999999999998,74.97999999999999,0.17,0.16
C02596,1,39.49,39.49,0.16,0.16
C05775,2,234.02999999999997,117.01499999999999,0.41,0.3
C11999,5,126.5,25.3,0.43,0.176
C08891,6,953.8100000000001,158.96833333333333,0.09,0.045000000000000005
C06477,6,2744.75,457.4583333333333,0.37,0.12833333333333333
C11711,1,54.48,54.48,0.07,0.07
C11618,1,99.91,99.91,0.13,0.13
C01580,3,219.57,73.19,0.28,0.19333333333333336
C09168,1,58.95,58.95,0.02,0.02
C08098,1,35.82,35.82,0.19,0.19
C06484,5,650.99,130.198,0.2,0.092
C01134,5,3160.7200000000003,632.144,0.36,0.152
C01425,1,30.02,30.02,0.02,0.02
C09756,9,1493.42,165.93555555555557,0.31,0.16
C08025,3,545.95,181.98333333333335,0.31,0.15
C10301,1,25.01,25.01,0.04,0.04
C07497,5,3385.65,677.13,0.11,0.057999999999999996
C06698,3,558.03,186.01,0.24,0.17666666666666667
C11621,10,867.75,86.775,0.33,0.10500000000000001
C10188,2,208.43,104.215,0.09,0.075
C08819,4,713.9399999999999,178.48499999999999,0.31,0.145
C06530,6,1423.04,237.17333333333332,0.24,0.14166666666666666
C04996,1,662.48,662.48,0.01,0.01
C04802,1,2008.01,2008.01,0.34,0.34
C03475,8,1350.03,168.75375,0.62,0.15
C02103,1,116.93,116.93,0.48,0.48
C09287,19,773.41,40.705789473684206,0.78,0.24105263157894738
C01742,3,983.35,327.78333333333336,0.26,0.17333333333333334
C05806,4,212.05,53.0125,0.26,0.1375
C00397,8,566.54,70.8175,0.4,0.18
C05607,1,113.07,113.07,0.05,0.05
C11803,5,670.63,134.126,0.25,0.10800000000000001
C03874,2,175.51,87.755,0.13,0.075
C09639,3,146.95999999999998,48.98666666666666,0.38,0.19999999999999998
C11860,6,2671.73,445.28833333333336,0.39,0.14833333333333334
C03345,7,283.02,40.43142857142857,0.76,0.31857142857142856
C01093,3,129.89,43.29666666666666,0.16,0.11
C10275,2,834.01,417.005,0.08,0.065
C01752,2,90.03999999999999,45.019999999999996,0.09,0.08
C03419,1,38.95,38.95,0.05,0.05
C06809,5,300.89,60.178,0.27,0.126
C05754,1,50.04,50.04,0.02,0.02
C06154,1,38.98,38.98,0.24,0.24
C11410,1,25.95,25.95,0.1,0.1
C09333,3,284.37,94.79,0.18,0.14333333333333334
C00988,12,1565.08,130.42333333333332,0.48,0.115
C03619,1,299.95,299.95,0.02,0.02
C04456,6,769.87,128.31166666666667,0.17,0.07500000000000001
C06887,3,2120.69,706.8966666666666,0.13,0.06666666666666667
C00291,1,46.89,46.89,0.02,0.02
C04370,1,44.04,44.04,0.15,0.15
C06287,9,622.51,69.16777777777777,0.29,0.16555555555555557
C12481,3,156.91,52.303333333333335,0.35,0.22
C05657,9,874.94,97.21555555555557,0.65,0.16444444444444445
C04240,1,54.43,54.43,0.01,0.01
C13546,1,82.51,82.51,0.2,0.2
C12916,10,2251.77,225.177,0.32,0.091
C04560,4,431.61,107.9025,0.17,0.07
C03098,2,41.82,20.91,0.12,0.08
C04430,3,670.27,223.42333333333332,0.07,0.05000000000000001
C08804,3,526.21,175.40333333333334,0.3,0.15666666666666665
C01572,2,604.02,302.01,0.32,0.27
C08940,1,399.96,399.96,0.01,0.01
C00874,1,48.82,48.82,0.2,0.2
C00907,4,45.74,11.435,0.56,0.25250000000000006
C05646,1,24.93,24.93,0.01,0.01
C05436,4,488.05,122.0125,0.14,0.07
C02286,12,3201.61,266.80083333333334,0.31,0.15333333333333335
C02535,1,1725.37,1725.37,0.2,0.2
C03208,1,100.02,100.02,0.15,0.15
C07279,2,121.1,60.55,0.09,0.055
C00335,5,142.58,28.516000000000002,0.31,0.134
C03056,2,141.63,70.815,0.17,0.11000000000000001
C12076,1,100.06,100.06,0.14,0.14
C04587,3,45.04,15.013333333333334,0.61,0.3466666666666667
C06848,3,183.84,61.28,0.43,0.3666666666666667
C11939,1,53.72,53.72,0.15,0.15
C06357,6,371.71,61.95166666666666,0.25,0.07500000000000001
C09618,2,49.91,24.955,0.04,0.025
C11753,1,49.02,49.02,0.06,0.06
C07389,13,497.09999999999997,38.238461538461536,0.52,0.20153846153846156
C08387,1,1201.5,1201.5,0.04,0.04
C10874,2,225.0,112.5,0.11,0.09
C03365,1,200.04,200.04,0.17,0.17
C07110,7,755.28,107.89714285714285,0.76,0.29714285714285715
C07519,1,28.95,28.95,0.04,0.04
C10673,3,96.22,32.07333333333333,0.28,0.18666666666666668
C02638,1,44.52,44.52,0.22,0.22
C07255,2,219.65,109.825,0.44,0.225
C09603,5,1355.5,271.1,0.15,0.076
C02043,12,845.37,70.4475,0.46,0.15
C07915,1,97.03,97.03,0.14,0.14
C06649,1,149.99,149.99,0.29,0.29
C01089,1,272.0,272.0,0.93,0.93
C06387,3,714.94,238.31333333333336,0.12,0.06999999999999999
C13035,2,2524.25,1262.125,0.12,0.065
C06709,5,2539.4100000000003,507.88200000000006,0.24,0.10200000000000001
C03294,1,99.99,99.99,0.63,0.63
C05150,1,24.91,24.91,0.39,0.39
C07603,3,63.980000000000004,21.326666666666668,0.31,0.19666666666666668
C00102,1,150.99,150.99,0.04,0.04
C02551,1,48.07,48.07,0.23,0.23
C11272,5,97.98,19.596,0.78,0.396
C02028,7,307.08,43.86857142857143,0.41,0.1542857142857143
C06749,14,368.07,26.290714285714284,0.43,0.15142857142857144
C10306,1,199.97,199.97,0.12,0.12
C03573,3,53.64,17.88,0.1,0.06
C05447,1,100.07,100.07,0.7,0.7
C12116,1,47.94,47.94,0.14,0.14
C01739,1,15.81,15.81,0.29,0.29
C08355,2,208.99,104.495,0.62,0.46499999999999997
C00710,1,48.11,48.11,0.44,0.44
C07893,2,541.84,270.92,0.45,0.35
C00379,1,130.95,130.95,0.2,0.2
C12236,2,109.02000000000001,54.510000000000005,0.1,0.09
C05968,1,87.0,87.0,0.11,0.11
C13142,5,486.06000000000006,97.21200000000002,0.28,0.12200000000000003
C11491,13,2152.28,165.56,0.3,0.16538461538461538
C05242,1,99.92,99.92,0.03,0.03
C00972,4,78.71000000000001,19.677500000000002,0.26,0.135
C02665,3,94.75999999999999,31.586666666666662,0.07,0.05666666666666667
C11209,7,796.74,113.82000000000001,0.51,0.15
C08756,4,340.83000000000004,85.20750000000001,0.47,0.26
C08164,2,62.989999999999995,31.494999999999997,0.16,0.095
C04498,1,99.93,99.93,0.06,0.06
C07471,4,265.0,66.25,0.46,0.23500000000000001
C01734,10,809.28,80.928,0.43,0.146
C04757,9,1634.96,181.66222222222223,0.21,0.10333333333333333
C07539,1,33.14,33.14,0.02,0.02
C05445,10,949.3499999999999,94.93499999999999,0.36,0.10400000000000001
C02950,19,1451.58,76.39894736842105,0.3,0.11578947368421054
C00127,1,29.67,29.67,0.17,0.17
C02364,3,173.82,57.94,0.32,0.24666666666666667
C03879,8,644.63,80.57875,0.37,0.13125
C10492,11,2138.5699999999997,194.4154545454545,0.95,0.21545454545454545
C00814,8,998.6099999999999,124.82624999999999,0.26,0.125
C10959,13,2098.14,161.39538461538461,0.69,0.19153846153846152
C06216,6,210.51,35.085,0.38,0.14333333333333334
C00383,1,499.91,499.91,0.12,0.12
C06836,2,93.15,46.575,0.71,0.45999999999999996
C13305,16,802.12,50.1325,0.76,0.163125
C04964,4,190.11999999999998,47.529999999999994,0.25,0.1525
C07574,1,65.97,65.97,0.05,0.05
C11928,2,288.71000000000004,144.35500000000002,0.28,0.23
C08136,5,681.49,136.298,0.31,0.122
C05635,3,375.90999999999997,125.30333333333333,0.21,0.09333333333333334
C01832,2,560.89,280.445,0.12,0.06999999999999999
C08889,1,199.84,199.84,0.07,0.07
C08512,1,399.95,399.95,0.12,0.12
C12979,4,234.06,58.515,0.16,0.0975
C09016,1,554.0,554.0,0.15,0.15
C09335,2,334.43,167.215,0.21,0.16499999999999998
C10011,1,97.86,97.86,0.08,0.08
C00039,1,23.91,23.91,0.07,0.07
C11611,3,176.94,58.98,0.1,0.06333333333333334
C12303,6,255.1,42.516666666666666,0.28,0.17833333333333334
C00394,4,402.65999999999997,100.66499999999999,0.17,0.0875
C08525,1,67.37,67.37,0.1,0.1
C02443,1,19.95,19.95,0.3,0.3
C11094,5,177.78,35.556,0.2,0.08
C11972,5,50.58,10.116,0.24,0.156
C13353,1,78.84,78.84,0.2,0.2
C12477,2,165.91,82.955,0.3,0.215
C12252,1,188.0,188.0,0.05,0.05
C07142,1,150.08,150.08,0.05,0.05
C06115,75,26413.13,352.1750666666667,0.79,0.16266666666666668
C06877,1,73.01,73.01,0.18,0.18
C01975,26,2701.12,103.88923076923076,0.39,0.1373076923076923
C13458,2,96.00999999999999,48.004999999999995,0.03,0.03
C05567,8,408.01,51.00125,0.17,0.08
C01796,4,356.9,89.225,0.29,0.14250000000000002
C10743,1,645.01,645.01,0.09,0.09
C07318,3,373.46,124.48666666666666,0.29,0.12666666666666668
C13188,3,141.04,47.01333333333333,0.08,0.05666666666666667
C06521,1,58.93,58.93,0.02,0.02
C05529,1,54.56,54.56,0.01,0.01
C11184,1,49.93,49.93,0.2,0.2
C12106,1,647.93,647.93,0.03,0.03
C10490,3,50.980000000000004,16.993333333333336,0.15,0.07666666666666667
C04777,1,57.87,57.87,0.1,0.1
C05883,2,496.01,248.005,0.07,0.05
C04554,7,354.94,50.705714285714286,0.2,0.12571428571428572
C00117,1,25.09,25.09,0.14,0.14
C10463,1,834.99,834.99,0.03,0.03
C13017,1,141.06,141.06,0.1,0.1
C11747,2,36.9,18.45,0.83,0.43
C10252,1,64.04,64.04,0.08,0.08
C02963,6,751.52,125.25333333333333,0.32,0.14666666666666667
C06202,8,134.21,16.77625,0.31,0.13
C05908,1,41.61,41.61,0.17,0.17
C05121,2,275.87,137.935,0.79,0.47500000000000003
C10866,6,413.65,68.94166666666666,0.76,0.33
C05619,1,323.01,323.01,0.25,0.25
C08393,2,65.75,32.875,0.08,0.07
C00140,11,685.65,62.33181818181818,0.48,0.16
C08908,6,866.1899999999999,144.36499999999998,0.16,0.085
C06660,2,30.009999999999998,15.004999999999999,0.65,0.645
C01779,3,1056.89,352.2966666666667,0.19,0.12333333333333334
C03215,5,197.9,39.58,0.34,0.194
C07043,8,1772.79,221.59875,0.72,0.2925
C08952,1,300.06,300.06,0.05,0.05
C00448,7,453.73,64.81857142857143,0.23,0.09285714285714286
C04622,2,159.92000000000002,79.96000000000001,0.37,0.215
C09119,4,244.38,61.095,0.7,0.3525
C09715,6,132.94,22.156666666666666,0.37,0.18499999999999997
C07688,1,39.93,39.93,0.14,0.14
C11776,1,149.69,149.69,0.04,0.04
C01643,2,353.34000000000003,176.67000000000002,0.04,0.04
C04312,3,83.9,27.96666666666667,0.27,0.13333333333333333
C08428,1,58.97,58.97,0.06,0.06
C03822,2,345.44,172.72,0.32,0.19
C12636,6,132.11,22.018333333333334,0.21,0.10833333333333334
C06776,4,675.78,168.945,0.19,0.057499999999999996
C01687,1,40.03,40.03,0.04,0.04
C01819,4,161.95,40.4875,0.12,0.06
C11647,2,268.0,134.0,0.23,0.21500000000000002
C01911,1,645.01,645.01,0.04,0.04
C00389,1,22.66,22.66,0.19,0.19
C04466,2,2621.84,1310.92,0.12,0.105
C02724,8,921.94,115.2425,0.22,0.105
C02156,4,468.91999999999996,117.22999999999999,0.3,0.1675
C06069,1,606.29,606.29,0.09,0.09
C02649,2,258.95,129.475,0.09,0.049999999999999996
C12478,1,58.82,58.82,0.02,0.02
C12869,6,192.24,32.04,0.24,0.09500000000000001
C06034,6,472.75,78.79166666666667,0.21,0.11166666666666668
C10980,4,819.94,204.985,0.19,0.1225
C05407,1,24.9,24.9,0.13,0.13
C02730,5,566.16,113.232,0.26,0.176
C12112,1,43.95,43.95,0.34,0.34
C05388,3,189.93,63.31,0.74,0.30666666666666664
C01009,1,60.57,60.57,0.16,0.16
C06433,4,450.15000000000003,112.53750000000001,0.4,0.2475
C06869,2,267.95,133.975,0.21,0.11
C05593,1,94.47,94.47,0.7,0.7
C11060,2,316.92,158.46,0.27,0.17500000000000002
C04935,2,133.96,66.98,0.18,0.09999999999999999
C08379,2,174.03,87.015,0.44,0.245
C05429,4,259.8,64.95,0.66,0.24
C06560,1,4.77,4.77,0.16,0.16
C06100,14,1085.95,77.56785714285715,0.62,0.1542857142857143
C04728,8,1624.56,203.07,0.37,0.1175
C10500,9,989.21,109.91222222222223,0.44,0.14222222222222222
C04629,3,304.85,101.61666666666667,0.22,0.11
C05987,2,273.61,136.805,0.25,0.145
C01450,1,49.96,49.96,0.07,0.07
C05877,6,410.37,68.395,0.24,0.135
C07304,3,157.28,52.42666666666667,0.27,0.14666666666666667
C12708,4,624.9300000000001,156.23250000000002,0.18,0.145
C11569,5,936.5400000000001,187.30800000000002,0.15,0.074
C00512,8,403.67,50.45875,0.36,0.125
C01539,14,3624.41,258.88642857142855,0.35,0.10857142857142857
C08262,4,363.82,90.955,0.07,0.0325
C11169,1,325.07,325.07,0.04,0.04
C03073,1,99.96,99.96,0.05,0.05
C08639,1,56.52,56.52,0.19,0.19
C05373,3,87.03999999999999,29.013333333333332,0.24,0.18666666666666668
C05710,4,901.79,225.4475,0.44,0.195
C03735,2,239.1,119.55,0.11,0.075
C00462,2,374.96,187.48,0.09,0.049999999999999996
C06868,1,18.54,18.54,0.16,0.16
C04672,1,116.99,116.99,0.03,0.03
C06243,19,639.25,33.64473684210526,0.31,0.09526315789473684
C03395,1,799.16,799.16,0.09,0.09
C04561,11,16050.38,1459.1254545454544,0.31,0.14818181818181816
C00943,9,2624.25,291.5833333333333,0.15,0.06444444444444446
C00691,2,193.73,96.865,0.07,0.04
C06945,6,503.27,83.87833333333333,0.31,0.08666666666666667
C04718,2,349.06,174.53,0.08,0.05
C03700,3,149.91,49.97,0.13,0.07333333333333333
C01320,6,288.62,48.10333333333333,0.22,0.14333333333333334
C06832,6,729.72,121.62,0.26,0.10666666666666667
C07413,1,33.92,33.92,0.18,0.18
C11725,6,4115.02,685.8366666666667,0.31,0.15166666666666667
C04579,5,97.71000000000001,19.542,0.22,0.12
C12024,3,500.07,166.69,0.45,0.22
C02405,1,225.94,225.94,0.02,0.02
C03905,3,434.51,144.83666666666667,0.16,0.09999999999999999
C10471,4,183.76,45.94,0.19,0.09
C01591,6,352.01,58.66833333333333,0.15,0.056666666666666664
C07402,2,200.58999999999997,100.29499999999999,0.65,0.41500000000000004
C03677,1,212.92,212.92,0.12,0.12
C01418,13,1082.2,83.24615384615385,0.28,0.12538461538461537
C10508,1,399.93,399.93,0.57,0.57
C11064,6,4327.4,721.2333333333332,0.3,0.18833333333333332
C09541,2,113.44,56.72,0.28,0.14500000000000002
C13422,4,722.86,180.715,0.15,0.0875
C05722,1,50.03,50.03,0.31,0.31
C12769,4,341.71,85.4275,0.23,0.135
C02304,1,58.95,58.95,0.32,0.32
C04275,2,217.79,108.895,0.11,0.06
C03829,8,274.51,34.31375,0.84,0.5825
C12359,4,118.21000000000001,29.552500000000002,0.71,0.215
C04347,4,215.69,53.9225,0.26,0.1575
C07344,2,599.73,299.865,0.28,0.165
C06491,11,609.8199999999999,55.43818181818181,0.25,0.10818181818181817
C07569,3,190.9,63.63333333333333,0.13,0.08
C05721,1,74.98,74.98,0.27,0.27
C00581,1,610.51,610.51,0.06,0.06
C06753,1,28.69,28.69,0.12,0.12
C03492,4,292.1,73.025,0.55,0.2325
C00226,2,1280.02,640.01,0.05,0.04
C02172,2,269.83,134.915,0.1,0.085
C03915,3,112.41,37.47,0.09,0.07
C10810,3,511.05999999999995,170.35333333333332,0.13,0.09666666666666668
C09963,4,195.16,48.79,0.66,0.23
C01221,5,266.74,53.348,0.25,0.118
C09402,1,9.96,9.96,0.09,0.09
C03476,1,1064.15,1064.15,0.23,0.23
C03126,16,1005.77,62.860625,0.28,0.12562500000000001
C10797,1,96.94,96.94,0.05,0.05
C12810,9,244.61,27.178888888888892,0.57,0.1711111111111111
C07486,2,753.9599999999999,376.97999999999996,0.1,0.060000000000000005
C03369,2,377.13,188.565,0.31,0.18
C04396,1,225.98,225.98,0.18,0.18
C00718,3,237.96,79.32000000000001,0.33,0.20000000000000004
C08502,1,150.06,150.06,0.07,0.07
C10606,2,20.009999999999998,10.004999999999999,0.19,0.11
C12239,2,881.05,440.525,0.42,0.215
C09178,2,115.94999999999999,57.974999999999994,0.29,0.205
C02642,3,140.74,46.913333333333334,0.46,0.20666666666666667
C12675,9,1401.18,155.68666666666667,0.29,0.17555555555555558
C10847,7,768.09,109.72714285714287,0.25,0.15571428571428572
C04147,2,308.89,154.445,0.26,0.14
C02344,1,225.99,225.99,0.04,0.04
C06318,1,76.97,76.97,0.1,0.1
C05457,2,714.98,357.49,0.13,0.085
C00644,2,489.41999999999996,244.70999999999998,0.05,0.035
C03772,3,627.03,209.01,0.17,0.09000000000000001
C09953,8,1067.49,133.43625,0.32,0.16
C02284,1,117.06,117.06,0.84,0.84
C03873,3,616.24,205.41333333333333,0.18,0.08
C02326,1,299.98,299.98,0.41,0.41
C11222,9,620.8199999999999,68.97999999999999,0.24,0.14777777777777779
C08349,1,16.25,16.25,0.21,0.21
C03616,3,158.99,52.99666666666667,0.14,0.10000000000000002
C09233,1,16.14,16.14,0.04,0.04
C07434,1,261.91,261.91,0.08,0.08
C00987,3,351.06,117.02,0.23,0.15333333333333335
C10456,1,19.47,19.47,0.82,0.82
C11177,2,86.83,43.415,0.26,0.14
C10255,3,104.89,34.96333333333333,0.15,0.08333333333333333
C09484,2,233.99,116.995,0.07,0.05
C10556,2,856.98,428.49,0.19,0.1
C11878,1,32.01,32.01,0.04,0.04
C11105,2,112.78999999999999,56.394999999999996,0.21,0.16499999999999998
C08446,1,85.12,85.12,0.17,0.17
C01440,1,200.0,200.0,0.01,0.01
C08758,1,116.05,116.05,0.17,0.17
C10795,2,189.46,94.73,0.14,0.115
C08874,3,400.03999999999996,133.34666666666666,0.61,0.3466666666666667
C11314,3,964.6999999999999,321.56666666666666,0.39,0.24666666666666667
C02606,12,2845.69,237.14083333333335,0.61,0.18916666666666668
C01437,1,93.42,93.42,0.32,0.32
C03597,1,107.91,107.91,0.19,0.19
C05173,2,299.93,149.965,0.78,0.4
C00937,1,905.0,905.0,0.06,0.06
C11020,1,28.49,28.49,0.02,0.02
C00553,4,423.15999999999997,105.78999999999999,0.26,0.1775
C05356,1,28.92,28.92,0.14,0.14
C08844,3,210.51999999999998,70.17333333333333,0.15,0.12
C02886,11,1046.65,95.15,0.66,0.10636363636363635
C12456,1,225.96,225.96,0.01,0.01
C06436,1,48.91,48.91,0.09,0.09
C05888,1,116.91,116.91,0.21,0.21
C11196,2,299.96,149.98,0.73,0.425
C02713,2,176.0,88.0,0.06,0.034999999999999996
C07677,3,299.94,99.98,0.6,0.4066666666666667
C03009,1,334.95,334.95,0.15,0.15
C04652,2,117.99,58.995,0.12,0.09
C04733,1,129.99,129.99,0.22,0.22
C05434,1,13.88,13.88,0.18,0.18
C13420,3,1432.01,477.33666666666664,0.34,0.14333333333333334
C03209,5,165.89000000000001,33.178000000000004,0.19,0.12
C10895,1,26.73,26.73,0.78,0.78
C04450,1,200.01,200.01,0.84,0.84
C01522,3,841.99,280.66333333333336,0.18,0.10666666666666667
C00888,1,19.53,19.53,0.03,0.03
C10558,1,34.07,34.07,0.07,0.07
C10339,2,78.08,39.04,0.12,0.08
C05251,1,21.46,21.46,0.31,0.31
C13129,1,553.98,553.98,0.02,0.02
C10417,1,553.95,553.95,0.24,0.24
C06232,1,11.75,11.75,0.03,0.03
C00072,10,1480.1399999999999,148.01399999999998,0.34,0.133
C06570,2,108.13,54.065,0.2,0.11
C05350,1,113.02,113.02,0.49,0.49
C06690,2,165.97,82.985,0.08,0.055
C12508,1,111.96,111.96,0.15,0.15
C05774,3,102.69,34.23,0.27,0.17333333333333334
C11285,1,200.09,200.09,0.18,0.18
C12390,2,200.01,100.005,0.07,0.065
C03837,8,2354.1,294.2625,0.15,0.09125
C10328,10,885.78,88.578,0.8,0.359
C12659,1,58.93,58.93,0.01,0.01
C11328,2,89.44,44.72,0.09,0.08499999999999999
C02691,8,639.45,79.93125,0.29,0.14125
C05361,1,40.04,40.04,0.05,0.05
C04744,3,500.03000000000003,166.67666666666668,0.73,0.43333333333333335
C11937,2,399.98,199.99,0.67,0.65
C03956,1,22.6,22.6,0.05,0.05
C11321,11,607.39,55.21727272727273,0.53,0.18454545454545457
C11197,7,975.67,139.38142857142856,0.16,0.10714285714285714
C08990,32,3209.24,100.28875,0.32,0.1209375
C06102,4,343.04,85.76,0.2,0.11000000000000001
C01291,2,247.98000000000002,123.99000000000001,0.02,0.015
C05727,1,49.07,49.07,0.14,0.14
C13122,1,774.04,774.04,0.2,0.2
C09867,2,670.13,335.065,0.22,0.165
C01899,1,48.03,48.03,0.16,0.16
C03189,1,117.01,117.01,0.32,0.32
C01463,1,117.04,117.04,0.03,0.03
C03799,1,554.03,554.03,0.11,0.11
C09102,5,587.02,117.404,0.4,0.144
C06167,2,250.95,125.475,0.85,0.48
C11231,1,117.03,117.03,0.03,0.03
C07731,2,1137.98,568.99,0.12,0.06999999999999999
C06077,2,31.79,15.895,0.24,0.13999999999999999
C11893,1,91.91,91.91,0.3,0.3
C00256,3,1261.86,420.61999999999995,0.1,0.06333333333333334
C12281,5,501.45,100.28999999999999,0.19,0.096
C09156,1,116.93,116.93,0.01,0.01
C13465,3,130.86,43.620000000000005,0.55,0.3566666666666667
C03272,1,100.05,100.05,0.59,0.59
C00664,1,98.01,98.01,0.1,0.1
C07832,1,69.04,69.04,0.12,0.12
C07156,2,144.0,72.0,0.13,0.1
C10678,1,199.94,199.94,0.57,0.57
C06894,1,19.76,19.76,0.01,0.01
C04739,6,387.48,64.58,0.25,0.16333333333333333
C05804,3,437.95,145.98333333333332,0.34,0.15666666666666668
C13295,3,394.90999999999997,131.63666666666666,0.31,0.16
C08801,1,73.62,73.62,0.1,0.1
C08747,1,27.72,27.72,0.2,0.2
C10746,4,489.51,122.3775,0.78,0.445
C07193,4,294.0,73.5,0.19,0.0925
C12090,6,426.71,71.11833333333333,0.82,0.315
C06979,2,300.05,150.025,0.6,0.5
C03664,3,275.06,91.68666666666667,0.13,0.08666666666666667
C02895,5,342.07,68.414,0.2,0.11600000000000002
C01192,1,33.54,33.54,0.13,0.13
C10655,4,224.01,56.0025,0.23,0.1075
C00110,6,373.04,62.17333333333334,0.47,0.14166666666666666
C04971,1,74.97,74.97,0.03,0.03
C06118,7,624.85,89.26428571428572,0.68,0.23714285714285716
C02655,2,87.94,43.97,0.01,0.01
C05140,2,69.53999999999999,34.769999999999996,0.66,0.445
C08377,2,100.94999999999999,50.474999999999994,0.11,0.08
C10101,1,39.91,39.91,0.2,0.2
C03339,1,49.01,49.01,0.11,0.11
C06263,1,91.89,91.89,0.31,0.31
C07366,2,544.86,272.43,0.06,0.06
C01073,1,24.96,24.96,0.14,0.14
C08279,2,234.03,117.015,0.25,0.16999999999999998
C12130,1,1044.95,1044.95,0.02,0.02
C02063,9,5506.25,611.8055555555555,0.75,0.3188888888888889
C05939,3,262.08,87.36,0.25,0.18000000000000002
C05483,2,250.06,125.03,0.65,0.41000000000000003
C01882,3,125.17,41.723333333333336,0.31,0.14333333333333334
C02459,1,225.99,225.99,0.19,0.19
C08458,2,270.92,135.46,0.66,0.45
C10156,4,399.96,99.99,0.6,0.2025
C10074,3,185.03,61.67666666666667,0.18,0.14
C11877,2,475.85,237.925,0.01,0.01
C07538,1,96.04,96.04,0.2,0.2
C11967,17,2050.56,120.62117647058824,0.54,0.11823529411764708
C00404,2,1363.95,681.975,0.27,0.14
C13225,3,84.41,28.136666666666667,0.13,0.10000000000000002
C04338,2,300.14,150.07,0.05,0.045
C10119,6,684.93,114.15499999999999,0.32,0.18666666666666668
C07126,6,1373.5,228.91666666666666,0.34,0.15
C06733,23,4097.78,178.16434782608695,0.39,0.11043478260869566
C09783,3,123.27,41.089999999999996,0.39,0.19999999999999998
C03866,1,76.99,76.99,0.03,0.03
C09409,2,159.32999999999998,79.66499999999999,0.13,0.095
C01633,3,131.01,43.669999999999995,0.21,0.12
C08670,1,54.02,54.02,0.17,0.17
C07951,1,91.95,91.95,0.16,0.16
C11402,3,95.09,31.69666666666667,0.59,0.2733333333333333
C11827,1,15.05,15.05,0.16,0.16
C11457,10,486.58,48.658,0.49,0.132
C07447,1,226.0,226.0,0.02,0.02
C11040,6,570.04,95.00666666666666,0.58,0.27499999999999997
C00484,1,47.88,47.88,0.08,0.08
C00437,1,22.97,22.97,0.05,0.05
C09370,2,126.09,63.045,0.25,0.18
C12081,4,147.87,36.9675,0.69,0.3225
C03124,1,28.12,28.12,0.07,0.07
C00953,1,199.99,199.99,0.72,0.72
C09348,9,1329.7,147.74444444444444,0.36,0.1811111111111111
C13229,4,166.20000000000002,41.550000000000004,0.09,0.052500000000000005
C08846,18,1337.9,74.32777777777778,0.35,0.1511111111111111
C01228,1,58.02,58.02,0.48,0.48
C02035,4,462.03,115.5075,0.65,0.2125
C02494,1,213.08,213.08,0.18,0.18
C13169,1,30.25,30.25,0.11,0.11
C05151,3,325.7,108.56666666666666,0.21,0.09666666666666666
C09321,1,48.92,48.92,0.03,0.03
C03332,5,659.29,131.858,0.21,0.09
C04088,2,109.1,54.55,0.71,0.38
C12821,1,97.89,97.89,0.1,0.1
C07332,2,184.17000000000002,92.08500000000001,0.25,0.165
C07163,21,4446.84,211.75428571428571,0.55,0.16523809523809524
C06041,1,11.41,11.41,0.22,0.22
C04595,1,58.99,58.99,0.1,0.1
C00933,5,486.62,97.324,0.21,0.10600000000000001
C05511,4,140.64,35.16,0.64,0.23
C07469,1,200.02,200.02,0.78,0.78
C00261,1,24.44,24.44,0.01,0.01
C01265,1,108.43,108.43,0.07,0.07
C07973,8,1978.9699999999998,247.37124999999997,0.82,0.32
C07049,4,473.65,118.4125,0.34,0.225
C08189,1,117.01,117.01,0.32,0.32
C13504,1,200.01,200.01,0.29,0.29
C06752,7,820.81,117.25857142857141,0.47,0.16285714285714284
C06613,1,99.99,99.99,0.14,0.14
C04210,1,150.04,150.04,0.18,0.18
C10744,5,725.11,145.022,0.76,0.32199999999999995
C08468,1,37.75,37.75,0.01,0.01
C01037,2,399.98,199.99,0.14,0.115
C12524,2,267.83,133.915,0.39,0.255
C02183,11,1136.58,103.32545454545453,0.22,0.12454545454545456
C06393,4,394.75,98.6875,0.24,0.1275
C02927,2,87.99000000000001,43.995000000000005,0.28,0.26
C08910,5,864.42,172.884,0.24,0.096
C04677,7,1530.1100000000001,218.58714285714288,0.46,0.15571428571428572
C05945,1,349.05,349.05,0.02,0.02
C03074,1,62.61,62.61,0.15,0.15
C09948,3,300.08,100.02666666666666,0.16,0.09666666666666668
C06547,2,349.94,174.97,0.65,0.42500000000000004
C12714,1,49.01,49.01,0.11,0.11
C05216,1,10.88,10.88,0.41,0.41
C02875,11,911.98,82.90727272727273,0.19,0.08818181818181818
C04168,2,98.03,49.015,0.29,0.21999999999999997
C02150,3,250.12,83.37333333333333,0.19,0.08
C07958,7,1602.72,228.96,0.42,0.12999999999999998
C11899,1,1621.02,1621.02,0.06,0.06
C11641,1,25.01,25.01,0.09,0.09
C02522,1,14.91,14.91,0.15,0.15
C02021,1,10.06,10.06,0.08,0.08
C04821,1,171.0,171.0,0.05,0.05
C04888,1,29.16,29.16,0.11,0.11
C10539,1,23.42,23.42,0.19,0.19
C11478,3,225.88,75.29333333333334,0.32,0.19000000000000003
C10265,4,448.07,112.0175,0.18,0.09
C08881,2,100.11,50.055,0.12,0.11
C10681,5,1079.78,215.956,0.45,0.194
C00287,1,41.47,41.47,0.38,0.38
C12595,10,903.0799999999999,90.30799999999999,0.41,0.146
C06137,1,23.66,23.66,0.52,0.52
C10376,1,224.98,224.98,0.69,0.69
C04119,1,9.49,9.49,0.12,0.12
C08515,2,142.03,71.015,0.34,0.21000000000000002
C12010,1,35.84,35.84,0.21,0.21
C05541,2,109.59,54.795,0.65,0.34
C12228,3,70.03999999999999,23.346666666666664,0.41,0.32666666666666666
C03816,1,42.24,42.24,0.06,0.06
C03613,2,185.04,92.52,0.98,0.495
C01057,12,970.6299999999999,80.88583333333332,0.2,0.08916666666666667
C02287,28,644.84,23.03,0.81,0.1625
C13387,4,305.78,76.445,0.41,0.1825
C02620,1,150.01,150.01,0.15,0.15
C04704,2,141.82,70.91,0.05,0.045
C03653,1,150.07,150.07,0.12,0.12
C00830,2,98.85,49.425,0.04,0.025
C05523,1,37.61,37.61,0.01,0.01
C00123,1,53.44,53.44,0.04,0.04
C09309,1,145.97,145.97,0.1,0.1
C02550,2,252.1,126.05,0.3,0.28500000000000003
C08419,3,283.55,94.51666666666667,0.19,0.12
C00480,1,26.42,26.42,0.03,0.03
C11720,4,331.17,82.7925,0.19,0.115
C00548,1,11.57,11.57,0.08,0.08
C13121,1,44.92,44.92,0.06,0.06
C11151,2,36.46,18.23,0.09,0.049999999999999996
C11954,1,57.99,57.99,0.09,0.09
C07576,2,279.63,139.815,0.17,0.15500000000000003
C01829,1,264.55,264.55,0.24,0.24
C07746,1,100.03,100.03,0.15,0.15
C02175,3,703.9,234.63333333333333,0.27,0.19666666666666668
C01927,4,219.45,54.8625,0.17,0.10250000000000001
C10943,1,499.98,499.98,0.31,0.31
C06146,3,224.86,74.95333333333333,0.23,0.10333333333333333
C01991,10,603.09,60.309000000000005,0.31,0.16399999999999998
C00894,1,39.06,39.06,0.13,0.13
C00719,15,1728.35,115.22333333333333,0.26,0.10866666666666668
C02672,8,2082.82,260.3525,0.35,0.16499999999999998
C02195,1,554.01,554.01,0.07,0.07
C04902,2,100.07,50.035,0.67,0.34500000000000003
C03300,1,18.24,18.24,0.02,0.02
C09248,8,1999.3899999999999,249.92374999999998,0.29,0.17250000000000001
C07711,3,404.0,134.66666666666666,0.76,0.35000000000000003
C06816,1,68.98,68.98,0.31,0.31
C09341,3,833.75,277.9166666666667,0.03,0.016666666666666666
C02146,2,155.70999999999998,77.85499999999999,0.06,0.034999999999999996
C08187,2,216.66,108.33,0.81,0.505
C06526,2,325.85,162.925,0.04,0.025
C07005,1,200.0,200.0,0.27,0.27
C11267,5,1353.25,270.65,0.17,0.11000000000000001
C01968,10,82.61,8.261,0.35,0.13399999999999998
C12874,1,20.93,20.93,0.12,0.12
C07565,4,578.8000000000001,144.70000000000002,0.12,0.08499999999999999
C07557,11,1363.67,123.97000000000001,0.22,0.08181818181818182
C02229,1,99.96,99.96,0.22,0.22
C07045,3,182.49,60.830000000000005,0.26,0.11333333333333334
C12873,6,349.73,58.288333333333334,0.26,0.12166666666666666
C11682,2,1215.0,607.5,0.12,0.11
C08826,5,829.46,165.892,0.51,0.266
C07931,1,11.44,11.44,0.11,0.11
C09447,5,696.65,139.32999999999998,0.35,0.12999999999999998
C06647,5,1316.64,263.32800000000003,0.31,0.124
C07863,1,34.95,34.95,0.16,0.16
C12799,1,524.93,524.93,0.26,0.26
C05643,2,288.09000000000003,144.04500000000002,0.2,0.175
C04100,12,14400.26,1200.0216666666668,0.34,0.08583333333333333
C12129,2,397.03,198.515,0.24,0.21
C00075,1,149.94,149.94,0.4,0.4
C02113,5,312.86,62.572,0.35,0.1
C00530,2,102.98,51.49,0.14,0.11000000000000001
C10217,1,29.99,29.99,0.14,0.14
C03805,3,2250.21,750.07,0.6,0.23666666666666666
C10775,4,424.78,106.195,0.21,0.0725
C00311,4,217.68,54.42,0.09,0.052500000000000005
C03869,1,844.9,844.9,0.32,0.32
C02349,5,1273.07,254.61399999999998,0.21,0.10800000000000001
C02996,2,88.09,44.045,0.38,0.305
C13283,1,734.95,734.95,0.36,0.36
C04064,1,234.91,234.91,0.39,0.39
C12725,8,615.54,76.9425,0.36,0.1525
C05686,5,738.94,147.788,0.84,0.31399999999999995
C07285,3,148.82,49.60666666666666,0.2,0.11333333333333334
C08612,1,10.6,10.6,0.15,0.15
C00598,10,5574.35,557.4350000000001,0.41,0.127
C05226,3,213.88,71.29333333333334,0.23,0.18333333333333335
C12467,2,67.16999999999999,33.584999999999994,0.16,0.125
C03798,2,61.09,30.545,0.11,0.08499999999999999
C00666,9,517.91,57.54555555555555,0.41,0.17
C01929,5,310.4,62.08,0.83,0.41
C07155,1,51.07,51.07,0.04,0.04
C10511,2,229.03,114.515,0.17,0.10500000000000001
C00095,4,374.54,93.635,0.21,0.13
C04319,2,256.65,128.325,0.22,0.20500000000000002
C03482,2,587.66,293.83,0.3,0.155
C08149,6,323.77,53.961666666666666,0.28,0.14333333333333334
C09894,5,242.89,48.577999999999996,0.15,0.10400000000000001
C10987,4,395.82,98.955,0.42,0.245
C09434,1,76.05,76.05,0.13,0.13
C02729,3,328.81,109.60333333333334,0.37,0.13666666666666666
C04634,11,3609.2799999999997,328.1163636363636,0.29,0.16090909090909092
C01355,1,55.57,55.57,0.04,0.04
C04180,1,19.83,19.83,0.14,0.14
C10912,6,620.94,103.49000000000001,0.41,0.20333333333333334
C01652,7,1052.35,150.33571428571426,0.38,0.19571428571428573
C05382,1,48.72,48.72,0.57,0.57
C06219,1,34.14,34.14,0.16,0.16
C00575,3,746.9599999999999,248.98666666666665,0.17,0.07666666666666667
C01331,6,829.29,138.215,0.33,0.13999999999999999
C02544,1,39.23,39.23,0.02,0.02
C07801,4,365.05,91.2625,0.27,0.165
C00709,1,210.04,210.04,0.13,0.13
C07323,5,365.86,73.172,0.13,0.098
C03393,11,982.8199999999999,89.34727272727272,0.23,0.09545454545454546
C13414,10,309.51,30.951,0.94,0.569
C02414,2,76.7,38.35,0.16,0.09
C07912,1,25.09,25.09,0.14,0.14
C08277,1,54.06,54.06,0.29,0.29
C06459,7,880.89,125.84142857142857,0.3,0.09999999999999999
C13012,3,534.93,178.30999999999997,0.35,0.25
C00717,5,340.96,68.192,0.18,0.096
C10960,2,102.85,51.425,0.16,0.1
C11963,1,68.86,68.86,0.09,0.09
C12296,1,105.94,105.94,0.37,0.37
C05496,2,90.06,45.03,0.04,0.04
C05022,9,424.35999999999996,47.151111111111106,0.62,0.14444444444444446
C08710,4,1499.99,374.9975,0.43,0.26
C02348,10,626.9200000000001,62.69200000000001,0.38,0.124
C01024,1,16.87,16.87,0.21,0.21
C11848,7,689.0600000000001,98.43714285714286,0.17,0.08285714285714285
C06973,3,74.96000000000001,24.986666666666668,0.15,0.08333333333333333
C13260,10,1004.84,100.48400000000001,0.82,0.257
C08042,3,677.79,225.92999999999998,0.15,0.12666666666666668
C09142,4,251.1,62.775,0.15,0.095
C12685,3,69.80000000000001,23.26666666666667,0.39,0.24666666666666667
C03599,2,249.94,124.97,0.12,0.09
C08778,4,331.61,82.9025,0.23,0.095
C11829,2,107.93,53.965,0.33,0.22
C01873,2,1000.01,500.005,0.17,0.135
C04469,3,104.93,34.97666666666667,0.17,0.10333333333333335
C06249,2,45.89,22.945,0.34,0.21000000000000002
C01561,1,1779.89,1779.89,0.11,0.11
C07127,9,605.09,67.23222222222222,0.23,0.08555555555555555
C08274,3,126.99000000000001,42.330000000000005,0.08,0.06333333333333334
C03337,1,200.06,200.06,0.47,0.47
C06612,1,49.95,49.95,0.15,0.15
C13090,1,357.78,357.78,0.01,0.01
C06849,1,34.45,34.45,0.03,0.03
C12409,1,41.02,41.02,0.23,0.23
C00163,6,624.8299999999999,104.13833333333332,0.73,0.4383333333333333
C13441,2,50.64,25.32,0.18,0.175
C02161,1,24.5,24.5,0.12,0.12
C05156,2,65.68,32.84,0.17,0.135
C05989,3,600.04,200.01333333333332,0.28,0.16
C07589,1,108.04,108.04,0.14,0.14
C04910,1,38.91,38.91,0.31,0.31
C03547,4,154.38,38.595,0.21,0.1
C09843,3,234.93,78.31,0.21,0.12
C02727,16,3572.4300000000003,223.27687500000002,0.28,0.138125
C12089,1,49.0,49.0,0.01,0.01
C02758,3,314.95,104.98333333333333,0.2,0.16666666666666666
C08258,3,60.04,20.013333333333332,0.36,0.17333333333333334
C09041,1,116.96,116.96,0.02,0.02
C02586,6,5423.43,903.9050000000001,0.37,0.2233333333333333
C00109,1,149.93,149.93,0.22,0.22
C01384,3,144.76,48.25333333333333,0.09,0.07
C12475,5,266.9,53.379999999999995,0.39,0.166
C06748,1,52.75,52.75,0.07,0.07
C04577,2,115.93,57.965,0.13,0.075
C08755,540,77816.47,144.10457407407407,0.82,0.14451851851851852
C00699,1,39.54,39.54,0.27,0.27
C05757,4,5033.86,1258.465,0.12,0.0875
C09018,2,399.88,199.94,0.1,0.085
C10831,2,199.94,99.97,0.82,0.49
C01964,6,238.92,39.82,0.25,0.17
C05991,5,804.01,160.802,0.26,0.10800000000000001
C04779,1,99.99,99.99,0.09,0.09
C13435,1,464.74,464.74,0.1,0.1
C01206,5,548.79,109.758,0.41,0.13
C05696,3,310.13,103.37666666666667,0.42,0.21666666666666667
C00317,1,554.07,554.07,0.01,0.01
C10394,6,503.6,83.93333333333334,0.12,0.07833333333333332
C04894,19,1357.18,71.43052631578948,0.56,0.12157894736842105
C04482,2,171.63,85.815,0.37,0.29
C07112,1,335.06,335.06,0.13,0.13
C08601,13,541.38,41.644615384615385,0.76,0.16923076923076924
C05274,10,2015.1200000000001,201.512,0.26,0.13
C03948,1,210.95,210.95,0.11,0.11
C02904,3,575.9200000000001,191.97333333333336,0.11,0.06
C06462,2,222.07999999999998,111.03999999999999,0.42,0.33499999999999996
C05779,1,58.93,58.93,0.06,0.06
C09180,2,96.88,48.44,0.1,0.060000000000000005
C08151,3,127.14,42.38,0.13,0.06666666666666667
C11473,2,188.98000000000002,94.49000000000001,0.14,0.07500000000000001
C08992,1,39.93,39.93,0.01,0.01
C08651,1,42.73,42.73,0.14,0.14
C01194,8,249.89,31.23625,0.43,0.14625
C09217,3,164.82,54.94,0.36,0.15
C11994,1,174.95,174.95,0.07,0.07
C06714,2,324.56,162.28,0.05,0.04
C04214,3,54.93,18.31,0.64,0.24
C06474,1,109.82,109.82,0.75,0.75
C13483,1,99.92,99.92,0.07,0.07
C07710,2,66.38,33.19,0.15,0.105
C09504,3,293.01,97.67,0.3,0.15
C04881,2,449.87,224.935,0.26,0.19
C10095,3,97.07,32.35666666666666,0.04,0.023333333333333334
C05536,2,74.97,37.485,0.07,0.060000000000000005
C00078,3,401.93,133.97666666666666,0.15,0.10666666666666667
C01813,4,333.31,83.3275,0.13,0.085
C04159,2,4503.9,2251.95,0.18,0.11
C05252,6,819.59,136.59833333333333,0.31,0.08333333333333333
C09955,1,150.08,150.08,0.09,0.09
C02839,5,3590.8900000000003,718.1780000000001,0.14,0.07
C03836,2,267.8,133.9,0.02,0.015
C09075,2,255.98000000000002,127.99000000000001,0.04,0.025
C01554,5,198.85,39.769999999999996,0.83,0.368
C13511,4,458.90999999999997,114.72749999999999,0.14,0.07250000000000001
C01181,3,125.68,41.89333333333334,0.48,0.21
C00926,1,199.93,199.93,0.07,0.07
C03159,2,451.90999999999997,225.95499999999998,0.23,0.225
C06540,2,275.06,137.53,0.23,0.21000000000000002
C07430,1,964.91,964.91,0.1,0.1
C04817,9,844.6,93.84444444444445,0.75,0.21444444444444444
C05206,13,7631.68,587.0523076923077,0.5,0.1276923076923077
C07326,6,394.7,65.78333333333333,0.39,0.22333333333333336
C09030,2,2515.88,1257.94,0.1,0.055
C13418,8,1914.0299999999997,239.25374999999997,0.39,0.165
C10134,3,85.14,28.38,0.46,0.29333333333333333
C03899,7,779.61,111.37285714285714,0.27,0.13
C09384,1,27.53,27.53,0.16,0.16
C07391,5,80.88,16.176,0.27,0.162
C00977,1,116.95,116.95,0.03,0.03
C05023,1,1200.09,1200.09,0.1,0.1
C06913,6,901.27,150.21166666666667,0.23,0.11166666666666668
C03469,1,100.03,100.03,0.21,0.21
C06284,1,76.97,76.97,0.04,0.04
C06864,2,107.86,53.93,0.16,0.125
C05320,9,1440.94,160.10444444444445,0.89,0.4166666666666667
C10166,1,92.01,92.01,0.22,0.22
C09336,3,164.68,54.89333333333334,0.08,0.04
C05158,1,36.01,36.01,0.15,0.15
C11961,1,31.89,31.89,0.12,0.12
C12378,5,725.57,145.114,0.16,0.092
C08562,7,765.54,109.36285714285714,0.22,0.09857142857142856
C09564,3,234.02,78.00666666666667,0.14,0.11666666666666668
C01315,2,177.10000000000002,88.55000000000001,0.22,0.165
C11139,1,32.9,32.9,0.12,0.12
C00627,1,200.09,200.09,0.01,0.01
C12472,8,768.17,96.02125,0.23,0.075
C12540,5,471.98,94.396,0.34,0.158
C07343,2,182.93,91.465,0.28,0.16
C00944,11,371.52,33.77454545454545,0.35,0.10272727272727272
C00852,3,190.84,63.61333333333334,0.15,0.08666666666666667
C02532,5,150.01,30.002,0.33,0.15
C00946,1,33.02,33.02,0.08,0.08
C04947,5,399.97,79.994,0.74,0.492
C01917,1,27.44,27.44,0.18,0.18
C04841,1,300.01,300.01,0.27,0.27
C01886,1,743.28,743.28,0.14,0.14
C01376,4,376.98,94.245,0.27,0.1075
C12607,7,235.85,33.69285714285714,0.42,0.2357142857142857
C07262,3,3206.66,1068.8866666666665,0.77,0.35333333333333333
C06502,2,151.01999999999998,75.50999999999999,0.32,0.185
C10170,1,24.99,24.99,0.81,0.81
C03150,2,215.8,107.9,0.35,0.22499999999999998
C10718,4,752.38,188.095,0.27,0.215
C01292,5,325.11,65.022,0.25,0.12200000000000003
C10664,9,1277.19,141.91,0.18,0.09000000000000001
C09373,3,163.1,54.36666666666667,0.19,0.11333333333333334
C03122,6,188.85,31.474999999999998,0.51,0.21333333333333335
C13231,1,279.94,279.94,0.04,0.04
C09320,2,280.11,140.055,0.12,0.11
C12962,1,21.04,21.04,0.04,0.04
C09678,13,1829.12,140.70153846153846,0.24,0.08153846153846155
C03347,3,165.76999999999998,55.25666666666666,0.27,0.18000000000000002
C12284,1,149.96,149.96,0.13,0.13
C05719,2,263.01,131.505,0.11,0.075
C04969,3,336.9,112.3,0.38,0.24666666666666667
C06272,1,209.89,209.89,0.06,0.06
C12968,1,160.49,160.49,0.01,0.01
C00398,6,824.85,137.475,0.29,0.13166666666666665
C13443,5,262.59,52.517999999999994,0.17,0.072
C01246,1,47.87,47.87,0.05,0.05
C11434,4,86.69,21.6725,0.46,0.2225
C03325,1,14.21,14.21,0.1,0.1
C00868,2,56.99,28.495,0.15,0.095
C07174,1,39.04,39.04,0.11,0.11
C05112,1,30.65,30.65,0.19,0.19
C01883,2,35.82,17.91,0.39,0.265
C12463,1,15.03,15.03,0.05,0.05
C04623,1,26.54,26.54,0.05,0.05
C06356,1,171.08,171.08,0.23,0.23
C01499,1,59.03,59.03,0.07,0.07
C07793,3,549.87,183.29,0.23,0.10000000000000002
C07118,131,12293.210000000001,93.84129770992367,0.64,0.11145038167938931
C06466,1,96.94,96.94,0.08,0.08
C00613,7,512.6,73.22857142857143,0.17,0.11142857142857143
C02206,8,244.82999999999998,30.603749999999998,0.15,0.08374999999999999
C00561,4,348.16999999999996,87.04249999999999,0.1,0.055
C08532,22,1238.97,56.316818181818185,0.3,0.14954545454545454
C01645,1,1301.43,1301.43,0.27,0.27
C07454,1,33.98,33.98,0.03,0.03
C01167,1,75.02,75.02,0.14,0.14
C02124,1,335.03,335.03,0.05,0.05
C06293,4,255.08,63.77,0.15,0.1275
C09010,1,35.3,35.3,0.09,0.09
C03143,1,160.44,160.44,0.29,0.29
C03416,1,14.17,14.17,0.18,0.18
C12495,2,560.05,280.025,0.27,0.16
C10430,2,117.85,58.925,0.28,0.14500000000000002
C04666,2,58.92,29.46,0.04,0.025
C05520,1,37.29,37.29,0.11,0.11
C10049,2,299.96,149.98,0.6,0.345
C01313,4,370.03,92.5075,0.23,0.14250000000000002
C09773,5,397.04,79.408,0.32,0.14
C08229,5,2258.1,451.62,0.21,0.08399999999999999
C02492,2,112.91999999999999,56.459999999999994,0.14,0.08
C05432,1,57.99,57.99,0.06,0.06
C05255,2,184.35999999999999,92.17999999999999,0.27,0.16
C09595,2,396.98,198.49,0.19,0.165
C04807,2,115.93,57.965,0.18,0.155
C00431,1,18.41,18.41,0.09,0.09
C07920,2,98.04,49.02,0.33,0.255
C05024,2,89.02000000000001,44.510000000000005,0.28,0.21500000000000002
C04867,4,106.25,26.5625,0.12,0.05
C13022,7,814.4,116.34285714285714,0.46,0.1742857142857143
C01910,4,468.13,117.0325,0.88,0.42000000000000004
C03175,6,608.02,101.33666666666666,0.24,0.14833333333333334
C00265,3,85.75,28.583333333333332,0.41,0.32666666666666666
C11006,2,1529.74,764.87,0.18,0.145
C07363,2,229.93,114.965,0.06,0.034999999999999996
C12410,1,200.02,200.02,0.22,0.22
C07966,1,80.86,80.86,0.13,0.13
C08790,3,2806.49,935.4966666666666,0.2,0.09000000000000001
C00219,4,839.72,209.93,0.23,0.115
C05651,2,200.0,100.0,0.23,0.14
C13367,2,88.93,44.465,0.25,0.165
C01518,1,249.97,249.97,0.2,0.2
C06123,8,544.14,68.0175,0.24,0.08875
C10609,1,58.89,58.89,0.28,0.28
C05430,2,274.09000000000003,137.04500000000002,0.17,0.14
C08941,2,171.38,85.69,0.19,0.14
C01479,1,150.02,150.02,0.05,0.05
C03088,1,107.96,107.96,0.02,0.02
C09762,8,256.90999999999997,32.113749999999996,0.25,0.17125
C01713,3,382.11,127.37,0.06,0.049999999999999996
C11398,1,274.97,274.97,0.45,0.45
C08897,1,64.98,64.98,0.07,0.07
C05298,11,591.53,53.775454545454544,0.22,0.07909090909090909
C02796,1,285.07,285.07,0.94,0.94
C00930,3,425.03,141.67666666666665,0.2,0.10666666666666667
C10696,7,349.78,49.96857142857142,0.33,0.11142857142857143
C03654,1,25.92,25.92,0.06,0.06
C01586,2,578.49,289.245,0.11,0.06
C12091,4,481.95000000000005,120.48750000000001,0.1,0.0775
C08287,1,3.75,3.75,0.01,0.01
C03407,1,46.47,46.47,0.2,0.2
C02746,1,34.36,34.36,0.21,0.21
C10363,10,1024.84,102.484,0.47,0.15
C11930,2,1148.92,574.46,0.03,0.02
C04486,12,1370.3,114.19166666666666,0.21,0.11166666666666668
C09418,2,224.98000000000002,112.49000000000001,0.34,0.28500000000000003
C11421,4,77.50999999999999,19.377499999999998,0.15,0.0625
C00324,9,370.8,41.2,0.44,0.13777777777777778
C04417,1,149.92,149.92,0.1,0.1
C07028,1,99.92,99.92,0.06,0.06
C07704,8,238.85999999999999,29.857499999999998,0.37,0.12
C08631,2,850.0,425.0,0.37,0.195
C05627,2,1461.1699999999998,730.5849999999999,0.63,0.32
C11436,7,480.84999999999997,68.69285714285714,0.33,0.14142857142857143
C05387,1,75.04,75.04,0.16,0.16
C00322,3,837.09,279.03000000000003,0.43,0.21333333333333335
C02771,1,100.01,100.01,0.3,0.3
C10400,11,560.48,50.95272727272727,0.64,0.23909090909090908
C01229,3,213.91,71.30333333333333,0.29,0.25
C03931,6,1195.91,199.31833333333336,0.47,0.145
C10491,1,39.06,39.06,0.04,0.04
C09269,1,170.97,170.97,0.22,0.22
C07178,4,774.9,193.725,0.42,0.2675
C01928,1,107.99,107.99,0.05,0.05
C09236,1,50.01,50.01,0.04,0.04
C04138,1,452.21,452.21,0.02,0.02
C11876,1,117.0,117.0,0.05,0.05
C08096,4,356.91999999999996,89.22999999999999,0.15,0.0675
C07351,2,299.90999999999997,149.95499999999998,0.2,0.18
C12621,1,100.05,100.05,0.22,0.22
C11511,1,100.07,100.07,0.06,0.06
C12896,3,249.95,83.31666666666666,0.61,0.30333333333333334
C01962,1,82.87,82.87,0.21,0.21
C04958,2,209.95999999999998,104.97999999999999,0.13,0.10500000000000001
C12430,1,84.52,84.52,0.08,0.08
C12122,2,118.36000000000001,59.18000000000001,0.38,0.195
C04663,2,73.17999999999999,36.589999999999996,0.12,0.11
C06093,21,1983.13,94.43476190476191,0.34,0.09333333333333334
C04835,1,86.69,86.69,0.11,0.11
C10928,1,64.58,64.58,0.31,0.31
C08717,1,11.42,11.42,0.44,0.44
C13194,1,15.01,15.01,0.03,0.03
C03023,2,220.95,110.475,0.53,0.34500000000000003
C01737,2,269.05,134.525,0.09,0.075
C01821,1,25.04,25.04,0.16,0.16
C11122,2,500.03999999999996,250.01999999999998,0.82,0.59
C00615,1,284.92,284.92,0.06,0.06
C03401,4,166.01,41.5025,0.18,0.1375
C10084,2,299.91999999999996,149.95999999999998,0.91,0.79
C06569,2,268.49,134.245,0.23,0.19
C09054,10,3000.15,300.015,0.28,0.11699999999999999
C08233,2,1764.96,882.48,0.45,0.25
C03631,4,122.77000000000001,30.692500000000003,0.18,0.065
C01817,4,189.14999999999998,47.287499999999994,0.75,0.305
C00021,2,244.01,122.005,0.25,0.165
C03812,4,2402.94,600.735,0.29,0.145
C00439,5,670.9,134.18,0.28,0.14400000000000002
C07068,2,471.02000000000004,235.51000000000002,0.11,0.06
C12499,1,117.05,117.05,0.33,0.33
C00120,4,269.73,67.4325,0.08,0.045
C11277,1,58.91,58.91,0.17,0.17
C10002,1,299.97,299.97,0.22,0.22
C01233,7,2914.04,416.2914285714286,0.24,0.12571428571428572
C03790,1,553.95,553.95,0.05,0.05
C09319,1,22.25,22.25,0.24,0.24
C05821,18,2121.58,117.86555555555555,0.41,0.19944444444444442
C13324,2,150.99,75.495,0.26,0.15
C03684,5,724.93,144.986,0.38,0.238
C00229,10,311.12,31.112000000000002,0.23,0.10900000000000001
C09350,4,425.07,106.2675,0.63,0.2125
C01980,2,317.04,158.52,0.15,0.14500000000000002
C03809,1,21.87,21.87,0.15,0.15
C10735,1,108.47,108.47,0.06,0.06
C12447,1,99.97,99.97,0.43,0.43
C12534,6,535.56,89.25999999999999,0.2,0.05833333333333333
C01650,4,351.88,87.97,0.35,0.215
C04431,3,905.06,301.68666666666667,0.2,0.14
C04875,1,57.89,57.89,0.26,0.26
C08734,3,210.03,70.01,0.27,0.25666666666666665
C02792,1,150.0,150.0,0.43,0.43
C09224,1,58.04,58.04,0.04,0.04
C02700,1,29.15,29.15,0.12,0.12
C09943,1,19.98,19.98,0.13,0.13
C09421,23,8965.460000000001,389.8026086956522,0.64,0.17521739130434782
C06454,6,10267.32,1711.22,0.26,0.12833333333333333
C00203,1,289.42,289.42,0.45,0.45
C05632,2,75.53999999999999,37.769999999999996,0.29,0.21999999999999997
C10432,2,109.15,54.575,0.76,0.385
C01051,11,3581.67,325.60636363636365,0.58,0.18727272727272729
C06676,2,568.01,284.005,0.16,0.135
C03134,3,119.8,39.93333333333333,0.47,0.3
C01903,2,174.05,87.025,0.32,0.255
C02467,6,377.83000000000004,62.97166666666667,0.51,0.22
C00876,4,475.89,118.9725,0.17,0.105
C02743,5,236.99,47.398,0.18,0.072
C04250,1,86.99,86.99,0.33,0.33
C11896,1,664.05,664.05,0.02,0.02
C06721,2,114.84,57.42,0.26,0.14
C06431,3,157.53,52.51,0.17,0.11666666666666665
C04792,1,99.95,99.95,0.08,0.08
C01766,1,117.03,117.03,0.09,0.09
C03076,1,27.91,27.91,0.05,0.05
C12781,6,248.54,41.42333333333333,0.17,0.10666666666666667
C06033,1,116.94,116.94,0.04,0.04
C07500,1,58.98,58.98,0.01,0.01
C05865,3,126.99000000000001,42.330000000000005,0.13,0.06
C01101,5,468.75,93.75,0.52,0.17200000000000001
C02622,1,150.09,150.09,0.41,0.41
C03739,1,117.06,117.06,0.25,0.25
C09838,1,30.86,30.86,0.23,0.23
C07982,4,830.6500000000001,207.66250000000002,0.18,0.1475
C12609,6,1338.82,223.13666666666666,0.41,0.20166666666666666
C09308,6,521.23,86.87166666666667,0.21,0.06999999999999999
C01753,1,28.01,28.01,0.05,0.05
C02335,1,100.05,100.05,0.17,0.17
C11114,1,99.97,99.97,0.64,0.64
C00617,1,100.03,100.03,0.01,0.01
C08078,1,99.96,99.96,0.51,0.51
C09852,3,69.03999999999999,23.013333333333332,0.22,0.15333333333333332
C05440,2,315.9,157.95,0.17,0.125
C06344,4,3498.02,874.505,0.45,0.17250000000000001
C11851,3,47.3,15.766666666666666,0.32,0.14
C13073,1,993.94,993.94,0.23,0.23
C03548,7,550.47,78.63857142857144,0.23,0.10428571428571429
C05951,1,131.66,131.66,0.23,0.23
C11263,2,399.87,199.935,0.17,0.11000000000000001
C01423,2,95.91,47.955,0.17,0.165
C05842,3,124.96,41.65333333333333,0.46,0.3066666666666667
C04721,5,432.63,86.526,0.14,0.10400000000000001
C05016,1,116.91,116.91,0.19,0.19
C08588,2,49.31,24.655,0.23,0.21500000000000002
C00630,7,1538.8999999999999,219.84285714285713,0.29,0.15142857142857144
C10860,4,199.9,49.975,0.28,0.1875
C05642,2,230.24,115.12,0.11,0.06
C01783,21,1780.98,84.80857142857143,0.48,0.14476190476190476
C07977,1,225.97,225.97,0.25,0.25
C02854,1,150.08,150.08,0.26,0.26
C13016,10,1597.95,159.79500000000002,0.79,0.20600000000000002
C02007,2,576.04,288.02,0.21,0.125
C06050,1,250.03,250.03,0.74,0.74
C09210,7,470.23,67.17571428571429,0.16,0.08857142857142856
C10784,7,6513.0,930.4285714285714,0.18,0.07142857142857142
C00688,5,445.08,89.01599999999999,0.68,0.3
C10438,10,1108.17,110.81700000000001,0.46,0.192
C00207,1,11.54,11.54,0.02,0.02
C07449,1,28.93,28.93,0.06,0.06
C13547,2,470.46999999999997,235.23499999999999,0.21,0.16
C10057,1,38.97,38.97,0.35,0.35
C01985,1,31.0,31.0,0.1,0.1
C12501,2,119.09,59.545,0.95,0.5499999999999999
C06817,1,40.31,40.31,0.02,0.02
C12546,2,58.47,29.235,0.11,0.11
C13280,2,256.84,128.42,0.32,0.215
C07147,3,299.87,99.95666666666666,0.49,0.31
C00390,4,301.02,75.255,0.25,0.16
C02760,2,30.08,15.04,0.05,0.05
C04039,3,191.12,63.70666666666667,0.17,0.07333333333333333
C07222,4,143.37,35.8425,0.3,0.1925
C00980,1,415.03,415.03,0.21,0.21
C04061,2,150.0,75.0,0.41,0.33999999999999997
C10732,4,57.83,14.4575,0.31,0.14250000000000002
C10594,1,81.25,81.25,0.06,0.06
C08326,1,100.08,100.08,0.01,0.01
C10053,22,2402.2000000000003,109.1909090909091,0.28,0.14
C02540,3,225.11,75.03666666666668,0.27,0.17666666666666667
C00495,24,1592.24,66.34333333333333,0.48,0.14666666666666667
C13523,1,200.08,200.08,0.19,0.19
C00341,1,59.0,59.0,0.09,0.09
C07810,2,452.03999999999996,226.01999999999998,0.27,0.185
C09209,1,54.51,54.51,0.17,0.17
C12611,7,413.88,59.12571428571429,0.33,0.19999999999999998
C00821,2,268.04,134.02,0.24,0.13999999999999999
C06379,1,235.67,235.67,0.66,0.66
C09697,4,496.49,124.1225,0.2,0.1225
C09567,7,553.59,79.08428571428571,0.34,0.18714285714285714
C09722,1,8.96,8.96,0.01,0.01
C05732,6,505.76000000000005,84.29333333333334,0.26,0.14666666666666667
C11991,3,31.43,10.476666666666667,0.36,0.26666666666666666
C04314,1,20.21,20.21,0.1,0.1
C02228,5,282.26,56.452,0.5,0.176
C13285,1,20.15,20.15,0.02,0.02
C06018,2,295.9,147.95,0.28,0.16
C09646,2,112.55,56.275,0.22,0.115
C07370,2,33.22,16.61,0.06,0.045
C11487,1,40.03,40.03,0.05,0.05
C06937,2,654.1,327.05,0.07,0.07
C07787,1,180.02,180.02,0.01,0.01
C13310,1,116.94,116.94,0.01,0.01
C06506,1,159.96,159.96,0.07,0.07
C07024,2,150.82,75.41,0.75,0.39
C11070,3,377.09,125.69666666666666,0.13,0.08666666666666667
C09649,3,300.23,100.07666666666667,0.08,0.056666666666666664
C00740,2,654.0400000000001,327.02000000000004,0.17,0.09000000000000001
C09004,4,442.97,110.7425,0.32,0.225
C08545,1,1053.94,1053.94,0.29,0.29
C12788,1,88.15,88.15,0.09,0.09
C06289,1,91.99,91.99,0.25,0.25
C02235,4,165.48,41.37,0.58,0.21249999999999997
C06195,1,74.89,74.89,0.05,0.05
C08892,3,783.86,261.2866666666667,0.11,0.06666666666666667
C06063,1,663.94,663.94,0.22,0.22
C10174,1,99.94,99.94,0.03,0.03
C04853,1,97.08,97.08,0.14,0.14
C04612,3,148.26,49.419999999999995,0.23,0.14
C09432,8,9344.369999999999,1168.0462499999999,0.25,0.14
C03481,1,200.09,200.09,0.02,0.02
C05451,1,38.17,38.17,0.28,0.28
C07945,6,160.03,26.671666666666667,0.45,0.18000000000000002
C10392,1,74.92,74.92,0.36,0.36
C00500,2,652.35,326.175,0.12,0.06999999999999999
C05201,15,126.39,8.426,0.42,0.17066666666666666
C02381,1,59.08,59.08,0.13,0.13
C11573,3,488.13,162.71,0.35,0.19333333333333333
C04640,1,370.08,370.08,0.03,0.03
C08647,2,99.0,49.5,0.09,0.055
C10780,1,249.95,249.95,0.62,0.62
C07226,2,93.14,46.57,0.09,0.049999999999999996
C12329,11,582.16,52.92363636363636,0.32,0.11181818181818182
C07487,2,127.86,63.93,0.23,0.225
C07359,5,1903.71,380.742,0.22,0.10200000000000001
C05014,2,239.72,119.86,0.45,0.26
C06085,17,2415.07,142.0629411764706,0.69,0.1735294117647059
C12618,2,78.96000000000001,39.480000000000004,0.13,0.12
C04919,4,329.21,82.3025,0.21,0.1575
C07601,20,1781.48,89.074,0.41,0.123
C04067,3,128.06,42.68666666666667,0.7,0.3033333333333333
C07135,1,7.8,7.8,0.02,0.02
C12559,11,836.28,76.02545454545454,0.38,0.14636363636363636
C06983,1,113.02,113.02,0.07,0.07
C05066,2,234.05,117.025,0.32,0.165
C10005,2,88.35,44.175,0.17,0.115
C04140,2,494.04,247.02,0.21,0.11499999999999999
C06229,3,3200.09,1066.6966666666667,0.12,0.09000000000000001
C11549,1,107.9,107.9,0.26,0.26
C00772,2,136.07,68.035,0.03,0.02
C05762,2,131.43,65.715,0.11,0.065
C04304,1,28.03,28.03,0.15,0.15
C10976,1,116.95,116.95,0.18,0.18
C00319,6,349.38,58.23,0.84,0.4383333333333333
C05609,3,120.06,40.02,0.34,0.24333333333333332
C08215,4,173.32999999999998,43.332499999999996,0.1,0.0775
C09749,1,59.06,59.06,0.16,0.16
C10048,3,105.08,35.026666666666664,0.23,0.09333333333333334
C02675,2,158.01,79.005,0.73,0.4
C03028,1,200.08,200.08,0.12,0.12
C09423,1,108.54,108.54,0.08,0.08
C07683,1,117.01,117.01,0.08,0.08
C04037,2,91.43,45.715,0.23,0.21500000000000002
C05338,1,41.24,41.24,0.02,0.02
C13312,7,1237.8600000000001,176.83714285714288,0.35,0.10285714285714286
C08346,1,100.04,100.04,0.79,0.79
C04398,1,100.05,100.05,0.58,0.58
C09280,4,520.51,130.1275,0.51,0.37
C11155,4,211.89000000000001,52.972500000000004,0.13,0.08750000000000001
C09325,1,150.0,150.0,0.96,0.96
C00991,1,422.55,422.55,0.13,0.13
C07435,1,195.97,195.97,0.25,0.25
C09351,2,225.56,112.78,0.13,0.12
C02763,1,28.74,28.74,0.2,0.2
C03030,8,2065.63,258.20375,0.26,0.07125
C09925,1,99.93,99.93,0.13,0.13
C02643,3,133.55,44.51666666666667,0.77,0.41
C05507,2,400.1,200.05,0.29,0.16999999999999998
C05073,3,1004.51,334.83666666666664,0.1,0.06666666666666667
C03978,2,152.01,76.005,0.2,0.165
C04031,3,1424.76,474.92,0.3,0.16333333333333333
C08409,2,51.13,25.565,0.05,0.04
C07328,2,900.05,450.025,0.28,0.245
C09551,1,150.0,150.0,0.32,0.32
C08103,2,139.89,69.945,0.08,0.055
C06738,1,99.92,99.92,0.07,0.07
C02663,4,668.83,167.2075,0.32,0.17250000000000001
C09025,4,1199.97,299.9925,0.97,0.7575
C05737,1,59.09,59.09,0.09,0.09
C07805,1,48.96,48.96,0.2,0.2
C10418,2,149.92000000000002,74.96000000000001,0.49,0.25
C08880,2,44.870000000000005,22.435000000000002,0.02,0.02
C00440,1,300.07,300.07,0.63,0.63
C03245,1,200.06,200.06,0.15,0.15
C09208,1,49.97,49.97,0.1,0.1
C04239,2,54.53,27.265,0.07,0.04
C06493,1,159.92,159.92,0.06,0.06
C10135,1,99.92,99.92,0.27,0.27
C11142,3,118.13,39.376666666666665,0.03,0.02
C05179,5,703.04,140.608,0.19,0.09
C03818,1,33.96,33.96,0.09,0.09
C10587,1,424.9,424.9,0.06,0.06
C04223,1,68.87,68.87,0.04,0.04
C06383,1,149.95,149.95,0.04,0.04
C10785,5,398.92,79.784,0.41,0.20400000000000001
C01205,5,659.94,131.988,0.54,0.18
C09745,1,30.83,30.83,0.13,0.13
C03327,2,499.94,249.97,0.19,0.125
C05575,1,29.05,29.05,0.4,0.4
C05463,1,14.44,14.44,0.34,0.34
C04203,2,145.95999999999998,72.97999999999999,0.26,0.175
C01880,7,626.95,89.56428571428572,0.49,0.16142857142857142
C07913,28,3390.71,121.09678571428572,0.37,0.13714285714285715
C03983,18,1775.34,98.63,0.54,0.15333333333333332
C04452,1,25.93,25.93,0.17,0.17
C12340,21,876.46,41.73619047619048,0.9,0.2180952380952381
C00004,1,300.02,300.02,0.38,0.38
C02514,1,100.04,100.04,0.08,0.08
C07072,1,96.93,96.93,0.2,0.2
C03414,3,323.79,107.93,0.14,0.08333333333333333
C10340,1,1106.94,1106.94,0.33,0.33
C00250,2,200.01999999999998,100.00999999999999,0.19,0.115
C03800,2,69.96000000000001,34.980000000000004,0.23,0.135
C05471,5,227.01,45.402,0.49,0.16799999999999998
C01950,1,38.91,38.91,0.06,0.06
C07778,1,445.05,445.05,0.09,0.09
C10204,1,160.47,160.47,0.02,0.02
C12988,8,524.06,65.5075,0.38,0.1675
C11111,6,2348.0099999999998,391.335,0.13,0.08166666666666667
C06128,1,29.03,29.03,0.07,0.07
C03355,4,263.99,65.9975,0.22,0.1225
C05947,1,25.98,25.98,0.04,0.04
C02664,2,165.44,82.72,0.34,0.22000000000000003
C03604,1,57.93,57.93,0.01,0.01
C13406,6,230.09,38.348333333333336,0.26,0.13166666666666668
C11735,9,661.29,73.47666666666666,0.32,0.1622222222222222
C12290,2,61.599999999999994,30.799999999999997,0.16,0.12
C04351,1,107.97,107.97,0.08,0.08
C11282,1,35.0,35.0,0.05,0.05
C12025,2,145.99,72.995,0.13,0.125
C11002,1,105.44,105.44,0.32,0.32
C07433,2,115.88,57.94,0.11,0.09
C09019,3,305.90999999999997,101.96999999999998,0.26,0.18333333333333335
C01520,1,108.03,108.03,0.16,0.16
C05222,8,2222.02,277.7525,0.44,0.17625000000000002
C09790,2,399.94,199.97,0.23,0.125
C05273,1,116.97,116.97,0.05,0.05
C10545,4,213.71,53.4275,0.14,0.095
C02605,1,554.06,554.06,0.06,0.06
C12459,1,150.0,150.0,0.14,0.14
C00996,1,117.01,117.01,0.25,0.25
C01510,2,1419.88,709.94,0.12,0.075
C11365,6,164.8,27.46666666666667,0.31,0.18166666666666667
C10586,2,200.03,100.015,0.06,0.04
C10271,1,54.49,54.49,0.12,0.12
C06528,10,1192.85,119.285,0.34,0.163
C09728,1,100.0,100.0,0.41,0.41
C00743,4,399.96999999999997,99.99249999999999,0.48,0.22
C07210,1,299.94,299.94,0.71,0.71
C03107,1,59.09,59.09,0.28,0.28
C10961,2,135.95,67.975,0.07,0.04
C01261,5,282.76,56.552,0.26,0.15
C05874,1,319.94,319.94,0.08,0.08
C11727,2,29.38,14.69,0.75,0.425
C02865,1,27.8,27.8,0.07,0.07
C13113,2,142.99,71.495,0.16,0.155
C03269,1,11.48,11.48,0.09,0.09
C13393,3,164.26,54.75333333333333,0.27,0.16
C05527,1,58.01,58.01,0.12,0.12
C10348,4,219.36,54.84,0.23,0.1325
C00492,1,58.03,58.03,0.01,0.01
C10972,1,32.02,32.02,0.08,0.08
C13529,1,364.96,364.96,0.04,0.04
C05013,1,10.0,10.0,0.19,0.19
C08987,1,125.05,125.05,0.12,0.12
C05869,4,431.72,107.93,0.32,0.18
C12014,1,34.06,34.06,0.13,0.13
C11571,2,516.9,258.45,0.13,0.07
C11027,2,175.94,87.97,0.23,0.13
C12328,7,371.75,53.107142857142854,0.17,0.08428571428571428
C10431,1,1906.92,1906.92,0.11,0.11
C09763,1,75.05,75.05,0.17,0.17
C01380,3,622.01,207.33666666666667,0.12,0.06666666666666667
C00935,2,257.0,128.5,0.3,0.195
C06345,5,1063.67,212.734,0.36,0.16399999999999998
C10650,4,307.46000000000004,76.86500000000001,0.24,0.1225
C04845,11,749.2,68.10909090909091,0.36,0.1409090909090909
C01593,3,450.15999999999997,150.0533333333333,0.51,0.18333333333333335
C07191,1,117.08,117.08,0.16,0.16
C12587,3,38.54,12.846666666666666,0.2,0.16
C01263,2,300.09000000000003,150.04500000000002,0.26,0.165
C02872,4,490.07,122.5175,0.29,0.095
C11480,3,185.0,61.666666666666664,0.22,0.11333333333333334
C11052,5,1148.93,229.786,0.21,0.1
C11137,7,425.27,60.75285714285714,0.92,0.22999999999999998
C12099,3,265.64,88.54666666666667,0.11,0.08333333333333333
C04695,3,350.98,116.99333333333334,0.11,0.07
C02690,1,59.0,59.0,0.11,0.11
C09754,1,58.93,58.93,0.16,0.16
C01648,6,562.62,93.77,0.24,0.135
C00867,3,300.05,100.01666666666667,0.11,0.07
C12827,2,103.72,51.86,0.14,0.085
C04627,4,8139.98,2034.995,0.19,0.095
C12718,2,393.96000000000004,196.98000000000002,0.07,0.05500000000000001
C04763,1,225.09,225.09,0.72,0.72
C09083,12,1655.66,137.97166666666666,0.29,0.11416666666666668
C13078,4,348.96000000000004,87.24000000000001,0.32,0.1275
C04508,1,69.04,69.04,0.1,0.1
C12670,1,50.0,50.0,0.75,0.75
C01788,3,645.6899999999999,215.23,0.04,0.03
C09456,2,200.08999999999997,100.04499999999999,0.94,0.61
C04871,5,136.87,27.374000000000002,0.1,0.068
C12086,4,150.25,37.5625,0.26,0.1175
C02059,1,58.99,58.99,0.01,0.01
C12246,1,44.11,44.11,0.46,0.46
C08932,3,685.3399999999999,228.44666666666663,0.15,0.11333333333333333
C02955,17,2085.18,122.65764705882351,0.88,0.4535294117647059
C01216,1,35.35,35.35,0.27,0.27
C02359,2,176.09,88.045,0.34,0.22000000000000003
C12206,1,170.31,170.31,0.01,0.01
C02731,2,45.92,22.96,0.2,0.12000000000000001
C02274,1,108.44,108.44,0.17,0.17
C04699,2,48.8,24.4,0.13,0.125
C10487,4,157.81,39.4525,0.23,0.1525
C04257,1,299.97,299.97,0.33,0.33
C06925,1,171.09,171.09,0.13,0.13
C04302,3,269.90999999999997,89.96999999999998,0.47,0.31666666666666665
C05076,1,107.94,107.94,0.01,0.01
C03423,3,1501.77,500.59,0.05,0.03333333333333333
C11213,4,913.8199999999999,228.45499999999998,0.6,0.4075
C01307,1,65.43,65.43,0.17,0.17
C11367,2,159.0,79.5,0.2,0.12000000000000001
C07219,1,62.79,62.79,0.2,0.2
C03044,1,99.94,99.94,0.13,0.13
C02104,1,2080.04,2080.04,0.04,0.04
C04596,3,425.0,141.66666666666666,0.12,0.07333333333333333
C03609,9,327.84,36.42666666666666,0.24,0.12777777777777777
C08715,2,85.75999999999999,42.879999999999995,0.17,0.115
C10391,1,149.97,149.97,0.08,0.08
C10985,1,119.94,119.94,0.18,0.18
C08155,2,83.1,41.55,0.12,0.06999999999999999
C02658,2,361.86,180.93,0.22,0.13
C05424,1,109.47,109.47,0.18,0.18
C01413,2,1144.0,572.0,0.48,0.4
C11228,1,111.93,111.93,0.22,0.22
C07715,2,1407.95,703.975,0.29,0.21999999999999997
C07288,6,1010.1399999999999,168.35666666666665,0.22,0.12333333333333334
C01321,1,3221.09,3221.09,0.24,0.24
C09109,1,1575.57,1575.57,0.06,0.06
C09746,2,249.88,124.94,0.48,0.33999999999999997
C09793,1,29.41,29.41,0.22,0.22
C00696,4,165.13,41.2825,0.22,0.14500000000000002
C00770,1,7.47,7.47,0.13,0.13
C04658,2,400.07,200.035,0.33,0.27
C13509,4,291.77,72.9425,0.5,0.22
C00507,1,7.37,7.37,0.2,0.2
C02227,2,150.0,75.0,0.16,0.12
C07401,6,98.28999999999999,16.381666666666664,0.37,0.12833333333333333
C13221,2,158.93,79.465,0.32,0.17
C08019,1,17.23,17.23,0.21,0.21
C07287,2,517.04,258.52,0.18,0.15
C07740,4,2650.57,662.6425,0.32,0.1475
C01610,1,99.91,99.91,0.15,0.15
C07883,3,875.77,291.92333333333335,0.41,0.2333333333333333
C08038,5,1746.78,349.356,0.26,0.128
C01526,5,153.67,30.733999999999998,0.27,0.11600000000000002
C12674,1,210.98,210.98,0.33,0.33
C04946,1,50.05,50.05,0.06,0.06
C08052,1,44.54,44.54,0.15,0.15
C02026,1,888.35,888.35,0.13,0.13
C13080,4,268.46000000000004,67.11500000000001,0.23,0.0975
C08640,2,444.11,222.055,0.2,0.10500000000000001
C03577,1,268.18,268.18,0.12,0.12
C12862,4,1209.32,302.33,0.06,0.0375
C11576,17,3182.46,187.20352941176472,0.36,0.09411764705882353
C07835,1,665.01,665.01,0.09,0.09
C11304,1,150.0,150.0,0.45,0.45
C00759,2,499.99,249.995,0.1,0.055
C09982,1,56.04,56.04,0.05,0.05
C06400,3,85.0,28.333333333333332,0.22,0.12333333333333334
C03022,1,50.01,50.01,0.18,0.18
C05880,1,108.95,108.95,0.04,0.04
C01164,13,2116.64,162.81846153846152,0.23,0.1346153846153846
C04388,3,57.4,19.133333333333333,0.25,0.12666666666666668
C10003,1,335.04,335.04,0.12,0.12
C04284,2,225.1,112.55,0.07,0.04
C03537,1,29.75,29.75,0.32,0.32
C07592,13,287.14,22.087692307692308,0.77,0.1930769230769231
C04256,1,50.08,50.08,0.4,0.4
C10592,2,67.93,33.965,0.35,0.185
C08915,3,47.95,15.983333333333334,0.83,0.5466666666666666
C08610,7,939.7,134.24285714285716,0.92,0.3
C01107,2,72.87,36.435,0.08,0.08
C02062,3,253.9,84.63333333333334,0.17,0.09333333333333334
C11286,1,160.97,160.97,0.05,0.05
C12895,2,530.38,265.19,0.23,0.21000000000000002
C09766,1,9.7,9.7,0.31,0.31
C11934,1,275.93,275.93,0.23,0.23
C07568,7,1130.4099999999999,161.48714285714283,0.51,0.1357142857142857
C04752,2,399.97,199.985,0.28,0.17500000000000002
C11021,3,119.92,39.973333333333336,0.25,0.13
C04812,7,1363.07,194.7242857142857,0.79,0.5457142857142857
C08178,1,43.04,43.04,0.11,0.11
C08195,12,1790.55,149.2125,0.3,0.13416666666666668
C09974,1,3.1,3.1,0.11,0.11
C00628,2,51.89,25.945,0.01,0.01
C01369,1,36.5,36.5,0.13,0.13
C10078,1,175.0,175.0,0.11,0.11
C04082,2,100.00999999999999,50.004999999999995,0.54,0.365
C08916,1,67.88,67.88,0.15,0.15
C07463,1,26.67,26.67,0.4,0.4
C03850,3,375.92,125.30666666666667,0.27,0.14
C07015,1,88.21,88.21,0.01,0.01
C12530,1,25.08,25.08,0.1,0.1
C10209,1,663.95,663.95,0.24,0.24
C11812,2,76.17,38.085,0.06,0.04
C03759,1,469.01,469.01,0.02,0.02
C04229,6,768.8,128.13333333333333,0.3,0.10666666666666667
C12187,2,272.84000000000003,136.42000000000002,0.05,0.030000000000000002
C11336,9,1456.86,161.87333333333333,0.43,0.1811111111111111
C03400,2,107.99,53.995,0.41,0.39
C09846,2,120.05000000000001,60.025000000000006,0.12,0.08499999999999999
C04231,4,446.78,111.695,0.17,0.07250000000000001
C08194,8,802.74,100.3425,0.35,0.15
C11358,1,108.42,108.42,0.16,0.16
C12644,2,38.69,19.345,0.86,0.65
C12126,2,432.11,216.055,0.17,0.14
C13549,1,58.99,58.99,0.23,0.23
C01536,1,100.01,100.01,0.16,0.16
C12859,1,14.91,14.91,0.01,0.01
C01055,1,15.7,15.7,0.06,0.06
C08511,16,1578.72,98.67,0.31,0.12687500000000002
C06233,1,48.98,48.98,0.1,0.1
C13531,1,16.76,16.76,0.08,0.08
C10151,2,490.89,245.445,0.27,0.14
C02464,2,600.03,300.015,0.12,0.095
C11438,2,109.27000000000001,54.635000000000005,0.11,0.06
C08100,1,25.99,25.99,0.21,0.21
C00029,16,1223.94,76.49625,0.26,0.110625
C12222,8,651.03,81.37875,0.45,0.16375
C03515,1,24.71,24.71,0.01,0.01
C12286,2,249.96,124.98,0.06,0.05
C11392,2,199.93,99.965,0.16,0.1
C04204,5,346.92999999999995,69.386,0.19,0.128
C02624,2,1023.74,511.87,0.16,0.13
C06546,1,106.55,106.55,0.12,0.12
C06416,1,66.21,66.21,0.21,0.21
C10261,1,746.24,746.24,0.02,0.02
C12751,1,86.96,86.96,0.42,0.42
C10914,2,110.99000000000001,55.495000000000005,0.16,0.14
C11880,1,54.55,54.55,0.29,0.29
C04345,4,722.13,180.5325,0.14,0.09
C10638,1,83.04,83.04,0.04,0.04
C03297,2,655.12,327.56,0.27,0.14
C06250,6,541.85,90.30833333333334,0.24,0.135
C08051,1,35.34,35.34,0.18,0.18
C07903,12,2723.0,226.91666666666666,0.44,0.1475
C05189,1,108.52,108.52,0.29,0.29
C05178,1,93.58,93.58,0.56,0.56
C09648,1,6.98,6.98,0.59,0.59
C08935,2,88.15,44.075,0.04,0.04
C13442,8,666.3199999999999,83.28999999999999,0.22,0.1325
C11795,1,28.95,28.95,0.06,0.06
C10256,6,298.88,49.81333333333333,0.17,0.06833333333333334
C07085,1,29.5,29.5,0.05,0.05
C03132,1,59.01,59.01,0.06,0.06
C08485,2,178.45,89.225,0.18,0.135
C10904,11,664.62,60.42,0.32,0.11818181818181818
C07088,3,1060.26,353.42,0.22,0.13
C00746,1,210.02,210.02,0.13,0.13
C10707,2,102.35,51.175,0.17,0.14500000000000002
C09331,5,1049.9,209.98000000000002,0.24,0.12
C06915,1,107.88,107.88,0.16,0.16
C13419,4,124.0,31.0,0.54,0.21250000000000002
C02010,1,59.08,59.08,0.1,0.1
C12931,3,380.01,126.67,0.14,0.08666666666666667
C03391,1,33.45,33.45,0.08,0.08
C06672,3,502.5,167.5,0.21,0.09666666666666666
C07814,1,116.98,116.98,0.11,0.11
C05984,2,71.87,35.935,0.08,0.055
C12485,1,334.99,334.99,0.13,0.13
C11433,1,29.08,29.08,0.14,0.14
C03384,3,315.45,105.14999999999999,0.2,0.11666666666666665
C09833,1,200.0,200.0,0.01,0.01
C02047,2,42.56,21.28,0.09,0.07
C13145,2,137.95,68.975,0.07,0.05500000000000001
C09831,6,600.21,100.03500000000001,0.34,0.15833333333333335
C07249,2,844.0,422.0,0.2,0.135
C05427,8,506.82,63.3525,0.36,0.1425
C07942,2,192.11,96.055,0.28,0.2
C08204,1,217.96,217.96,0.05,0.05
C02733,1,43.9,43.9,0.06,0.06
C00781,5,425.17,85.034,0.19,0.10800000000000001
C10267,2,217.91000000000003,108.95500000000001,0.07,0.07
C03574,1,225.94,225.94,0.19,0.19
C03553,4,1245.97,311.4925,0.24,0.18
C07385,3,325.09000000000003,108.36333333333334,0.77,0.5533333333333333
C07153,1,133.01,133.01,0.18,0.18
C04212,11,862.76,78.43272727272728,0.62,0.16090909090909092
C02920,1,57.96,57.96,0.12,0.12
C12649,1,66.43,66.43,0.13,0.13
C05550,1,37.55,37.55,0.07,0.07
C04689,2,199.88,99.94,0.16,0.11
C01560,1,312.95,312.95,0.26,0.26
C00066,1,149.93,149.93,0.18,0.18
C03276,2,111.50999999999999,55.754999999999995,0.14,0.10500000000000001
C05830,1,85.07,85.07,0.18,0.18
C11279,4,538.13,134.5325,0.37,0.17
C06961,1,30.98,30.98,0.11,0.11
C13024,1,349.97,349.97,0.07,0.07
C04993,4,274.42,68.605,0.5,0.25
C00240,1,199.95,199.95,0.06,0.06
C00931,1,24.94,24.94,0.06,0.06
C09714,1,59.07,59.07,0.18,0.18
C03507,2,395.96000000000004,197.98000000000002,0.08,0.07500000000000001
C09250,8,726.94,90.8675,0.4,0.28
C11966,16,923.03,57.689375,0.47,0.150625
C08552,2,99.22,49.61,0.08,0.08
C02721,5,131.16,26.232,0.24,0.142
C01693,4,122.03999999999999,30.509999999999998,0.37,0.16
C08076,1,117.04,117.04,0.16,0.16
C09545,1,554.06,554.06,0.16,0.16
C07070,1,24.51,24.51,0.11,0.11
C13304,7,3886.1,555.1571428571428,0.49,0.21285714285714286
C11835,2,285.0,142.5,0.22,0.115
C07632,3,195.89,65.29666666666667,0.2,0.07333333333333333
C10079,5,2036.04,407.20799999999997,0.14,0.078
C10763,4,573.35,143.3375,0.24,0.16
C09928,1,51.99,51.99,0.02,0.02
C01844,3,107.61,35.87,0.31,0.15
C06684,4,1165.26,291.315,0.83,0.385
C13055,1,997.85,997.85,0.33,0.33
C09764,1,553.94,553.94,0.13,0.13
C07309,3,324.01,108.00333333333333,0.07,0.05333333333333334
C06553,4,950.11,237.5275,0.25,0.14
C07921,2,67.86,33.93,0.08,0.06
C01083,3,65.39,21.796666666666667,0.07,0.04
C08369,3,321.93,107.31,0.16,0.09333333333333334
C08784,1,113.06,113.06,0.2,0.2
C00822,2,89.87,44.935,0.01,0.01
C12633,4,141.25,35.3125,0.35,0.11249999999999999
C00268,10,316.59,31.659,0.27,0.10800000000000001
C09480,5,1050.14,210.02800000000002,0.18,0.122
C13136,3,1154.45,384.81666666666666,0.2,0.14333333333333334
C06950,2,588.9300000000001,294.46500000000003,0.6,0.435
C07600,5,199.64,39.928,0.27,0.138
C05531,2,200.01,100.005,0.19,0.11
C00377,1,27.46,27.46,0.33,0.33
C08270,2,255.05,127.525,0.06,0.045
C00326,5,1019.5699999999999,203.914,0.2,0.10800000000000001
C11261,3,133.79,44.596666666666664,0.22,0.10333333333333333
C00880,1,136.09,136.09,0.26,0.26
C08026,1,54.57,54.57,0.03,0.03
C05301,1,59.09,59.09,0.11,0.11
C12616,3,425.81,141.93666666666667,0.31,0.16333333333333333
C07624,1,57.99,57.99,0.16,0.16
C12256,1,135.94,135.94,0.08,0.08
C11408,1,28.49,28.49,0.15,0.15
C12182,1,57.99,57.99,0.13,0.13
C02893,1,107.97,107.97,0.07,0.07
C01497,1,53.9,53.9,0.12,0.12
C04927,1,50.03,50.03,0.2,0.2
C11368,1,108.47,108.47,0.19,0.19
C06245,1,54.5,54.5,0.5,0.5
C04087,1,130.99,130.99,0.06,0.06
C11235,1,182.95,182.95,0.11,0.11
C08350,1,150.0,150.0,0.09,0.09
C12866,6,1046.08,174.34666666666666,0.19,0.06999999999999999
C10477,1,109.06,109.06,0.1,0.1
C11649,1,370.04,370.04,0.06,0.06
C11819,2,88.03,44.015,0.09,0.049999999999999996
C11864,3,123.11,41.03666666666667,0.22,0.12333333333333334
C03985,3,182.1,60.699999999999996,0.3,0.17
C09686,1,15.71,15.71,0.05,0.05
C02135,1,54.47,54.47,0.02,0.02
C08641,1,199.92,199.92,0.02,0.02
C05915,3,155.87,51.95666666666667,0.08,0.056666666666666664
C01976,3,87.42,29.14,0.17,0.11666666666666668
C11136,1,15.06,15.06,0.3,0.3
C12037,3,132.56,44.18666666666667,0.25,0.12666666666666668
C09310,1,117.03,117.03,0.12,0.12
C12596,3,729.94,243.31333333333336,0.18,0.12
C01443,3,171.91,57.303333333333335,0.39,0.18333333333333335
C06260,2,83.03999999999999,41.519999999999996,0.29,0.265
C05241,1,59.08,59.08,0.22,0.22
C01477,4,185.79999999999998,46.449999999999996,0.14,0.0475
C06615,1,54.98,54.98,0.11,0.11
C07888,2,181.53,90.765,0.36,0.19
C00647,3,342.42,114.14,0.15,0.09000000000000001
C09552,1,160.03,160.03,0.06,0.06
C11054,5,255.78,51.156,0.19,0.072
C08301,1,554.06,554.06,0.11,0.11
C04158,7,312.94,44.705714285714286,0.15,0.06571428571428571
C08394,1,50.01,50.01,0.73,0.73
C04791,2,317.9,158.95,0.11,0.095
C11748,1,77.91,77.91,0.04,0.04
C05920,3,110.91,36.97,0.39,0.24666666666666667
C02216,4,271.85,67.9625,0.17,0.085
C07390,3,263.9,87.96666666666665,0.72,0.4566666666666667
C02633,13,591.21,45.47769230769231,0.4,0.12384615384615386
C05085,2,156.99,78.495,0.12,0.065
C08667,2,649.9100000000001,324.95500000000004,0.12,0.075
C02580,1,88.08,88.08,0.22,0.22
C04012,1,56.5,56.5,0.19,0.19
C02004,4,167.06,41.765,0.14,0.08
C08873,3,733.02,244.34,0.17,0.08666666666666667
C06941,1,116.99,116.99,0.27,0.27
C12176,10,1037.63,103.763,0.46,0.161
C03564,6,1483.92,247.32000000000002,0.72,0.18833333333333332
C03222,1,334.99,334.99,0.01,0.01
C00418,2,5290.28,2645.14,0.26,0.155
C01195,6,336.96000000000004,56.160000000000004,0.19,0.08666666666666667
C12834,2,169.44,84.72,0.19,0.1
C03617,1,200.08,200.08,0.21,0.21
C04750,1,59.03,59.03,0.32,0.32
C11692,3,987.45,329.15000000000003,0.27,0.16666666666666666
C12379,1,113.02,113.02,0.01,0.01
C01558,5,2114.95,422.98999999999995,0.16,0.07999999999999999
C03110,4,1355.59,338.8975,0.29,0.12000000000000001
C09012,1,54.44,54.44,0.06,0.06
C09706,1,116.98,116.98,0.18,0.18
C03468,3,69.16,23.05333333333333,0.33,0.14
C10887,2,120.9,60.45,0.4,0.20500000000000002
C02016,2,263.93,131.965,0.44,0.28500000000000003
C12482,1,29.04,29.04,0.16,0.16
C05803,1,38.97,38.97,0.06,0.06
C05198,1,170.96,170.96,0.26,0.26
C08033,5,1000.15,200.03,0.54,0.23000000000000004
C00916,1,268.35,268.35,0.16,0.16
C00328,2,250.0,125.0,0.08,0.045
C05898,1,58.4,58.4,0.24,0.24
C02268,1,29.3,29.3,0.13,0.13
C06419,2,117.94,58.97,0.21,0.12
C02495,2,439.11,219.555,0.08,0.055
C03627,8,447.86,55.9825,0.3,0.1125
C08227,1,52.61,52.61,0.01,0.01
C11200,14,640.51,45.75071428571429,0.35,0.12571428571428572
C10200,1,279.92,279.92,0.23,0.23
C11133,1,24.96,24.96,0.03,0.03
C10689,2,87.96000000000001,43.980000000000004,0.11,0.11
C08603,2,406.99,203.495,0.12,0.1
C00365,2,350.13,175.065,0.16,0.125
C00497,1,554.07,554.07,0.03,0.03
C05310,1,57.91,57.91,0.02,0.02
C07540,2,341.99,170.995,0.15,0.095
C05926,3,137.04,45.68,0.27,0.11666666666666668
C00366,1,56.44,56.44,0.13,0.13
C12423,2,229.03000000000003,114.51500000000001,0.31,0.18
C04053,1,18.01,18.01,0.08,0.08
C01483,2,455.93,227.965,0.22,0.14500000000000002
C11066,1,29.07,29.07,0.12,0.12
C04008,3,369.03,123.00999999999999,0.27,0.13333333333333333
C02984,1,42.92,42.92,0.09,0.09
C10105,11,369.71,33.61,0.33,0.1881818181818182
C05104,2,426.02,213.01,0.18,0.09999999999999999
C10104,2,262.84,131.42,0.07,0.065
C06505,2,43.95,21.975,0.21,0.13
C00775,2,35.06,17.53,0.03,0.02
C13545,1,116.92,116.92,0.18,0.18
C01345,1,335.01,335.01,0.03,0.03
C04813,1,58.99,58.99,0.13,0.13
C09555,4,1379.3,344.825,0.45,0.20500000000000002
C10277,1,48.96,48.96,0.17,0.17
C04495,2,104.52000000000001,52.260000000000005,0.07,0.045000000000000005
C00340,11,807.54,73.41272727272727,0.2,0.10181818181818182
C07815,1,49.93,49.93,0.24,0.24
C03690,7,337.72,48.24571428571429,0.27,0.11
C04110,1,268.21,268.21,0.17,0.17
C07415,6,264.27,44.044999999999995,0.21,0.13833333333333334
C06825,1,125.07,125.07,0.13,0.13
C12917,2,227.97,113.985,0.07,0.045000000000000005
C11605,1,114.01,114.01,0.15,0.15
C01839,1,29.08,29.08,0.21,0.21
C01913,3,141.55,47.18333333333334,0.08,0.043333333333333335
C07034,2,464.1,232.05,0.35,0.25
C06226,3,773.96,257.9866666666667,0.07,0.030000000000000002
C11338,4,750.01,187.5025,0.75,0.3325
C07785,2,998.95,499.475,0.09,0.055
C03031,1,50.08,50.08,0.08,0.08
C03907,1,69.9,69.9,0.03,0.03
C02081,1,124.08,124.08,0.17,0.17
C13107,2,571.9699999999999,285.98499999999996,0.33,0.17500000000000002
C11115,1,53.94,53.94,0.09,0.09
C08255,2,808.3299999999999,404.16499999999996,0.09,0.07
C12650,1,17.46,17.46,0.18,0.18
C07943,1,214.99,214.99,0.07,0.07
C12294,1,91.94,91.94,0.26,0.26
C12134,31,2820.57,90.98612903225806,0.45,0.13709677419354838
C01511,9,792.76,88.08444444444444,0.6,0.17444444444444446
C04892,4,254.06,63.515,0.15,0.11
C01054,1,107.88,107.88,0.07,0.07
C04459,1,22.59,22.59,0.16,0.16
C01505,1,72.92,72.92,0.07,0.07
C11783,12,1737.17,144.76416666666668,0.62,0.19999999999999998
C08003,1,1865.76,1865.76,0.03,0.03
C08879,1,116.97,116.97,0.11,0.11
C07289,1,58.04,58.04,0.08,0.08
C09740,2,103.83,51.915,0.17,0.115
C06985,1,334.91,334.91,0.29,0.29
C01433,13,596.15,45.857692307692304,0.88,0.2915384615384615
C06448,3,415.9,138.63333333333333,0.54,0.34
C09214,1,179.1,179.1,0.16,0.16
C13164,7,342.52,48.93142857142857,0.32,0.08571428571428572
C01955,1,108.41,108.41,0.04,0.04
C01811,1,54.4,54.4,0.48,0.48
C04331,1,48.02,48.02,0.1,0.1
C02186,2,92.99000000000001,46.495000000000005,0.38,0.2
C01541,2,103.36,51.68,0.14,0.13
C12560,1,210.0,210.0,0.3,0.3
C08444,1,112.92,112.92,0.02,0.02
C09858,2,588.98,294.49,0.82,0.5599999999999999
C02257,1,170.97,170.97,0.08,0.08
C04939,1,38.98,38.98,0.7,0.7
C01778,1,199.99,199.99,0.44,0.44
C00333,1,33.92,33.92,0.13,0.13
C01532,2,99.0,49.5,0.09,0.065
C06806,1,117.03,117.03,0.05,0.05
C09492,17,186.61,10.977058823529413,0.78,0.24176470588235296
C00242,1,107.97,107.97,0.07,0.07
C00678,4,202.48000000000002,50.620000000000005,0.82,0.3575
C13158,2,55.790000000000006,27.895000000000003,0.77,0.4
C05042,1,19.92,19.92,0.12,0.12
C04630,4,160.44,40.11,0.45,0.1875
C01445,7,166.44,23.777142857142856,0.78,0.23571428571428574
C00899,2,176.62,88.31,0.11,0.09
C10129,1,224.32,224.32,0.93,0.93
C06003,5,278.0,55.6,0.25,0.09
C05280,3,1351.22,450.4066666666667,0.24,0.14
C03113,3,430.72,143.57333333333335,0.35,0.21666666666666665
C10353,2,297.14,148.57,0.38,0.245
C04539,1,77.06,77.06,0.01,0.01
C00603,1,50.08,50.08,0.14,0.14
C08278,1,149.95,149.95,0.04,0.04
C02951,1,35.89,35.89,0.17,0.17
C02258,1,49.09,49.09,0.2,0.2
C07788,4,124.64,31.16,0.08,0.05
C04869,3,206.82999999999998,68.94333333333333,0.45,0.24
C01956,3,351.02,117.00666666666666,0.07,0.043333333333333335
C12808,2,49.88,24.94,0.1,0.055
C10211,1,110.55,110.55,0.13,0.13
C12004,1,42.8,42.8,0.34,0.34
C08581,1,111.92,111.92,0.27,0.27
C09300,3,125.91,41.97,0.22,0.16
C03884,7,331.98,47.425714285714285,0.45,0.15857142857142859
C05873,2,511.06000000000006,255.53000000000003,0.07,0.04
C00402,2,524.7,262.35,0.38,0.28
C02224,3,1049.79,349.93,0.64,0.4466666666666666
C08472,1,453.24,453.24,0.18,0.18
C01583,1,116.95,116.95,0.06,0.06
C11051,1,264.69,264.69,0.04,0.04
C11023,2,201.55,100.775,0.19,0.14500000000000002
C12087,1,75.09,75.09,0.15,0.15
C07144,1,104.96,104.96,0.2,0.2
C11832,1,117.04,117.04,0.12,0.12
C09254,2,103.47,51.735,0.1,0.060000000000000005
C07183,1,63.01,63.01,0.08,0.08
C10864,1,29.04,29.04,0.08,0.08
C12582,2,539.45,269.725,0.31,0.20500000000000002
C02080,1,39.45,39.45,0.3,0.3
C00881,2,122.55,61.275,0.85,0.495
C02370,5,274.58,54.916,0.24,0.122
C12713,1,210.01,210.01,0.15,0.15
C07111,1,109.97,109.97,0.61,0.61
C10069,1,88.3,88.3,0.2,0.2
C09388,4,519.72,129.93,0.58,0.3175
C05792,4,130.13,32.5325,0.38,0.175
C08788,1,944.92,944.92,0.04,0.04
C03710,1,125.04,125.04,0.08,0.08
C04287,1,445.02,445.02,0.34,0.34
C04913,2,67.11,33.555,0.06,0.04
C04463,5,456.81,91.362,0.38,0.124
C07475,6,958.12,159.68666666666667,0.27,0.10833333333333334
C13533,1,13.47,13.47,0.22,0.22
C04099,2,215.85,107.925,0.04,0.03
C09428,1,1547.87,1547.87,0.07,0.07
C03180,5,199.81,39.962,0.18,0.098
C06999,15,648.45,43.230000000000004,0.28,0.12400000000000001
C09896,2,318.0,159.0,0.18,0.125
C04023,1,108.51,108.51,0.05,0.05
C02524,3,350.92,116.97333333333334,0.2,0.12666666666666668
C08062,7,792.84,113.26285714285714,0.36,0.21285714285714286
C10710,4,187.15,46.7875,0.24,0.16
C10978,5,950.08,190.01600000000002,0.41,0.16199999999999998
C10096,2,2208.04,1104.02,0.25,0.13
C13396,2,303.0,151.5,0.07,0.07
C08970,3,339.86,113.28666666666668,0.16,0.09000000000000001
C00526,1,116.93,116.93,0.21,0.21
C01202,1,33.95,33.95,0.07,0.07
C03041,4,530.11,132.5275,0.22,0.125
C09932,1,48.94,48.94,0.17,0.17
C13496,1,554.04,554.04,0.02,0.02
C05400,1,35.98,35.98,0.34,0.34
C01329,2,127.25,63.625,0.13,0.095
C02271,1,25.13,25.13,0.05,0.05
C05389,1,149.94,149.94,0.1,0.1
C02941,2,78.06,39.03,0.24,0.175
C01114,1,171.04,171.04,0.01,0.01
C07301,1,58.91,58.91,0.19,0.19
C08004,3,295.14,98.38,0.86,0.38999999999999996
C08396,3,534.74,178.24666666666667,0.16,0.11
C05829,1,16.58,16.58,0.06,0.06
C04475,5,465.02,93.00399999999999,0.22,0.096
C07036,3,881.85,293.95,0.33,0.18000000000000002
C09412,1,225.95,225.95,0.04,0.04
C02109,1,643.98,643.98,0.15,0.15
C03399,1,51.02,51.02,0.62,0.62
C09183,1,39.86,39.86,0.1,0.1
C06997,2,833.99,416.995,0.06,0.045
C08388,2,178.0,89.0,0.22,0.155
C07047,6,1846.88,307.81333333333333,0.29,0.13666666666666666
C06447,1,24.45,24.45,0.15,0.15
C08066,3,3694.28,1231.4266666666667,0.13,0.08333333333333333
C07099,2,406.9,203.45,0.05,0.035
C09526,1,117.09,117.09,0.11,0.11
C09462,2,199.95,99.975,0.09,0.049999999999999996
C12133,1,774.08,774.08,0.23,0.23
C04987,1,149.91,149.91,0.13,0.13
C13224,1,160.0,160.0,0.03,0.03
C11887,4,463.9,115.975,0.2,0.14500000000000002
C00705,2,85.98,42.99,0.19,0.13
C06830,1,53.95,53.95,0.05,0.05
C06880,4,106.53,26.6325,0.64,0.38
C05329,1,61.86,61.86,0.24,0.24
C08621,7,863.6500000000001,123.37857142857145,0.17,0.05714285714285715
C00283,2,193.89,96.945,0.13,0.12
C00900,1,150.02,150.02,0.4,0.4
C06757,2,1453.94,726.97,0.79,0.455
C13197,2,182.92000000000002,91.46000000000001,0.74,0.425
C13490,4,376.02,94.005,0.33,0.12
C11373,1,99.95,99.95,0.05,0.05
C09117,2,600.13,300.065,0.54,0.28500000000000003
C02557,4,499.57000000000005,124.89250000000001,0.68,0.25
C05862,3,466.95,155.65,0.23,0.11
C05674,2,250.02,125.01,0.13,0.1
C08036,3,640.08,213.36,0.14,0.10000000000000002
C01432,1,52.21,52.21,0.22,0.22
C11911,1,99.93,99.93,0.11,0.11
C03692,5,761.9100000000001,152.382,0.41,0.194
C08777,1,99.98,99.98,0.02,0.02
C12974,5,173.44,34.688,0.22,0.15
C00499,1,92.04,92.04,0.05,0.05
C01243,1,96.09,96.09,0.13,0.13
C03309,1,44.0,44.0,0.14,0.14
C09216,1,499.95,499.95,0.08,0.08
C12082,3,110.32,36.77333333333333,0.17,0.11666666666666668
C10589,2,19.47,9.735,0.12,0.065
C12956,2,82.41,41.205,0.19,0.15
C00910,1,300.03,300.03,0.61,0.61
C06589,1,56.79,56.79,0.09,0.09
C08506,1,206.03,206.03,0.01,0.01
C04654,2,317.96000000000004,158.98000000000002,0.14,0.07500000000000001
C12978,1,155.93,155.93,0.05,0.05
C08470,1,117.07,117.07,0.11,0.11
C07659,1,40.26,40.26,0.62,0.62
C00751,4,268.98,67.245,0.19,0.1175
C05564,5,208.47,41.694,0.43,0.192
C09277,1,48.94,48.94,0.11,0.11
C09864,2,121.04,60.52,0.18,0.155
C01516,2,103.27000000000001,51.635000000000005,0.43,0.235
C04911,1,58.94,58.94,0.06,0.06
C03544,5,610.98,122.196,0.21,0.086
C09279,1,62.35,62.35,0.45,0.45
C02441,1,48.91,48.91,0.01,0.01
C09847,2,135.88,67.94,0.16,0.11
C07643,1,47.89,47.89,0.1,0.1
C01496,2,73.9,36.95,0.17,0.165
C11295,1,49.94,49.94,0.03,0.03
C10844,6,89.38,14.896666666666667,0.21,0.10166666666666667
C04298,1,48.02,48.02,0.03,0.03
C00170,6,1145.72,190.95333333333335,0.77,0.49333333333333335
C13075,3,1918.06,639.3533333333334,0.88,0.3466666666666667
C06236,3,92.47999999999999,30.826666666666664,0.13,0.06333333333333334
C02498,1,49.93,49.93,0.14,0.14
C06196,2,93.02,46.51,0.13,0.125
C04485,2,400.89000000000004,200.44500000000002,0.22,0.12
C02390,1,76.95,76.95,0.06,0.06
C05538,4,1031.76,257.94,0.21,0.1525
C05465,3,167.96,55.98666666666667,0.23,0.14666666666666667
C07195,1,116.99,116.99,0.03,0.03
C02332,5,212.1,42.42,0.28,0.144
C01847,4,264.87,66.2175,0.21,0.1
C00023,3,706.75,235.58333333333334,0.09,0.09000000000000001
C07649,5,179.76999999999998,35.95399999999999,0.26,0.13999999999999999
C09138,1,500.06,500.06,0.06,0.06
C09958,1,117.04,117.04,0.27,0.27
C04372,4,377.22,94.305,0.43,0.1825
C12623,1,2395.63,2395.63,0.13,0.13
C12741,3,977.12,325.70666666666665,0.07,0.05333333333333334
C01527,1,214.05,214.05,0.17,0.17
C11038,1,34.05,34.05,0.04,0.04
C12065,1,58.99,58.99,0.03,0.03
C12541,1,319.91,319.91,0.14,0.14
C11993,8,490.03,61.25375,0.67,0.24875
C01745,1,107.99,107.99,0.04,0.04
C08085,2,98.03999999999999,49.019999999999996,0.19,0.14500000000000002
C00444,2,54.44,27.22,0.12,0.08
C02706,1,34.08,34.08,0.24,0.24
C08677,2,670.0,335.0,0.39,0.215
C00707,1,150.02,150.02,0.21,0.21
C03162,2,308.95000000000005,154.47500000000002,0.08,0.08
C04700,3,127.08,42.36,0.04,0.02666666666666667
C12229,2,185.35000000000002,92.67500000000001,0.22,0.15
C01475,1,58.94,58.94,0.01,0.01
C11814,1,44.39,44.39,0.06,0.06
C05502,1,59.08,59.08,0.02,0.02
C00487,2,115.99,57.995,0.11,0.11
C11451,4,999.98,249.995,0.86,0.3275
C01679,1,44.54,44.54,0.26,0.26
C10186,1,92.49,92.49,0.26,0.26
C12446,1,300.09,300.09,0.64,0.64
C12724,2,97.96000000000001,48.980000000000004,0.24,0.185
C03834,5,297.25,59.45,0.82,0.27999999999999997
C01729,1,29.04,29.04,0.27,0.27
C11535,1,74.96,74.96,0.09,0.09
C11072,1,107.87,107.87,0.03,0.03
C06541,1,500.01,500.01,0.72,0.72
C10076,1,179.13,179.13,0.03,0.03
C03480,1,49.98,49.98,0.19,0.19
C04491,5,65.16,13.032,0.18,0.098
C01722,2,134.78,67.39,0.14,0.08
C09034,1,135.91,135.91,0.12,0.12
C09282,1,36.98,36.98,0.05,0.05
C04723,2,80.66,40.33,0.54,0.28500000000000003
C01930,7,270.39,38.62714285714286,0.32,0.18714285714285714
C12924,4,236.26,59.065,0.31,0.14750000000000002
C04772,4,141.63,35.4075,0.16,0.0775
C10499,1,116.92,116.92,0.34,0.34
C09920,1,280.06,280.06,0.02,0.02
C07707,1,52.12,52.12,0.03,0.03
C04341,1,73.82,73.82,0.11,0.11
C09889,1,45.64,45.64,0.06,0.06
C05562,2,399.86,199.93,0.49,0.305
C08959,1,200.0,200.0,0.07,0.07
C12215,3,5094.95,1698.3166666666666,0.19,0.13
C06488,2,54.9,27.45,0.04,0.035
C05167,7,371.0,53.0,0.19,0.10714285714285714
C04786,3,200.16,66.72,0.18,0.10333333333333333
C06153,4,1558.07,389.5175,0.45,0.16999999999999998
C02964,9,1113.12,123.67999999999999,0.22,0.07666666666666666
C12613,1,58.95,58.95,0.31,0.31
C03860,1,47.16,47.16,0.09,0.09
C07251,10,330.18,33.018,0.33,0.10900000000000001
C07259,1,38.93,38.93,0.29,0.29
C11974,1,199.92,199.92,0.11,0.11
C10702,4,669.9100000000001,167.47750000000002,0.12,0.055
C01535,1,397.04,397.04,0.09,0.09
C03265,1,553.99,553.99,0.02,0.02
C08516,2,95.77,47.885,0.18,0.09999999999999999
C03568,1,59.53,59.53,0.24,0.24
C01567,1,103.95,103.95,0.33,0.33
C08816,3,320.0,106.66666666666667,0.19,0.11
C00537,2,120.08,60.04,0.46,0.275
C13385,13,27304.22,2100.3246153846153,0.21,0.08615384615384615
C12360,1,50.08,50.08,0.14,0.14
C06822,6,1242.41,207.06833333333336,0.25,0.09666666666666666
C09959,6,232.79,38.79833333333333,0.21,0.10833333333333334
C13159,5,550.02,110.00399999999999,0.67,0.30200000000000005
C10533,5,270.07,54.013999999999996,0.26,0.15
C12631,1,100.03,100.03,0.09,0.09
C04374,1,101.97,101.97,0.09,0.09
C12049,1,49.07,49.07,0.45,0.45
C06713,3,224.35,74.78333333333333,0.39,0.17333333333333334
C11090,1,99.99,99.99,0.4,0.4
C04690,1,34.48,34.48,0.02,0.02
C12361,1,279.91,279.91,0.25,0.25
C07922,1,450.47,450.47,0.01,0.01
C05929,1,29.26,29.26,0.06,0.06
C05878,1,36.91,36.91,0.64,0.64
C12085,4,239.95000000000002,59.987500000000004,0.18,0.10250000000000001
C11785,4,234.22,58.555,0.09,0.042499999999999996
C06839,2,582.93,291.465,0.18,0.13
C09364,1,16.22,16.22,0.49,0.49
C12893,1,212.28,212.28,0.01,0.01
C04116,1,76.99,76.99,0.04,0.04
C02384,1,719.92,719.92,0.01,0.01
C00413,1,108.58,108.58,0.09,0.09
C13069,1,100.05,100.05,0.36,0.36
C12624,1,648.14,648.14,0.01,0.01
C11439,1,76.99,76.99,0.04,0.04
C08702,1,311.95,311.95,0.07,0.07
C07546,8,433.26,54.1575,0.25,0.10125
C01113,2,526.9300000000001,263.46500000000003,0.09,0.055
C01632,1,117.03,117.03,0.17,0.17
C06720,2,97.51,48.755,0.05,0.05
C11058,1,1010.1,1010.1,0.07,0.07
C04219,2,16.27,8.135,0.05,0.035
C04662,2,1332.94,666.47,0.16,0.155
C10443,3,96.93,32.31,0.11,0.06666666666666667
C04045,1,150.02,150.02,0.21,0.21
C05204,3,332.21000000000004,110.73666666666668,0.15,0.07333333333333332
C06060,1,49.93,49.93,0.1,0.1
C07690,1,300.03,300.03,0.63,0.63
C03296,4,371.59000000000003,92.89750000000001,0.58,0.37
C05591,2,190.52,95.26,0.1,0.060000000000000005
C02957,1,57.96,57.96,0.03,0.03
C02736,1,38.91,38.91,0.06,0.06
C07967,1,50.01,50.01,0.06,0.06
C02234,3,214.89,71.63,0.22,0.16
C11763,1,45.86,45.86,0.07,0.07
C02220,2,175.97,87.985,0.33,0.28
C10115,1,31.87,31.87,0.11,0.11
C06405,2,2061.59,1030.795,0.14,0.08
C09113,1,5.75,5.75,0.13,0.13
C04975,1,50.02,50.02,0.18,0.18
C07292,1,226.09,226.09,0.24,0.24
C01356,1,113.08,113.08,0.14,0.14
C09497,7,1467.95,209.70714285714286,0.33,0.21571428571428572
C04558,2,411.94,205.97,0.02,0.02
C03994,2,78.08000000000001,39.040000000000006,0.36,0.185
C03742,1,15.68,15.68,0.13,0.13
C10913,4,323.88,80.97,0.25,0.1275
C09071,1,300.07,300.07,0.77,0.77
C06375,6,957.05,159.50833333333333,0.81,0.33166666666666667
C01043,1,1194.93,1194.93,0.03,0.03
C07545,5,255.16,51.032,0.33,0.13999999999999999
C05637,1,62.13,62.13,0.38,0.38
C11305,3,84.56,28.186666666666667,0.4,0.18000000000000002
C03963,1,29.05,29.05,0.13,0.13
C07184,1,103.99,103.99,0.02,0.02
C00373,2,44.65,22.325,0.23,0.18
C02367,2,244.01999999999998,122.00999999999999,0.29,0.15
C11619,1,142.05,142.05,0.27,0.27
C03342,3,594.1,198.03333333333333,0.16,0.10333333333333333
C13366,4,1434.31,358.5775,0.39,0.21250000000000002
C06377,1,5.5,5.5,0.25,0.25
C09585,1,49.01,49.01,0.29,0.29
C08390,7,405.71000000000004,57.95857142857143,0.28,0.12000000000000001
C02728,2,299.88,149.94,0.55,0.30000000000000004
C07754,1,35.92,35.92,0.16,0.16
C03462,2,341.92999999999995,170.96499999999997,0.43,0.28
C13522,3,187.01,62.336666666666666,0.25,0.16666666666666666
C07670,2,74.9,37.45,0.06,0.034999999999999996
C06207,1,107.98,107.98,0.11,0.11
C03857,1,303.95,303.95,0.29,0.29
C10758,1,39.68,39.68,0.01,0.01
C01136,1,527.04,527.04,0.04,0.04
C05701,1,26.73,26.73,0.05,0.05
C00673,1,47.27,47.27,0.18,0.18
C08974,1,200.02,200.02,0.32,0.32
C07972,1,316.1,316.1,0.23,0.23
C03674,1,28.97,28.97,0.07,0.07
C12363,1,24.99,24.99,0.1,0.1
C07488,1,1834.42,1834.42,0.11,0.11
C03727,3,150.14,50.04666666666666,0.36,0.27999999999999997
C06452,2,105.34,52.67,0.19,0.11
C10195,2,500.09000000000003,250.04500000000002,0.38,0.235
C09682,1,134.2,134.2,0.03,0.03
C07985,2,238.98000000000002,119.49000000000001,0.05,0.045
C08423,2,399.88,199.94,0.4,0.305
C01989,5,89.91,17.982,0.36,0.128
C05406,2,52.17,26.085,0.33,0.19
C06656,9,456.58,50.73111111111111,0.37,0.19444444444444445
C06359,2,49.019999999999996,24.509999999999998,0.29,0.215
C06994,5,806.85,161.37,0.25,0.10600000000000001
C02861,8,4487.8099999999995,560.9762499999999,0.23,0.08125
C09912,6,509.99,84.99833333333333,0.47,0.21
C00975,1,171.02,171.02,0.04,0.04
C01013,3,448.96999999999997,149.65666666666667,0.23,0.15666666666666668
C10232,6,599.76,99.96,0.22,0.11
C09271,1,201.27,201.27,0.3,0.3
C04878,4,439.90000000000003,109.97500000000001,0.22,0.145
C09323,1,39.97,39.97,0.03,0.03
C05974,2,510.92999999999995,255.46499999999997,0.22,0.19
C06489,11,559.02,50.82,0.27,0.10454545454545455
C10727,1,9.17,9.17,0.46,0.46
C11836,3,92.75,30.916666666666668,0.07,0.036666666666666674
C13048,1,350.06,350.06,0.78,0.78
C08772,1,75.0,75.0,0.03,0.03
C01272,1,149.98,149.98,0.2,0.2
C02301,1,64.28,64.28,0.14,0.14
C01631,1,2023.22,2023.22,0.15,0.15
C10318,3,789.95,263.31666666666666,0.29,0.2233333333333333
C05993,1,265.99,265.99,0.1,0.1
C10764,2,299.86,149.93,0.19,0.175
C03227,2,48.05,24.025,0.24,0.22
C08202,4,262.76,65.69,0.25,0.1325
C08407,6,1219.91,203.31833333333336,0.52,0.24833333333333332
C06585,1,1103.94,1103.94,0.11,0.11
C07441,1,99.99,99.99,0.02,0.02
C09895,1,24.33,24.33,0.22,0.22
C04303,3,327.94,109.31333333333333,0.21,0.14333333333333334
C11431,1,793.55,793.55,0.02,0.02
C04069,1,150.07,150.07,0.09,0.09
C07713,1,149.96,149.96,0.02,0.02
C02536,1,299.93,299.93,0.42,0.42
C06112,2,150.94,75.47,0.16,0.09
C07902,1,349.91,349.91,0.73,0.73
C08986,1,34.75,34.75,0.63,0.63
C02979,1,49.93,49.93,0.07,0.07
C13130,2,84.5,42.25,0.19,0.16999999999999998
C04850,1,150.01,150.01,0.07,0.07
C01893,4,234.78,58.695,0.06,0.042499999999999996
C10237,1,311.88,311.88,0.03,0.03
C01841,3,63.010000000000005,21.003333333333334,0.62,0.27999999999999997
C10877,3,67.39,22.463333333333335,0.29,0.2133333333333333
C07722,1,94.02,94.02,0.22,0.22
C12174,22,805.77,36.62590909090909,0.4,0.11545454545454546
C06946,1,64.26,64.26,0.2,0.2
C08338,2,400.03999999999996,200.01999999999998,0.55,0.4
C05071,1,138.02,138.02,0.17,0.17
C08267,1,39.06,39.06,0.03,0.03
C07767,50,5802.31,116.04620000000001,0.66,0.16399999999999998
C09091,2,204.14,102.07,0.02,0.015
C00064,2,125.84,62.92,0.05,0.04
C04155,1,163.47,163.47,0.01,0.01
C03236,3,425.05,141.68333333333334,0.68,0.32666666666666666
C05963,1,58.97,58.97,0.06,0.06
C12506,2,202.86,101.43,0.18,0.16999999999999998
C00079,9,1136.02,126.22444444444444,0.23,0.11555555555555556
C02243,1,279.93,279.93,0.01,0.01
C05038,4,1550.0,387.5,0.4,0.1875
C12533,2,561.11,280.555,0.09,0.08499999999999999
C04148,5,1755.6100000000001,351.122,0.11,0.07
C06019,3,410.02,136.67333333333332,0.43,0.17666666666666667
C10523,1,31.74,31.74,0.37,0.37
C01120,3,37.53,12.51,0.2,0.12666666666666668
C06378,2,135.75,67.875,0.14,0.125
C11372,2,993.79,496.895,0.48,0.285
C02781,2,40.010000000000005,20.005000000000003,0.11,0.07
C01822,10,584.53,58.452999999999996,0.34,0.098
C07520,5,332.64,66.52799999999999,0.29,0.154
C12553,1,1021.02,1021.02,0.04,0.04
C04390,1,26.43,26.43,0.16,0.16
C00302,2,118.05000000000001,59.025000000000006,0.14,0.135
C02022,3,205.33,68.44333333333334,0.28,0.14333333333333334
C01894,2,1153.9,576.95,0.31,0.265
C10649,1,28.93,28.93,0.17,0.17
C05789,1,25.03,25.03,0.11,0.11
C08130,1,53.91,53.91,0.13,0.13
C00318,2,414.05,207.025,0.24,0.21
C00176,1,198.15,198.15,0.13,0.13
C08858,1,10.99,10.99,0.08,0.08
C08200,1,28.07,28.07,0.24,0.24
C01314,1,117.01,117.01,0.09,0.09
C12384,1,335.04,335.04,0.41,0.41
C05006,1,40.64,40.64,0.04,0.04
C04857,7,198.85,28.407142857142855,0.2,0.10142857142857142
C11333,10,550.96,55.096000000000004,0.54,0.191
C08171,2,412.11,206.055,0.35,0.255
C00948,1,41.24,41.24,0.04,0.04
C04819,9,667.9300000000001,74.21444444444445,0.35,0.14555555555555555
C09922,3,1736.53,578.8433333333334,0.38,0.15
C05959,3,200.44,66.81333333333333,0.14,0.11
C08230,1,50.96,50.96,0.03,0.03
C13172,1,27.22,27.22,0.58,0.58
C05394,1,118.02,118.02,0.03,0.03
C04171,2,58.87,29.435,0.3,0.24
C12193,6,2650.82,441.80333333333334,0.61,0.39999999999999997
C01309,2,343.13,171.565,0.26,0.14500000000000002
C03431,5,579.16,115.832,0.17,0.072
C12803,3,124.04,41.34666666666667,0.06,0.043333333333333335
C04189,1,100.06,100.06,0.15,0.15
C11248,2,139.34,69.67,0.23,0.165
C07939,1,69.41,69.41,0.14,0.14
C03190,3,380.69000000000005,126.89666666666669,0.1,0.07
C05012,1,663.99,663.99,0.03,0.03
C09485,1,101.43,101.43,0.21,0.21
C12573,1,25.04,25.04,0.09,0.09
C05405,1,58.03,58.03,0.03,0.03
C05482,1,53.97,53.97,0.04,0.04
C00118,2,350.01,175.005,0.22,0.12
C09190,1,85.51,85.51,0.01,0.01
C12584,2,146.04,73.02,0.17,0.115
C08886,1,20.23,20.23,0.13,0.13
C12535,1,329.99,329.99,0.04,0.04
C03962,2,2719.1400000000003,1359.5700000000002,0.3,0.155
C11631,4,599.9200000000001,149.98000000000002,0.45,0.1975
C00131,3,154.81,51.60333333333333,0.34,0.15333333333333335
C01256,3,594.59,198.1966666666667,0.18,0.09999999999999999
C08745,1,38.99,38.99,0.14,0.14
C09794,6,331.15000000000003,55.19166666666667,0.41,0.11499999999999999
C10409,1,81.38,81.38,0.21,0.21
C11212,1,226.07,226.07,0.33,0.33
C12273,1,260.08,260.08,0.16,0.16
C13379,3,750.0699999999999,250.0233333333333,0.22,0.09999999999999999
C01042,1,45.79,45.79,0.05,0.05
C06796,4,149.56,37.39,0.49,0.2275
C07598,2,156.07,78.035,0.1,0.060000000000000005
C05857,8,847.74,105.9675,0.29,0.125
C10269,1,10.87,10.87,0.3,0.3
C12580,2,131.89000000000001,65.94500000000001,0.29,0.15
C09322,1,140.98,140.98,0.15,0.15
C04842,1,200.05,200.05,0.16,0.16
C06442,4,316.83000000000004,79.20750000000001,0.37,0.14500000000000002
C12204,6,2749.17,458.195,0.31,0.1366666666666667
C07877,1,96.95,96.95,0.32,0.32
C03522,2,800.01,400.005,0.09,0.049999999999999996
C07774,1,421.26,421.26,0.06,0.06
C03953,1,334.96,334.96,0.39,0.39
C03859,2,308.42,154.21,0.16,0.1
C10060,1,100.02,100.02,0.18,0.18
C05900,7,428.55,61.221428571428575,0.39,0.24571428571428572
C11693,1,9.97,9.97,0.24,0.24
C00883,1,200.07,200.07,0.16,0.16
C12783,2,62.84,31.42,0.36,0.195
C01086,1,113.87,113.87,0.34,0.34
C11686,4,3020.9500000000003,755.2375000000001,0.81,0.41000000000000003
C01506,5,697.05,139.41,0.16,0.10800000000000001
C09230,1,126.67,126.67,0.17,0.17
C01247,1,60.35,60.35,0.14,0.14
C03529,2,54.93,27.465,0.16,0.11
C09275,7,329.24,47.034285714285716,0.12,0.04857142857142858
C02704,3,537.49,179.16333333333333,0.91,0.5666666666666668
C10801,1,13.26,13.26,0.07,0.07
C02426,1,49.39,49.39,0.01,0.01
C03849,1,108.53,108.53,0.04,0.04
C12551,1,17.92,17.92,0.25,0.25
C06596,4,46.31,11.5775,0.33,0.18
C09199,1,99.95,99.95,0.07,0.07
C11104,1,200.0,200.0,0.33,0.33
C00030,1,170.94,170.94,0.12,0.12
C01576,1,199.93,199.93,0.05,0.05
C00091,1,30.74,30.74,0.01,0.01
C06882,3,524.97,174.99,0.67,0.43333333333333335
C07820,1,70.64,70.64,0.25,0.25
C09859,1,56.06,56.06,0.12,0.12
C01754,1,149.91,149.91,0.04,0.04
C07573,1,294.91,294.91,0.1,0.1
C04837,1,69.02,69.02,0.06,0.06
C03260,8,612.26,76.5325,0.5,0.14750000000000002
C00316,1,50.02,50.02,0.43,0.43
C02058,1,335.06,335.06,0.05,0.05
C09874,5,546.91,109.38199999999999,0.2,0.092
C01022,2,274.85,137.425,0.38,0.255
C13330,1,444.71,444.71,0.33,0.33
C05525,1,116.91,116.91,0.09,0.09
C02735,1,277.87,277.87,0.21,0.21
C08487,2,78.08,39.04,0.09,0.06
C03624,1,100.02,100.02,0.01,0.01
C07427,1,100.09,100.09,0.01,0.01
C10782,4,850.19,212.5475,0.87,0.4375
C04631,3,729.0400000000001,243.01333333333335,0.41,0.14666666666666664
C07549,6,342.03999999999996,57.00666666666666,0.5,0.21666666666666667
C10336,1,669.95,669.95,0.11,0.11
C07018,4,590.26,147.565,0.29,0.1475
C06475,3,100.89,33.63,0.24,0.13999999999999999
C03886,1,58.97,58.97,0.25,0.25
C05910,1,57.91,57.91,0.23,0.23
C08220,1,5.08,5.08,0.05,0.05
C02116,8,483.0,60.375,0.61,0.27375
C03875,1,354.96,354.96,0.54,0.54
C10489,1,43.02,43.02,0.42,0.42
C06902,1,15.07,15.07,0.02,0.02
C07079,1,83.0,83.0,0.12,0.12
C09801,5,852.86,170.572,0.35,0.16999999999999998
C00680,2,652.6,326.3,0.2,0.12000000000000001
C04323,1,116.97,116.97,0.02,0.02
C12220,1,883.96,883.96,0.13,0.13
C04692,3,449.9,149.96666666666667,0.14,0.10000000000000002
C05144,2,48.57,24.285,0.13,0.10500000000000001
C01736,1,24.54,24.54,0.02,0.02
C05706,1,99.97,99.97,0.01,0.01
C08548,1,59.06,59.06,0.03,0.03
C10160,6,339.53,56.58833333333333,0.24,0.05833333333333333
C05035,1,49.95,49.95,0.04,0.04
C11042,1,613.04,613.04,0.21,0.21
C03779,1,91.98,91.98,0.25,0.25
C08158,2,452.07000000000005,226.03500000000003,0.18,0.155
C12972,2,150.13,75.065,0.85,0.615
C08740,1,221.92,221.92,0.04,0.04
C10854,1,610.24,610.24,0.02,0.02
C08843,2,359.89,179.945,0.17,0.09000000000000001
C13474,1,276.02,276.02,0.01,0.01
C12790,2,844.8,422.4,0.28,0.24000000000000002
C04711,1,25.04,25.04,0.13,0.13
C11325,1,209.92,209.92,0.27,0.27
C10290,1,97.13,97.13,0.04,0.04
C07098,3,189.86,63.28666666666667,0.18,0.11666666666666665
C03606,2,259.0,129.5,0.04,0.025
C04608,1,132.63,132.63,0.09,0.09
C07202,7,100.47,14.352857142857143,0.25,0.1642857142857143
C04849,3,323.89,107.96333333333332,0.32,0.19333333333333336
C04221,1,52.74,52.74,0.11,0.11
C01725,5,378.06,75.612,0.47,0.244
C10536,1,108.02,108.02,0.1,0.1
C10090,6,144.97,24.161666666666665,0.26,0.12
C09699,1,24.45,24.45,0.09,0.09
C06921,3,157.07,52.35666666666666,0.21,0.10333333333333333
C10882,1,77.05,77.05,0.09,0.09
C02601,1,28.96,28.96,0.04,0.04
C01366,1,492.93,492.93,0.14,0.14
C09023,4,210.7,52.675,0.73,0.2275
C05771,1,49.05,49.05,0.28,0.28
C01449,2,67.99000000000001,33.995000000000005,0.13,0.08
C09505,1,22.26,22.26,0.07,0.07
C06273,3,258.5,86.16666666666667,0.14,0.08333333333333333
C09534,1,390.08,390.08,0.11,0.11
C06066,1,100.03,100.03,0.24,0.24
C03455,2,116.95,58.475,0.53,0.33
C08714,7,883.39,126.19857142857143,0.27,0.1285714285714286
C01625,1,883.93,883.93,0.14,0.14
C12200,9,3102.59,344.7322222222222,0.15,0.09444444444444444
C11016,1,24.81,24.81,0.19,0.19
C07783,1,48.97,48.97,0.03,0.03
C03958,1,124.99,124.99,0.08,0.08
C00349,4,297.11,74.2775,0.31,0.1325
C12013,2,34.3,17.15,0.2,0.15000000000000002
C13168,1,445.55,445.55,0.05,0.05
C07610,1,74.03,74.03,0.04,0.04
C08054,1,11.44,11.44,0.15,0.15
C03045,1,40.62,40.62,0.43,0.43
C13363,1,529.09,529.09,0.33,0.33
C11869,4,889.88,222.47,0.24,0.105
C04490,1,100.04,100.04,0.13,0.13
C04584,1,593.55,593.55,0.35,0.35
C06507,2,78.16,39.08,0.05,0.04
C11349,4,403.22,100.805,0.23,0.1475
C10521,1,69.4,69.4,0.01,0.01
C09875,1,30.61,30.61,0.09,0.09
C10436,1,59.95,59.95,0.1,0.1
C02600,1,33.19,33.19,0.32,0.32
C00412,2,483.06,241.53,0.12,0.08499999999999999
C13074,1,171.08,171.08,0.04,0.04
C11902,1,29.96,29.96,0.01,0.01
C05139,1,78.11,78.11,0.1,0.1
C04187,9,1629.94,181.10444444444445,0.87,0.41333333333333333
C08216,2,9.14,4.57,0.12,0.11
C08442,1,58.96,58.96,0.05,0.05
C11234,2,65.42,32.71,0.34,0.17500000000000002
C06141,6,1072.9299999999998,178.82166666666663,0.34,0.145
C10510,1,26.87,26.87,0.15,0.15
C11551,2,124.99,62.495,0.03,0.025
C05000,1,49.95,49.95,0.17,0.17
C13477,3,479.96000000000004,159.98666666666668,0.25,0.12
C08633,2,18.6,9.3,0.38,0.24
C00217,3,368.13,122.71,0.14,0.08333333333333333
C07132,2,264.09000000000003,132.04500000000002,0.25,0.16
C11752,3,2972.9,990.9666666666667,0.14,0.08666666666666667
C01097,1,554.04,554.04,0.1,0.1
C10028,1,48.95,48.95,0.18,0.18
C11572,1,56.02,56.02,0.08,0.08
C03055,1,487.92,487.92,0.16,0.16
C06163,13,1698.13,130.62538461538463,0.72,0.2107692307692308
C09738,1,200.04,200.04,0.19,0.19
C11218,2,115.84,57.92,0.06,0.04
C06106,1,34.09,34.09,0.35,0.35
C08763,3,485.0,161.66666666666666,0.11,0.09999999999999999
C07324,1,16.08,16.08,0.21,0.21
C11521,1,60.33,60.33,0.22,0.22
C13356,1,58.98,58.98,0.21,0.21
C04364,1,44.51,44.51,0.03,0.03
C11922,5,390.79,78.158,0.27,0.14
C12138,1,30.95,30.95,0.23,0.23
C07853,2,299.94,149.97,0.14,0.12000000000000001
C05667,1,281.78,281.78,0.1,0.1
C10194,1,25.01,25.01,0.01,0.01
C08435,1,210.0,210.0,0.15,0.15
C09408,4,196.06,49.015,0.17,0.08750000000000001
C01914,1,42.01,42.01,0.11,0.11
C07672,3,177.19,59.06333333333333,0.21,0.14333333333333334
C06725,1,95.61,95.61,0.02,0.02
C00046,3,394.44,131.48,0.19,0.1366666666666667
C02051,1,57.52,57.52,0.11,0.11
C02603,1,300.01,300.01,0.38,0.38
C00605,3,1035.03,345.01,0.38,0.23666666666666666
C13112,1,225.98,225.98,0.06,0.06
C00074,2,131.51,65.755,0.12,0.08
C04217,1,6.61,6.61,0.11,0.11
C12021,42,5566.43,132.5340476190476,0.5,0.13142857142857145
C09263,1,160.86,160.86,0.01,0.01
C12331,1,124.98,124.98,0.27,0.27
C07532,1,161.48,161.48,0.17,0.17
C04906,1,108.02,108.02,0.08,0.08
C09866,1,59.05,59.05,0.25,0.25
C00011,3,233.83,77.94333333333334,0.08,0.07
C01934,1,13.21,13.21,0.86,0.86
C08221,2,58.13,29.065,0.03,0.02
C08988,1,59.04,59.04,0.26,0.26
C05177,3,351.06,117.02,0.43,0.26333333333333336
C04991,4,400.09,100.0225,0.33,0.14250000000000002
C03233,1,199.93,199.93,0.14,0.14
C02060,1,108.53,108.53,0.06,0.06
C06355,1,226.07,226.07,0.24,0.24
C02061,2,115.56,57.78,0.12,0.075
C06916,1,124.87,124.87,0.18,0.18
C10116,3,715.0,238.33333333333334,0.21,0.11333333333333334
C11924,3,609.05,203.01666666666665,0.15,0.056666666666666664
C04617,4,2091.88,522.97,0.16,0.0925
C05237,2,141.9,70.95,0.04,0.025
C11179,3,404.90999999999997,134.97,0.1,0.08333333333333333
C01453,2,2353.9300000000003,1176.9650000000001,0.12,0.075
C11570,2,179.87,89.935,0.02,0.015
C11106,1,49.04,49.04,0.13,0.13
C02473,2,164.26999999999998,82.13499999999999,0.06,0.045
C13551,1,44.92,44.92,0.05,0.05
C06953,1,144.7,144.7,0.22,0.22
C13217,2,54.84,27.42,0.15,0.08499999999999999
C08139,1,107.9,107.9,0.05,0.05
C05299,1,77.02,77.02,0.01,0.01
C00077,1,53.64,53.64,0.08,0.08
C13106,2,139.85,69.925,0.18,0.155
C02820,1,50.07,50.07,0.13,0.13
C12392,2,106.73,53.365,0.08,0.045
C01804,2,88.09,44.045,0.1,0.095
C06321,1,32.61,32.61,0.11,0.11
C12766,1,8.88,8.88,0.05,0.05
C04132,1,49.95,49.95,0.13,0.13
C02011,1,38.86,38.86,0.05,0.05
C09844,3,298.89,99.63,0.08,0.04666666666666667
C04955,4,231.85,57.9625,0.29,0.1475
C01235,1,30.91,30.91,0.22,0.22
C10979,1,150.05,150.05,0.19,0.19
C08282,7,895.0,127.85714285714286,0.18,0.12142857142857144
C09374,3,68.44,22.813333333333333,0.31,0.19999999999999998
C09702,3,127.87,42.623333333333335,0.07,0.04666666666666667
C04005,2,100.06,50.03,0.23,0.185
C05626,1,311.87,311.87,0.06,0.06
C05374,3,174.96,58.32,0.1,0.07333333333333333
C09645,1,100.0,100.0,0.06,0.06
C08328,1,125.05,125.05,0.13,0.13
C04909,1,225.99,225.99,0.29,0.29
C01455,2,50.05,25.025,0.01,0.01
C03256,1,84.85,84.85,0.74,0.74
C09256,2,106.85,53.425,0.14,0.11000000000000001
C08655,4,228.69,57.1725,0.78,0.3725
C05545,1,8.33,8.33,0.14,0.14
C09973,4,1685.66,421.415,0.23,0.125
C13127,1,474.92,474.92,0.15,0.15
C04233,1,11.56,11.56,0.12,0.12
C00694,2,400.15999999999997,200.07999999999998,0.72,0.46499999999999997
C08838,2,400.03999999999996,200.01999999999998,0.16,0.09
C12190,3,225.04000000000002,75.01333333333334,0.34,0.17333333333333334
C06209,2,400.07,200.035,0.11,0.1
C03811,1,53.36,53.36,0.11,0.11
C05990,1,29.93,29.93,0.15,0.15
C12373,5,280.09000000000003,56.01800000000001,0.59,0.264
C10762,3,350.95,116.98333333333333,0.18,0.09666666666666666
C10198,1,100.07,100.07,0.17,0.17
C10235,4,167.17,41.7925,0.25,0.085
C03928,2,903.93,451.965,0.45,0.42500000000000004
C11895,1,59.02,59.02,0.06,0.06
C10312,1,116.98,116.98,0.06,0.06
C12995,3,555.14,185.04666666666665,0.28,0.12666666666666668
C00099,1,81.03,81.03,0.07,0.07
C13454,1,150.08,150.08,0.63,0.63
C01190,1,14.15,14.15,0.08,0.08
C07613,2,562.99,281.495,0.1,0.09
C10806,7,860.78,122.96857142857142,0.26,0.10714285714285714
C01075,1,23.43,23.43,0.1,0.1
C03781,1,40.6,40.6,0.26,0.26
C03094,3,192.95,64.31666666666666,0.8,0.36333333333333334
C05019,1,44.02,44.02,0.27,0.27
C05319,1,89.92,89.92,0.11,0.11
C06252,1,27.52,27.52,0.29,0.29
C06583,1,9.47,9.47,0.06,0.06
C09577,2,59.92999999999999,29.964999999999996,0.84,0.52
C08538,1,29.01,29.01,0.04,0.04
C10233,1,24.95,24.95,0.13,0.13
C12539,1,117.01,117.01,0.03,0.03
C00125,1,47.98,47.98,0.01,0.01
C13265,2,108.15,54.075,0.16,0.095
C13352,1,160.54,160.54,0.17,0.17
C00903,1,149.97,149.97,0.59,0.59
C00669,1,3263.52,3263.52,0.83,0.83
C04321,1,1398.3,1398.3,0.58,0.58
C13003,1,384.88,384.88,0.45,0.45
C02259,3,4111.1,1370.3666666666668,0.86,0.47
C04227,1,38.94,38.94,0.02,0.02
C01324,2,115.58,57.79,0.22,0.21000000000000002
C07661,1,225.92,225.92,0.04,0.04
C03027,3,460.13,153.37666666666667,0.27,0.10666666666666669
C03268,1,99.99,99.99,0.28,0.28
C08116,1,70.98,70.98,0.05,0.05
C11988,1,74.99,74.99,0.17,0.17
C00292,1,107.9,107.9,0.16,0.16
C01858,1,200.09,200.09,0.68,0.68
C09661,1,31.06,31.06,0.04,0.04
C12914,1,209.87,209.87,0.09,0.09
C05200,4,549.73,137.4325,0.61,0.3675
C10154,2,2191.9,1095.95,0.69,0.575
C07799,1,458.33,458.33,0.8,0.8
C01957,5,391.62,78.324,0.29,0.12
C11492,1,100.01,100.01,0.62,0.62
C01623,2,138.49,69.245,0.57,0.48
C06317,3,166.86,55.620000000000005,0.16,0.07333333333333333
C04636,1,161.03,161.03,0.13,0.13
C13534,1,57.93,57.93,0.18,0.18
C12436,4,222.99,55.7475,0.32,0.13
C12474,1,762.59,762.59,0.88,0.88
C12570,1,50.02,50.02,0.34,0.34
C06517,4,85.23,21.3075,0.18,0.125
C10819,1,64.83,64.83,0.2,0.2
C08061,2,91.55000000000001,45.775000000000006,0.15,0.11499999999999999
C00794,1,149.98,149.98,0.61,0.61
C09910,2,300.02,150.01,0.34,0.30500000000000005
C02988,1,410.86,410.86,0.76,0.76
C10146,1,243.96,243.96,0.09,0.09
C04520,1,57.36,57.36,0.14,0.14
C04981,2,97.5,48.75,0.17,0.15500000000000003
C12693,1,30.99,30.99,0.04,0.04
C13232,1,92.95,92.95,0.04,0.04
C12683,1,107.91,107.91,0.22,0.22
C06982,5,288.07,57.614,0.23,0.124
C07268,1,100.0,100.0,0.07,0.07
C08118,2,400.04,200.02,0.8,0.65
C01386,1,170.98,170.98,0.16,0.16
C05577,1,35.91,35.91,0.13,0.13
C12817,4,197.98,49.495,0.33,0.1
C05598,9,1159.41,128.82333333333335,0.85,0.20888888888888887
C01039,1,28.46,28.46,0.09,0.09
C13444,1,249.97,249.97,0.72,0.72
C00478,3,185.12,61.70666666666667,0.31,0.17
C01945,2,25.03,12.515,0.6,0.32999999999999996
C04246,1,49.96,49.96,0.14,0.14
C04309,6,689.9200000000001,114.98666666666668,0.62,0.2283333333333333
C03350,1,100.04,100.04,0.47,0.47
C11579,1,107.95,107.95,0.1,0.1
C06334,1,30.9,30.9,0.02,0.02
C03170,3,49.97,16.656666666666666,0.56,0.2366666666666667
C01708,1,77.96,77.96,0.22,0.22
C11318,3,291.93,97.31,0.12,0.09333333333333334
C10714,10,2791.41,279.14099999999996,0.89,0.533
C07955,4,572.98,143.245,0.48,0.345
C04139,3,799.97,266.6566666666667,0.67,0.5533333333333333
C03993,2,136.11,68.055,0.1,0.085
C02267,1,44.8,44.8,0.02,0.02
C09705,1,171.09,171.09,0.06,0.06
C12735,4,433.82,108.455,0.15,0.115
C09879,3,884.87,294.95666666666665,0.69,0.52
C00645,1,149.98,149.98,0.56,0.56
C04924,1,205.02,205.02,0.13,0.13
C03046,4,768.49,192.1225,0.42,0.2175
C07113,2,144.22,72.11,0.31,0.225
C04412,2,202.94,101.47,0.77,0.45
C10584,1,225.98,225.98,0.09,0.09
C04625,1,41.46,41.46,0.11,0.11
C06155,1,100.0,100.0,0.59,0.59
C06192,2,117.13,58.565,0.33,0.18
C00586,2,113.46000000000001,56.730000000000004,0.12,0.09
C07496,4,300.18,75.045,0.74,0.5225
C09272,1,108.51,108.51,0.15,0.15
C09062,2,215.95999999999998,107.97999999999999,0.3,0.22
C01312,2,30.990000000000002,15.495000000000001,0.31,0.18
C13553,1,49.93,49.93,0.5,0.5
C03961,1,19.48,19.48,0.2,0.2
C01038,3,131.73,43.91,0.37,0.2333333333333333
C08864,1,92.04,92.04,0.16,0.16
C09182,2,333.98,166.99,0.1,0.095
C05119,1,157.04,157.04,0.05,0.05
C01151,1,108.43,108.43,0.21,0.21
C01530,2,1350.52,675.26,0.84,0.6950000000000001
C00372,1,28.96,28.96,0.14,0.14
C02901,1,82.87,82.87,0.19,0.19
C01189,1,607.54,607.54,0.57,0.57
C01967,2,625.02,312.51,0.59,0.565
C03572,1,249.96,249.96,0.28,0.28
C02570,2,175.86,87.93,0.14,0.09000000000000001
C00600,1,199.96,199.96,0.65,0.65
C08309,1,1049.98,1049.98,0.72,0.72
C06144,3,163.95,54.65,0.31,0.15
C05286,1,390.01,390.01,0.66,0.66
C07550,1,125.01,125.01,0.04,0.04
C01191,4,800.07,200.0175,0.74,0.4825
C12401,2,233.56,116.78,0.26,0.24
C00506,1,26.94,26.94,0.07,0.07
C11608,1,159.96,159.96,0.49,0.49
C06632,1,11.71,11.71,0.86,0.86
C10557,2,105.83,52.915,0.18,0.16499999999999998
C09887,1,116.95,116.95,0.37,0.37
C08088,1,59.05,59.05,0.19,0.19
C11786,5,206.07999999999998,41.215999999999994,0.6,0.22199999999999998
C03591,1,57.88,57.88,0.11,0.11
C01029,2,1137.9,568.95,0.59,0.33999999999999997
C07305,1,113.0,113.0,0.01,0.01
C07753,3,969.89,323.2966666666667,0.79,0.5333333333333333
C11888,1,78.42,78.42,0.11,0.11
C11811,4,1362.95,340.7375,0.74,0.5325
C10447,1,108.02,108.02,0.08,0.08
C07525,1,408.99,408.99,0.74,0.74
C01239,6,1126.87,187.81166666666664,0.36,0.16833333333333333
C04054,2,82.57,41.285,0.09,0.049999999999999996
C06057,2,137.96,68.98,0.25,0.22999999999999998
C08835,2,34.08,17.04,0.14,0.095
C06201,1,30.05,30.05,0.88,0.88
C02296,1,31.03,31.03,0.02,0.02
C07796,3,224.98000000000002,74.99333333333334,0.71,0.34333333333333327
C10497,5,738.75,147.75,0.74,0.344
C04254,1,74.99,74.99,0.26,0.26
C09115,1,49.06,49.06,0.06,0.06
C04851,1,185.98,185.98,0.01,0.01
C04018,2,243.98000000000002,121.99000000000001,0.24,0.145
C06828,1,149.98,149.98,0.19,0.19
C09021,1,34.08,34.08,0.13,0.13
C04820,1,99.94,99.94,0.76,0.76
C02210,2,89.38,44.69,0.34,0.315
C05478,2,68.63,34.315,0.31,0.16
C04216,1,50.09,50.09,0.29,0.29
C13235,1,92.85,92.85,0.42,0.42
C02369,2,213.55,106.775,0.35,0.18
C02697,1,19.94,19.94,0.01,0.01
C11650,4,166.9,41.725,0.46,0.215
C06594,1,226.01,226.01,0.06,0.06
C10628,1,99.97,99.97,0.64,0.64
C03791,2,169.06,84.53,0.27,0.14
C11764,1,24.95,24.95,0.15,0.15
C04823,1,99.91,99.91,0.03,0.03
C10567,3,283.86,94.62,0.88,0.35333333333333333
C05582,1,85.12,85.12,0.07,0.07
C00554,2,31.909999999999997,15.954999999999998,0.12,0.09
C00225,1,116.97,116.97,0.44,0.44
C01971,2,42.79,21.395,0.69,0.375
C10106,2,86.06,43.03,0.34,0.195
C12522,1,108.9,108.9,0.09,0.09
C03795,3,47.93,15.976666666666667,0.28,0.14
C12502,1,100.05,100.05,0.43,0.43
C04687,1,60.05,60.05,0.93,0.93
C07408,2,95.80000000000001,47.900000000000006,0.26,0.15
C12156,1,100.04,100.04,0.28,0.28
C00738,2,400.02,200.01,0.04,0.025
C00950,1,66.0,66.0,0.19,0.19
C05752,1,34.03,34.03,0.28,0.28
C06889,1,59.99,59.99,0.65,0.65
C09103,3,174.82999999999998,58.276666666666664,0.34,0.16333333333333336
C08057,1,54.09,54.09,0.12,0.12
C00720,4,154.21,38.5525,0.68,0.41000000000000003
C06967,1,77.66,77.66,0.25,0.25
C01327,2,653.96,326.98,0.68,0.465
C09978,2,185.95,92.975,0.13,0.10500000000000001
C13148,1,49.91,49.91,0.32,0.32
C05972,1,100.05,100.05,0.06,0.06
C11705,1,47.93,47.93,0.03,0.03
C00461,1,554.02,554.02,0.6,0.6
C03746,1,42.95,42.95,0.09,0.09
C06695,1,82.8,82.8,0.12,0.12
C03033,1,59.04,59.04,0.07,0.07
C11664,2,367.16999999999996,183.58499999999998,0.26,0.15
C11519,1,224.06,224.06,0.13,0.13
C07797,2,56.76,28.38,0.11,0.09
C01214,1,39.05,39.05,0.56,0.56
C11824,3,355.87,118.62333333333333,0.13,0.05666666666666667
C06729,1,40.04,40.04,0.1,0.1
C00378,5,458.18,91.636,0.19,0.10600000000000001
C06095,1,100.08,100.08,0.51,0.51
C06374,1,100.01,100.01,0.18,0.18
C09659,1,99.98,99.98,0.12,0.12
C07980,6,546.72,91.12,0.23,0.17166666666666666
C07046,1,424.99,424.99,0.56,0.56
C04209,3,229.73,76.57666666666667,0.28,0.14333333333333334
C00279,1,1407.98,1407.98,0.86,0.86
C06476,1,14.94,14.94,0.06,0.06
C11948,1,86.39,86.39,0.32,0.32
C02892,1,35.91,35.91,0.12,0.12
C01629,1,150.06,150.06,0.33,0.33
C01937,1,59.02,59.02,0.34,0.34
C01127,1,49.93,49.93,0.65,0.65
C00080,1,19.12,19.12,0.11,0.11
C13339,1,226.03,226.03,0.39,0.39
C06914,2,400.0,200.0,0.61,0.36
C00013,1,140.4,140.4,0.72,0.72
C06332,1,125.01,125.01,0.49,0.49
C02652,2,40.7,20.35,0.21,0.16999999999999998
C05220,1,28.99,28.99,0.17,0.17
C04373,1,149.94,149.94,0.86,0.86
C10676,1,524.92,524.92,0.35,0.35
C13203,1,378.62,378.62,0.55,0.55
C09881,2,503.96999999999997,251.98499999999999,0.61,0.345
C08911,1,32.73,32.73,0.19,0.19
C04136,1,50.05,50.05,0.7,0.7
C05067,1,38.91,38.91,0.27,0.27
C00690,1,8.4,8.4,0.02,0.02
C04510,2,816.94,408.47,0.82,0.7
C07984,5,1163.1200000000001,232.62400000000002,0.69,0.20800000000000002
C00053,1,675.7,675.7,0.44,0.44
C06162,2,1399.92,699.96,0.96,0.915
C03728,1,250.0,250.0,0.94,0.94
C12140,1,150.08,150.08,0.05,0.05
C10482,2,493.98,246.99,0.21,0.16499999999999998
C08208,1,107.0,107.0,0.18,0.18
C12807,2,59.260000000000005,29.630000000000003,0.05,0.045
C00447,2,341.98,170.99,0.55,0.28500000000000003
C01607,1,83.05,83.05,0.12,0.12
C12706,1,90.89,90.89,0.15,0.15
C00551,1,107.95,107.95,0.06,0.06
C06104,1,99.95,99.95,0.63,0.63
C03248,2,250.06,125.03,0.28,0.15500000000000003
C02846,2,159.95,79.975,0.23,0.17
C03217,3,323.82,107.94,0.23,0.16
C01948,1,50.03,50.03,0.11,0.11
C00411,1,50.03,50.03,0.03,0.03
C07266,1,108.53,108.53,0.55,0.55
C01865,2,67.91000000000001,33.955000000000005,0.59,0.42
C12739,1,35.04,35.04,0.44,0.44
C02973,1,39.98,39.98,0.04,0.04
C12000,2,1.3,0.65,0.23,0.12000000000000001
C02100,1,48.94,48.94,0.1,0.1
C10540,2,350.01,175.005,0.74,0.415
C12864,4,203.98,50.995,0.47,0.2425
C07900,1,344.66,344.66,0.28,0.28
C07315,1,225.96,225.96,0.19,0.19
C05950,4,483.58,120.895,0.13,0.0825
C03942,7,2100.15,300.0214285714286,0.77,0.5914285714285714
C10818,2,42.019999999999996,21.009999999999998,0.2,0.10500000000000001
C02943,1,58.99,58.99,0.01,0.01
C12271,1,459.92,459.92,0.49,0.49
C04163,1,117.06,117.06,0.15,0.15
C08568,1,40.54,40.54,0.13,0.13
C11093,1,24.94,24.94,0.3,0.3
C01412,4,564.49,141.1225,0.65,0.2175
C12377,1,28.99,28.99,0.06,0.06
C03966,1,47.88,47.88,0.3,0.3
C06082,1,20.99,20.99,0.12,0.12
C10868,8,92.97,11.62125,0.66,0.1875
C02361,1,107.86,107.86,0.13,0.13
C02144,2,421.8,210.9,0.73,0.42
C02252,3,478.91,159.63666666666668,0.43,0.2866666666666667
C01074,1,34.08,34.08,0.23,0.23
C13202,1,108.99,108.99,0.38,0.38
C11113,1,632.0,632.0,0.59,0.59
C11969,1,29.79,29.79,0.06,0.06
C02185,1,82.93,82.93,0.1,0.1
C00371,2,140.1,70.05,0.31,0.19
C07271,1,100.06,100.06,0.77,0.77
C07718,2,299.94,149.97,0.41,0.285
C01724,1,34.46,34.46,0.23,0.23
C04920,3,319.76,106.58666666666666,0.09,0.05333333333333332
C07813,2,1987.9499999999998,993.9749999999999,0.87,0.565
C13250,7,805.72,115.10285714285715,0.21,0.11857142857142856
C11396,3,162.01,54.00333333333333,0.12,0.07333333333333333
C04953,1,29.45,29.45,0.03,0.03
C02497,2,80.06,40.03,0.72,0.39
C04079,1,57.95,57.95,0.07,0.07
C06711,1,30.83,30.83,0.16,0.16
C09194,1,25.0,25.0,0.08,0.08
C01198,1,19.49,19.49,0.08,0.08
C00327,1,116.96,116.96,0.1,0.1
C06781,3,369.93,123.31,0.21,0.15333333333333335
C10669,1,59.06,59.06,0.38,0.38
C03736,1,9.11,9.11,0.03,0.03
C12998,1,116.98,116.98,0.15,0.15
C09569,1,38.32,38.32,0.09,0.09
C07780,2,300.08,150.04,0.63,0.46499999999999997
C12135,1,199.92,199.92,0.71,0.71
C04982,4,1128.93,282.2325,0.55,0.3825
C10077,1,1427.98,1427.98,0.32,0.32
C11166,2,561.01,280.505,0.36,0.3
C06785,1,88.12,88.12,0.09,0.09
C02856,3,190.48,63.49333333333333,0.21,0.1366666666666667
C07426,1,48.0,48.0,0.16,0.16
C12218,1,337.51,337.51,0.28,0.28
C13469,1,48.93,48.93,0.02,0.02
C06498,3,224.84,74.94666666666667,0.25,0.13
C05339,1,58.0,58.0,0.29,0.29
C01170,2,115.78999999999999,57.894999999999996,0.36,0.345
C08898,2,126.53,63.265,0.06,0.045
C09066,1,99.98,99.98,0.33,0.33
C01371,4,191.09,47.7725,0.11,0.0675
C12746,1,45.32,45.32,0.02,0.02
C09989,1,58.02,58.02,0.1,0.1
C06414,4,448.92,112.23,0.22,0.07
C07875,1,78.89,78.89,0.38,0.38
C09498,2,137.6,68.8,0.67,0.42000000000000004
C02155,1,57.96,57.96,0.05,0.05
C10047,2,100.13,50.065,0.3,0.26
C00619,1,57.97,57.97,0.07,0.07
C09921,1,49.06,49.06,0.18,0.18
C11578,2,317.77,158.885,0.27,0.23
C12316,3,177.07,59.02333333333333,0.32,0.18333333333333335
C07970,1,54.57,54.57,0.06,0.06
C02650,1,34.06,34.06,0.2,0.2
C13277,1,35.93,35.93,0.63,0.63
C09907,1,226.03,226.03,0.15,0.15
C05763,7,1350.98,192.99714285714285,0.4,0.13285714285714287
C05311,1,100.04,100.04,0.61,0.61
C03104,5,899.68,179.93599999999998,0.73,0.27999999999999997
C10094,1,8.96,8.96,0.07,0.07
C02802,1,48.96,48.96,0.29,0.29
C10109,1,39.07,39.07,0.04,0.04
C00470,1,56.55,56.55,0.18,0.18
C06346,2,369.77,184.885,0.36,0.285
C07090,1,159.96,159.96,0.17,0.17
C10537,2,118.06,59.03,0.25,0.13
C05123,1,75.01,75.01,0.13,0.13
C05717,2,136.94,68.47,0.34,0.325
C07656,1,150.03,150.03,0.05,0.05
C05580,1,43.6,43.6,0.18,0.18
C12627,2,400.11,200.055,0.18,0.13
C04615,3,499.95,166.65,0.95,0.4466666666666666
C02449,3,1661.94,553.98,0.93,0.7633333333333333
C10640,1,150.08,150.08,0.17,0.17
C04880,1,56.28,56.28,0.06,0.06
C03039,2,68.61,34.305,0.08,0.045
C05117,2,624.03,312.015,0.51,0.48
C03794,1,486.88,486.88,0.65,0.65
C07553,2,154.0,77.0,0.08,0.08
C07143,1,108.03,108.03,0.22,0.22
C02900,4,767.5699999999999,191.89249999999998,0.46,0.2375
C12828,1,26.96,26.96,0.06,0.06
C02457,17,820.03,48.23705882352941,0.87,0.5888235294117647
C11470,2,1274.94,637.47,0.59,0.305
C03090,3,2354.0299999999997,784.6766666666666,0.62,0.44
C06859,1,35.91,35.91,0.12,0.12
C05353,2,136.97,68.485,0.08,0.07
C03461,1,566.96,566.96,0.83,0.83
C05488,2,334.9,167.45,0.13,0.08
C05261,1,213.03,213.03,0.23,0.23
C09439,1,350.07,350.07,0.5,0.5
C10274,4,1779.95,444.9875,0.71,0.4875
C06641,1,226.09,226.09,0.04,0.04
C07207,1,249.93,249.93,0.21,0.21
C13378,1,58.98,58.98,0.02,0.02
C05744,3,769.52,256.50666666666666,0.72,0.4966666666666666
C09509,1,59.0,59.0,0.04,0.04
C05931,1,166.59,166.59,0.07,0.07
C13510,1,34.03,34.03,0.04,0.04
C07087,1,170.97,170.97,0.1,0.1
C10332,1,33.92,33.92,0.11,0.11
C05532,2,117.93,58.965,0.08,0.065
C08298,1,45.87,45.87,0.08,0.08
C03137,4,191.8,47.95,0.12,0.0675
C06810,3,1042.73,347.57666666666665,0.9,0.49
C01577,2,623.8,311.9,0.79,0.69
C01793,1,44.29,44.29,0.03,0.03
C11012,1,71.96,71.96,0.17,0.17
C04926,2,544.4100000000001,272.20500000000004,0.67,0.62
C01798,2,115.99,57.995,0.16,0.10500000000000001
C00183,1,36.0,36.0,0.52,0.52
C01098,1,10.57,10.57,0.01,0.01
C11950,1,623.94,623.94,0.68,0.68
C05271,2,155.97,77.985,0.12,0.12
C11671,1,310.06,310.06,0.8,0.8
C06449,1,299.92,299.92,0.85,0.85
C03186,1,59.47,59.47,0.08,0.08
C09065,1,125.06,125.06,0.72,0.72
C07250,1,58.89,58.89,0.17,0.17
C04458,2,222.01999999999998,111.00999999999999,0.36,0.32
C12438,1,40.8,40.8,0.03,0.03
C13358,3,80.03999999999999,26.679999999999996,0.38,0.25
C03430,1,117.03,117.03,0.34,0.34
C11022,1,34.88,34.88,0.02,0.02
C03509,2,436.89,218.445,0.86,0.855
C08690,7,273.18,39.02571428571429,0.2,0.10428571428571429
C08050,1,107.88,107.88,0.03,0.03
C04389,2,399.99,199.995,0.4,0.23500000000000001
C01900,1,75.08,75.08,0.66,0.66
C13223,1,15.33,15.33,0.16,0.16
C09067,1,31.02,31.02,0.1,0.1
C09747,1,52.57,52.57,0.02,0.02
C03250,1,117.06,117.06,0.5,0.5
C02843,1,33.99,33.99,0.01,0.01
C13394,1,97.03,97.03,0.02,0.02
C04986,1,116.94,116.94,0.08,0.08
C00434,1,107.88,107.88,0.09,0.09
C03163,1,29.09,29.09,0.14,0.14
C09940,2,79.96000000000001,39.980000000000004,0.12,0.065
C06829,1,35.99,35.99,0.26,0.26
C00065,1,75.74,75.74,0.66,0.66
C10403,2,215.95999999999998,107.97999999999999,0.21,0.14
C08599,1,49.95,49.95,0.37,0.37
C01484,1,49.0,49.0,0.11,0.11
C09086,1,50.0,50.0,0.06,0.06
C08253,4,9.309999999999999,2.3274999999999997,0.29,0.1625
C09845,1,20.13,20.13,0.08,0.08
C05333,1,83.49,83.49,0.09,0.09
C09865,2,117.59,58.795,0.14,0.12000000000000001
C08182,1,24.5,24.5,0.28,0.28
C05134,1,78.52,78.52,0.82,0.82
C01503,6,860.13,143.355,0.26,0.13333333333333333
C07409,5,853.41,170.682,0.16,0.06
C08201,1,138.04,138.04,0.09,0.09
C09450,2,77.64,38.82,0.25,0.15
C11119,1,100.01,100.01,0.7,0.7
C06347,1,50.01,50.01,0.07,0.07
C11223,3,401.92,133.97333333333333,0.19,0.09999999999999999
C08370,3,464.04,154.68,0.11,0.09000000000000001
C00321,1,75.03,75.03,0.58,0.58
C00387,1,109.02,109.02,0.08,0.08
C00003,1,199.95,199.95,0.62,0.62
C13322,1,144.14,144.14,0.01,0.01
C08676,3,413.96999999999997,137.98999999999998,0.21,0.10999999999999999
C10260,1,483.99,483.99,0.36,0.36
C13066,2,176.04,88.02,0.47,0.3
C05059,2,49.98,24.99,0.78,0.75
C08933,2,200.08999999999997,100.04499999999999,0.6,0.565
C05599,1,99.95,99.95,0.78,0.78
C05357,2,142.13,71.065,0.14,0.1
C09726,3,75.78999999999999,25.263333333333332,0.24,0.10666666666666667
C07599,3,7342.790000000001,2447.596666666667,0.57,0.48
C10351,1,25.0,25.0,0.13,0.13
C09213,1,99.97,99.97,0.71,0.71
C11046,1,1044.88,1044.88,0.24,0.24
C12490,2,1140.97,570.485,0.8,0.675
C08295,2,149.96,74.98,0.8,0.665
C13135,4,569.87,142.4675,0.1,0.07
C12078,3,393.27,131.09,0.26,0.11333333333333334
C02678,1,117.01,117.01,0.23,0.23
C13455,1,58.95,58.95,0.01,0.01
C03855,1,73.81,73.81,0.08,0.08
C09175,1,225.97,225.97,0.16,0.16
C13154,5,371.91,74.382,0.3,0.124
C01806,2,10.17,5.085,0.84,0.495
C06395,2,51.0,25.5,0.31,0.22
C01478,1,149.99,149.99,0.27,0.27
C05227,1,1057.97,1057.97,0.64,0.64
C10043,2,160.9,80.45,0.22,0.175
C09904,8,1599.79,199.97375,0.46,0.16375
C12647,1,29.73,29.73,0.12,0.12
C00401,1,68.43,68.43,0.09,0.09
C10410,2,166.02,83.01,0.11,0.095
C12335,4,231.77,57.9425,0.25,0.14250000000000002
C13544,1,100.4,100.4,0.35,0.35
C01213,1,39.98,39.98,0.63,0.63
C01354,2,165.9,82.95,0.23,0.21000000000000002
C07758,1,100.02,100.02,0.06,0.06
C11435,2,50.989999999999995,25.494999999999997,0.08,0.06
C11317,10,291.03000000000003,29.103,0.44,0.16599999999999998
C09518,1,58.91,58.91,0.05,0.05
C06774,2,285.12,142.56,0.16,0.1
C06217,1,225.98,225.98,0.1,0.1
C03748,1,107.98,107.98,0.08,0.08
C07846,2,75.05000000000001,37.525000000000006,0.7,0.575
C07580,1,299.73,299.73,0.46,0.46
C00862,1,11.24,11.24,0.06,0.06
C00275,1,34.08,34.08,0.08,0.08
C02527,5,2828.7200000000003,565.744,0.69,0.48600000000000004
C09472,1,25.94,25.94,0.03,0.03
C05557,1,124.91,124.91,0.05,0.05
C01677,1,279.99,279.99,0.09,0.09
C04994,1,1887.87,1887.87,0.51,0.51
C04908,1,144.15,144.15,0.28,0.28
C07425,1,25.05,25.05,0.9,0.9
C01592,2,2254.11,1127.055,0.57,0.505
C07769,1,191.48,191.48,0.08,0.08
C10272,1,49.89,49.89,0.09,0.09
C06626,1,77.04,77.04,0.17,0.17
C11706,2,233.97,116.985,0.41,0.215
C08265,1,122.79,122.79,0.07,0.07
C03038,3,1607.8700000000001,535.9566666666667,0.9,0.79
C05909,1,94.95,94.95,0.03,0.03
C00503,2,222.96,111.48,0.09,0.08499999999999999
C12521,2,381.97,190.985,0.31,0.225
C08809,1,141.39,141.39,0.72,0.72
C12224,2,137.76,68.88,0.04,0.035
C02647,1,108.0,108.0,0.09,0.09
C11193,2,399.86,199.93,0.89,0.565
C10427,1,30.66,30.66,0.18,0.18
C00423,1,33.04,33.04,0.02,0.02
C08805,1,107.93,107.93,0.02,0.02
C05186,1,100.02,100.02,0.42,0.42
C05190,1,100.09,100.09,0.02,0.02
C07375,2,120.87,60.435,0.19,0.13
C09898,1,948.11,948.11,0.71,0.71
C06661,2,88.05,44.025,0.21,0.185
C00687,1,184.91,184.91,0.04,0.04
C12433,1,299.91,299.91,0.83,0.83
C01557,1,25.08,25.08,0.81,0.81
C03262,1,57.87,57.87,0.03,0.03
C00028,1,824.02,824.02,0.64,0.64
C08919,1,32.29,32.29,0.04,0.04
C08736,1,99.95,99.95,0.76,0.76
C04047,2,139.34,69.67,0.11,0.065
C06861,1,47.94,47.94,0.13,0.13
C09812,5,136.23,27.246,0.28,0.12000000000000002
C04504,1,554.07,554.07,0.46,0.46
C05262,2,216.08,108.04,0.53,0.36
C01215,2,99.91999999999999,49.959999999999994,0.96,0.5599999999999999
C01427,1,116.96,116.96,0.09,0.09
C11672,1,76.95,76.95,0.08,0.08
C12643,1,199.99,199.99,0.84,0.84
C08071,1,48.91,48.91,0.11,0.11
C12749,3,393.82,131.27333333333334,0.28,0.18000000000000002
C06158,1,331.06,331.06,0.64,0.64
C00778,1,141.05,141.05,0.09,0.09
C12164,2,216.93,108.465,0.31,0.22
C08048,1,150.0,150.0,0.34,0.34
C00133,1,116.91,116.91,0.19,0.19
C13261,1,77.05,77.05,0.03,0.03
C00339,1,149.91,149.91,0.02,0.02
C06622,1,117.02,117.02,0.24,0.24
C07442,1,16.03,16.03,0.03,0.03
C06685,1,48.96,48.96,0.01,0.01
C10141,1,499.96,499.96,0.72,0.72
C11587,1,5.87,5.87,0.17,0.17
C06304,1,20.88,20.88,0.35,0.35
C08411,1,100.04,100.04,0.07,0.07
C13257,1,11.77,11.77,0.17,0.17
C00872,4,186.1,46.525,0.22,0.09
C10017,1,17.81,17.81,0.35,0.35
C12019,1,116.94,116.94,0.08,0.08
C08357,1,29.08,29.08,0.11,0.11
C08650,2,72.00999999999999,36.004999999999995,0.1,0.095
C03379,1,46.86,46.86,0.34,0.34
C02469,1,24.94,24.94,0.08,0.08
C05371,1,116.93,116.93,0.31,0.31
C06152,1,49.09,49.09,0.06,0.06
C03120,1,117.01,117.01,0.03,0.03
C00166,1,57.87,57.87,0.01,0.01
C09452,2,227.84,113.92,0.17,0.115
C03286,1,46.74,46.74,0.23,0.23
C13286,7,2388.08,341.1542857142857,0.67,0.38571428571428573
C04949,1,100.0,100.0,0.62,0.62
C09778,1,40.01,40.01,0.94,0.94
C06939,4,352.03,88.0075,0.27,0.0825
C07494,1,100.02,100.02,0.75,0.75
C01124,1,36.01,36.01,0.12,0.12
C04643,1,107.97,107.97,0.11,0.11
C03861,1,427.08,427.08,0.9,0.9
C07465,1,3454.97,3454.97,0.56,0.56
C11043,1,399.93,399.93,0.46,0.46
C09201,13,985.4499999999999,75.80384615384615,0.34,0.13
C09360,1,58.92,58.92,0.17,0.17
C11467,1,62.98,62.98,0.24,0.24
C05823,1,82.09,82.09,0.02,0.02
C09463,1,149.92,149.92,0.07,0.07
C11401,6,317.14,52.85666666666666,0.25,0.085
C13459,1,56.99,56.99,0.08,0.08
C00562,1,172.86,172.86,0.1,0.1
C00358,1,74.93,74.93,0.01,0.01
C08157,1,23.33,23.33,0.13,0.13
C05089,1,117.0,117.0,0.25,0.25
C08518,1,407.94,407.94,0.52,0.52
C11593,1,112.04,112.04,0.08,0.08
C03281,1,74.93,74.93,0.15,0.15
C03373,2,79.84,39.92,0.67,0.34500000000000003
C13063,2,2011.01,1005.505,0.6,0.425
C11310,2,128.18,64.09,0.03,0.025
C04049,1,85.0,85.0,0.07,0.07
C08580,1,133.66,133.66,0.53,0.53
C07533,2,194.05,97.025,0.05,0.035
C04745,1,265.03,265.03,0.53,0.53
C09789,4,325.02,81.255,0.76,0.3925
C02712,1,13.86,13.86,0.09,0.09
C01573,1,350.86,350.86,0.4,0.4
C07438,1,77.95,77.95,0.26,0.26
C11387,3,199.95999999999998,66.65333333333332,0.53,0.4366666666666667
C10464,1,57.93,57.93,0.03,0.03
C12567,1,49.97,49.97,0.03,0.03
C12721,3,187.97,62.656666666666666,0.19,0.07333333333333333
C06666,1,58.94,58.94,0.14,0.14
C11598,13,217.41,16.723846153846154,0.33,0.11538461538461539
C04113,1,99.99,99.99,0.48,0.48
C01419,1,300.05,300.05,0.71,0.71
C10688,1,29.02,29.02,0.03,0.03
C05886,1,199.92,199.92,0.29,0.29
C06523,1,35.06,35.06,0.43,0.43
C01602,1,81.49,81.49,0.01,0.01
C08948,3,120.16,40.053333333333335,0.33,0.18666666666666668
C06957,4,222.72,55.68,0.85,0.6025
C08132,1,49.08,49.08,0.03,0.03
C02953,1,26.96,26.96,0.17,0.17
C06747,1,57.86,57.86,0.07,0.07
C01360,1,601.27,601.27,0.75,0.75
C01951,1,88.03,88.03,0.13,0.13
C07930,2,499.99,249.995,0.93,0.9
C08539,7,1062.58,151.79714285714286,0.52,0.14857142857142858
C11626,4,76.11,19.0275,0.27,0.155
C08554,1,23.65,23.65,0.17,0.17
C10694,1,149.99,149.99,0.78,0.78
C06634,1,39.0,39.0,0.11,0.11
C13519,1,58.94,58.94,0.06,0.06
C01697,5,310.65999999999997,62.13199999999999,0.19,0.094
C08365,4,254.10999999999999,63.527499999999996,0.4,0.225
C01476,1,28.04,28.04,0.27,0.27
C05510,2,83.22999999999999,41.614999999999995,0.12,0.08499999999999999
C04685,2,267.40999999999997,133.70499999999998,0.11,0.1
C05964,1,226.08,226.08,0.01,0.01
C10228,1,279.98,279.98,0.77,0.77
C11376,1,254.98,254.98,0.74,0.74
C05675,1,335.09,335.09,0.8,0.8
C05928,1,116.93,116.93,0.11,0.11
C13097,1,722.39,722.39,0.64,0.64
C13299,2,339.02,169.51,0.55,0.34500000000000003
C10231,1,60.03,60.03,0.15,0.15
C11817,1,552.87,552.87,0.72,0.72
C00363,2,599.88,299.94,0.68,0.675
C02518,1,199.97,199.97,0.2,0.2
C09772,2,189.58,94.79,0.05,0.04
C08530,2,2004.1100000000001,1002.0550000000001,0.6,0.565
C05919,1,31.98,31.98,0.79,0.79
C01150,4,95.87,23.9675,0.71,0.395
C05462,3,51.809999999999995,17.27,0.22,0.17333333333333334
C07516,2,257.9,128.95,0.9,0.56
C01125,3,708.08,236.02666666666667,0.66,0.45999999999999996
C02083,4,459.87,114.9675,0.68,0.225
C13377,1,49.98,49.98,0.59,0.59
C02994,1,150.06,150.06,0.09,0.09
C11057,1,250.06,250.06,0.87,0.87
C10172,1,50.02,50.02,0.72,0.72
C04564,1,31.25,31.25,0.08,0.08
C07325,3,463.19,154.39666666666668,0.97,0.82
C08721,1,54.48,54.48,0.16,0.16
C11081,2,92.43,46.215,0.24,0.145
C04479,1,56.04,56.04,0.1,0.1
C04897,1,150.01,150.01,0.73,0.73
C10479,1,200.02,200.02,0.25,0.25
C06959,1,75.06,75.06,0.71,0.71
C07284,1,35.87,35.87,0.26,0.26
C10613,5,147.52,29.504,0.2,0.126
C01441,1,40.02,40.02,0.06,0.06
C01655,2,60.620000000000005,30.310000000000002,0.65,0.365
C00760,4,362.21,90.5525,0.09,0.045
C09751,1,108.45,108.45,0.09,0.09
C08942,2,368.88,184.44,0.71,0.36
C12148,1,86.99,86.99,0.12,0.12
C07719,4,109.38,27.345,0.6,0.2375
C06410,3,133.98,44.66,0.89,0.51
C02906,3,359.96000000000004,119.98666666666668,0.87,0.7833333333333333
C00616,1,149.97,149.97,0.66,0.66
C12612,2,130.29000000000002,65.14500000000001,0.16,0.1
C04191,1,40.01,40.01,0.86,0.86
C10796,1,99.93,99.93,0.31,0.31
C02563,1,149.97,149.97,0.22,0.22
C03497,1,92.01,92.01,0.25,0.25
C05515,6,1726.98,287.83,0.66,0.295
C06727,1,199.93,199.93,0.23,0.23
C00793,1,264.91,264.91,0.68,0.68
C03006,1,199.94,199.94,0.77,0.77
C02507,3,300.1,100.03333333333335,0.79,0.3566666666666667
C10901,1,28.35,28.35,0.36,0.36
C01103,1,500.0,500.0,0.76,0.76
C13089,1,300.05,300.05,0.31,0.31
C02998,1,54.13,54.13,0.34,0.34
C09634,1,40.06,40.06,0.79,0.79
C10108,1,38.93,38.93,0.03,0.03
C11639,2,500.03999999999996,250.01999999999998,0.68,0.575
C01642,1,226.02,226.02,0.17,0.17
C09226,1,149.97,149.97,0.12,0.12
C01234,2,20.54,10.27,0.2,0.18
C00220,2,99.98,49.99,0.89,0.595
C06736,4,23.63,5.9075,0.27,0.17250000000000001
C12404,3,123.06,41.02,0.05,0.04
C06688,1,150.96,150.96,0.13,0.13
C11144,1,507.06,507.06,0.8,0.8
C05278,2,670.94,335.47,0.49,0.25
C09668,1,61.6,61.6,0.34,0.34
C11723,2,234.09,117.045,0.03,0.02
C07770,1,48.98,48.98,0.1,0.1
C07114,1,226.0,226.0,0.21,0.21
C06686,3,391.09000000000003,130.36333333333334,0.17,0.09333333333333334
C10514,3,299.12,99.70666666666666,0.2,0.17
C06692,1,82.95,82.95,0.03,0.03
C07122,1,50.07,50.07,0.65,0.65
C04325,1,24.07,24.07,0.05,0.05
C04472,1,97.04,97.04,0.08,0.08
C13242,3,177.1,59.03333333333333,0.2,0.14333333333333334
C03641,1,200.04,200.04,0.23,0.23
C02944,1,20.07,20.07,0.42,0.42
C11976,3,1498.99,499.66333333333336,0.72,0.6733333333333333
C11886,1,99.95,99.95,0.02,0.02
C06352,2,117.33,58.665,0.11,0.06
C09605,2,1267.0,633.5,0.52,0.46499999999999997
C04872,2,20.04,10.02,0.37,0.295
C04839,3,36.33,12.11,0.16,0.14666666666666667
C05160,1,112.99,112.99,0.34,0.34
C02225,2,22.87,11.435,0.05,0.045
C05848,1,299.99,299.99,0.63,0.63
C00829,1,59.94,59.94,0.05,0.05
C11324,1,96.99,96.99,0.04,0.04
C11303,2,117.91,58.955,0.13,0.10500000000000001
C09856,4,1534.97,383.7425,0.61,0.345
C08976,1,87.04,87.04,0.12,0.12
C05578,1,64.87,64.87,0.7,0.7
C08791,1,99.93,99.93,0.79,0.79
C07349,1,34.02,34.02,0.09,0.09
C10682,1,68.87,68.87,0.14,0.14
C07154,1,1151.76,1151.76,0.65,0.65
C03083,3,26.73,8.91,0.09,0.06999999999999999
C04183,6,2085.5,347.5833333333333,0.61,0.36166666666666664
C12663,1,87.09,87.09,0.11,0.11
C13463,3,623.05,207.6833333333333,0.38,0.24
C00354,1,29.43,29.43,0.15,0.15
C10618,2,136.63,68.315,0.51,0.28
C05349,1,335.03,335.03,0.83,0.83
C04114,1,25.0,25.0,0.53,0.53
C10428,1,25.99,25.99,0.02,0.02
C02918,4,224.03,56.0075,0.14,0.09
C04399,1,38.95,38.95,0.03,0.03
C03559,3,372.46,124.15333333333332,0.59,0.26999999999999996
C05703,1,116.92,116.92,0.04,0.04
C04493,1,48.01,48.01,0.06,0.06
C12719,1,199.98,199.98,0.86,0.86
C09240,1,12.63,12.63,0.19,0.19
C10582,1,89.83,89.83,0.07,0.07
C06926,3,128.81,42.93666666666667,0.33,0.13333333333333333
C09972,9,816.15,90.68333333333334,0.31,0.09777777777777778
C04192,2,145.99,72.995,0.26,0.19
C09332,2,1883.8400000000001,941.9200000000001,0.38,0.37
C02005,2,330.0,165.0,0.13,0.08
C05005,2,192.76,96.38,0.18,0.15
C00921,1,8.88,8.88,0.05,0.05
C11454,1,58.93,58.93,0.14,0.14
C04532,1,34.06,34.06,0.15,0.15
C10731,1,212.98,212.98,0.2,0.2
C08212,3,150.03,50.01,0.83,0.5366666666666666
C03097,1,59.08,59.08,0.18,0.18
C00757,4,211.73000000000002,52.932500000000005,0.24,0.1625
C07382,1,160.53,160.53,0.07,0.07
C11742,2,77.97,38.985,0.14,0.10500000000000001
C11417,1,444.99,444.99,0.43,0.43
C03868,1,279.94,279.94,0.62,0.62
C01675,1,170.93,170.93,0.19,0.19
C07512,1,12.07,12.07,0.03,0.03
C08191,1,100.02,100.02,0.15,0.15
C12455,1,99.99,99.99,0.47,0.47
C02260,1,50.88,50.88,0.04,0.04
C09732,1,210.94,210.94,0.03,0.03
C10449,2,115.94999999999999,57.974999999999994,0.24,0.125
C06970,1,225.94,225.94,0.03,0.03
C11990,1,4.92,4.92,0.53,0.53
C01508,3,142.39,47.46333333333333,0.1,0.05666666666666667
C10666,1,99.95,99.95,0.03,0.03
C04365,1,56.02,56.02,0.11,0.11
C02428,1,250.05,250.05,0.51,0.51
C05256,1,96.97,96.97,0.01,0.01
C12698,1,59.05,59.05,0.05,0.05
C08544,1,58.04,58.04,0.04,0.04
C02698,1,74.99,74.99,0.55,0.55
C09808,1,59.07,59.07,0.03,0.03
C10973,1,149.94,149.94,0.84,0.84
C13141,1,209.87,209.87,0.1,0.1
C11556,4,201.61,50.4025,0.57,0.1825
C07063,1,92.87,92.87,0.12,0.12
C11971,2,197.82999999999998,98.91499999999999,0.28,0.28
C10708,1,39.01,39.01,0.2,0.2
C08126,1,192.93,192.93,0.04,0.04
C01298,1,25.96,25.96,0.21,0.21
C04090,1,444.91,444.91,0.56,0.56
C09892,1,116.96,116.96,0.4,0.4
C03820,2,93.4,46.7,0.28,0.15500000000000003
C07636,4,292.76,73.19,0.5,0.1425
C10454,1,553.93,553.93,0.63,0.63
C01781,2,328.06,164.03,0.36,0.22
C00126,1,199.96,199.96,0.51,0.51
C02787,6,224.62,37.43666666666667,0.32,0.18166666666666667
C11116,2,40.15,20.075,0.15,0.08
C09162,1,45.33,45.33,0.07,0.07
C07139,1,35.07,35.07,0.03,0.03
C00009,1,140.91,140.91,0.13,0.13
C10031,1,141.44,141.44,0.24,0.24
C07960,1,225.93,225.93,0.11,0.11
C12337,1,50.2,50.2,0.18,0.18
C00425,1,108.46,108.46,0.01,0.01
C05758,1,124.95,124.95,0.44,0.44
C01891,1,199.92,199.92,0.45,0.45
C06386,2,199.9,99.95,0.15,0.13
C06993,1,1045.02,1045.02,0.86,0.86
C11774,1,11.77,11.77,0.07,0.07
C13258,1,205.04,205.04,0.41,0.41
C09985,2,115.81,57.905,0.24,0.16999999999999998
C06867,1,25.06,25.06,0.71,0.71
C01916,1,100.02,100.02,0.75,0.75
C07032,1,150.03,150.03,0.37,0.37
C05027,1,208.61,208.61,0.14,0.14
C12511,1,40.06,40.06,0.23,0.23
C01284,4,79.7,19.925,0.23,0.09
C00523,1,9.93,9.93,0.27,0.27
C09945,1,150.03,150.03,0.82,0.82
C10216,1,199.98,199.98,0.04,0.04
C02538,2,63.93,31.965,0.16,0.095
C09455,1,23.37,23.37,0.1,0.1
C05316,1,100.07,100.07,0.16,0.16
C12756,1,99.89,99.89,0.19,0.19
C01240,1,24.95,24.95,0.49,0.49
C13484,1,149.92,149.92,0.5,0.5
C08907,1,210.04,210.04,0.23,0.23
C13059,1,200.02,200.02,0.52,0.52
C11079,1,34.04,34.04,0.2,0.2
C00934,3,249.91,83.30333333333333,0.82,0.68
C08783,1,50.0,50.0,0.73,0.73
C10591,1,107.93,107.93,0.2,0.2
C13216,1,199.99,199.99,0.97,0.97
C07937,2,2116.84,1058.42,0.78,0.66
C06675,1,49.98,49.98,0.87,0.87
C03058,5,114.46,22.892,0.23,0.148
C07211,1,107.99,107.99,0.44,0.44
C04447,2,150.08999999999997,75.04499999999999,0.9,0.535
C09376,1,210.03,210.03,0.03,0.03
C08573,1,159.97,159.97,0.07,0.07
C00041,1,49.08,49.08,0.08,0.08
C07042,1,250.07,250.07,0.74,0.74
C06480,1,225.91,225.91,0.13,0.13
C01081,1,59.02,59.02,0.14,0.14
C06860,1,208.63,208.63,0.11,0.11
C05688,1,49.98,49.98,0.57,0.57
C10791,2,99.77000000000001,49.885000000000005,0.86,0.7849999999999999
C01960,1,51.89,51.89,0.06,0.06
C11167,1,99.97,99.97,0.77,0.77
C01741,1,58.97,58.97,0.3,0.3
C06504,1,99.95,99.95,0.79,0.79
C03835,1,58.92,58.92,0.07,0.07
C10192,3,245.14,81.71333333333332,0.71,0.49333333333333335
C08249,2,138.82,69.41,0.12,0.06999999999999999
C03726,9,1645.02,182.78,0.64,0.1688888888888889
C07019,1,77.09,77.09,0.21,0.21
C08705,5,284.8,56.96,0.68,0.29
C09580,1,108.03,108.03,0.13,0.13
C10039,1,25.96,25.96,0.25,0.25
C04445,1,381.6,381.6,0.62,0.62
C01088,4,114.99,28.7475,0.59,0.25
C08682,2,83.99,41.995,0.26,0.14
C00303,4,479.33000000000004,119.83250000000001,0.06,0.0475
C00085,2,88.0,44.0,0.18,0.09999999999999999
C00206,1,39.01,39.01,0.21,0.21
C13294,1,100.04,100.04,0.68,0.68
C13198,1,100.0,100.0,0.24,0.24
C02416,1,15.98,15.98,0.23,0.23
C06483,1,100.12,100.12,0.16,0.16
C08704,1,29.04,29.04,0.03,0.03
C00811,1,72.01,72.01,0.01,0.01
C00920,1,108.0,108.0,0.22,0.22
C08060,1,150.04,150.04,0.58,0.58
C11017,3,70.46000000000001,23.486666666666668,0.17,0.12666666666666668
C03081,1,71.63,71.63,0.77,0.77
C04385,1,34.06,34.06,0.03,0.03
C09482,2,149.92,74.96,0.54,0.28
C06920,1,105.09,105.09,0.04,0.04
C01395,1,107.94,107.94,0.25,0.25
C07543,1,99.94,99.94,0.16,0.16
C08729,5,1439.81,287.962,0.82,0.44799999999999995
C01262,1,130.41,130.41,0.03,0.03
C06856,1,4.5,4.5,0.03,0.03
C09522,4,240.75,60.1875,0.21,0.1125
C13102,1,206.03,206.03,0.22,0.22
C00607,1,117.04,117.04,0.21,0.21
C13156,1,99.96,99.96,0.14,0.14
C09069,2,46.769999999999996,23.384999999999998,0.14,0.135
C02631,1,15.06,15.06,0.42,0.42
C00014,1,25.92,25.92,0.17,0.17
C03526,1,73.67,73.67,0.21,0.21
C05364,1,50.0,50.0,0.54,0.54
C04678,1,149.99,149.99,0.68,0.68
C04476,2,1100.01,550.005,0.76,0.755
C11326,1,74.95,74.95,0.07,0.07
C00215,6,438.02,73.00333333333333,0.25,0.11333333333333333
C07491,2,400.02,200.01,0.39,0.35
C10909,2,103.81,51.905,0.51,0.29000000000000004
C00608,1,99.93,99.93,0.83,0.83
C03581,1,117.05,117.05,0.11,0.11
C00597,1,59.05,59.05,0.29,0.29
C08967,4,8967.880000000001,2241.9700000000003,0.9,0.815
C12816,1,100.07,100.07,0.03,0.03
C10711,1,116.99,116.99,0.09,0.09
C03582,1,50.02,50.02,0.85,0.85
C10600,1,34.07,34.07,0.19,0.19
C04091,1,130.93,130.93,0.01,0.01
C12113,1,262.03,262.03,0.62,0.62
C05864,1,116.92,116.92,0.09,0.09
C02462,1,9.68,9.68,0.44,0.44
C09340,1,41.0,41.0,0.07,0.07
C05569,5,119.34,23.868000000000002,0.4,0.2
C04232,1,30.88,30.88,0.01,0.01
C01199,3,44.870000000000005,14.956666666666669,0.12,0.06
C05093,1,70.74,70.74,0.22,0.22
C02898,1,34.01,34.01,0.22,0.22
C09632,1,35.97,35.97,0.04,0.04
C02520,1,994.04,994.04,0.79,0.79
C09383,1,99.91,99.91,0.7,0.7
C05481,1,58.95,58.95,0.11,0.11
C05518,1,30.98,30.98,0.03,0.03
C09620,1,150.02,150.02,0.31,0.31
C10473,1,24.85,24.85,0.04,0.04
C09441,1,50.0,50.0,0.5,0.5
C05501,1,517.5,517.5,0.63,0.63
C07392,1,279.97,279.97,0.41,0.41
C04976,1,124.92,124.92,0.14,0.14
C10136,2,400.15,200.075,0.67,0.41500000000000004
C02496,1,25.04,25.04,0.43,0.43
C00843,2,399.90999999999997,199.95499999999998,0.6,0.38
C03314,2,225.53,112.765,0.27,0.265
C00007,1,69.95,69.95,0.15,0.15
C05442,1,29.94,29.94,0.09,0.09
C05656,2,175.88,87.94,0.17,0.14500000000000002
C00234,1,116.96,116.96,0.09,0.09
C13421,1,29.08,29.08,0.01,0.01
C03815,1,78.44,78.44,0.02,0.02
C01670,2,1293.5,646.75,0.82,0.72
C08308,1,116.94,116.94,0.18,0.18
C04846,1,49.91,49.91,0.66,0.66
C09189,1,54.25,54.25,0.2,0.2
C11956,1,129.0,129.0,0.16,0.16
C04945,1,317.51,317.51,0.32,0.32
C10704,2,852.92,426.46,0.63,0.38
C03745,1,149.93,149.93,0.03,0.03
C12892,1,30.95,30.95,0.13,0.13
C08318,1,450.09,450.09,0.21,0.21
C09413,1,19.91,19.91,0.33,0.33
C09371,1,99.97,99.97,0.11,0.11
C04179,1,65.35,65.35,0.1,0.1
C08480,1,473.47,473.47,0.35,0.35
C10680,1,49.68,49.68,0.36,0.36
C03402,2,210.5,105.25,0.22,0.135
C10729,1,116.97,116.97,0.07,0.07
C01294,3,64.92,21.64,0.28,0.19333333333333336
C02934,1,58.96,58.96,0.09,0.09
C10876,1,49.6,49.6,0.03,0.03
C04094,3,512.96,170.98666666666668,0.22,0.14333333333333334
C00574,1,170.95,170.95,0.18,0.18
C04011,1,29.09,29.09,0.05,0.05
C04198,1,87.78,87.78,0.07,0.07
C13166,1,208.63,208.63,0.04,0.04
C07181,1,59.08,59.08,0.03,0.03
C05765,1,40.35,40.35,0.16,0.16
C02120,2,445.0,222.5,0.87,0.46
C12657,2,29.869999999999997,14.934999999999999,0.28,0.165
C13282,1,107.89,107.89,0.07,0.07
C08000,1,34.06,34.06,0.26,0.26
C03172,5,1110.94,222.18800000000002,0.76,0.22000000000000003
C02241,1,57.95,57.95,0.08,0.08
C06062,1,1597.16,1597.16,0.8,0.8
C01824,1,200.09,200.09,0.45,0.45
C02878,1,47.98,47.98,0.06,0.06
C05217,1,44.08,44.08,0.28,0.28
C11074,1,96.66,96.66,0.06,0.06
C00062,1,75.05,75.05,0.55,0.55
C02610,1,12.47,12.47,0.04,0.04
C08431,1,12.08,12.08,0.34,0.34
C09731,1,159.98,159.98,0.03,0.03
C08983,3,1170.06,390.02,0.7,0.5466666666666666
C04653,2,156.98000000000002,78.49000000000001,0.19,0.125
C05375,5,64.8,12.959999999999999,0.53,0.262
C07786,1,150.01,150.01,0.8,0.8
C11481,1,100.09,100.09,0.17,0.17
C07527,1,50.05,50.05,0.77,0.77
C03425,1,38.95,38.95,0.01,0.01
C02926,2,669.97,334.985,0.85,0.845
C10739,1,54.44,54.44,0.02,0.02
C11283,1,57.86,57.86,0.05,0.05
C01835,1,44.11,44.11,0.38,0.38
C07923,2,234.14999999999998,117.07499999999999,0.26,0.155
C11383,1,108.03,108.03,0.25,0.25
C04706,1,129.0,129.0,0.02,0.02
C01415,1,250.06,250.06,0.57,0.57
C06187,4,171.64,42.91,0.09,0.0475
C05036,1,199.98,199.98,0.69,0.69
C11909,1,40.02,40.02,0.69,0.69
C09536,1,100.02,100.02,0.74,0.74
C03503,1,15.08,15.08,0.12,0.12
C06739,3,119.9,39.96666666666667,0.76,0.47666666666666674
C08560,1,54.48,54.48,0.04,0.04
C03261,1,117.02,117.02,0.04,0.04
C12619,1,739.15,739.15,0.56,0.56
C08092,1,205.99,205.99,0.22,0.22
C08416,1,117.02,117.02,0.29,0.29
C03404,1,54.49,54.49,0.15,0.15
C11301,2,224.98000000000002,112.49000000000001,0.21,0.16999999999999998
C04165,1,2007.86,2007.86,0.52,0.52
C07894,4,196.14,49.035,0.17,0.0875
C11463,1,199.96,199.96,0.8,0.8
C12915,1,1123.94,1123.94,0.86,0.86
C04611,2,1870.92,935.46,0.89,0.5
C01260,1,40.04,40.04,0.24,0.24
C01640,1,117.08,117.08,0.21,0.21
C06203,2,44.040000000000006,22.020000000000003,0.68,0.41000000000000003
C03629,1,139.29,139.29,0.18,0.18
C02659,1,18.88,18.88,0.17,0.17
C00711,1,112.97,112.97,0.03,0.03
C03174,1,8.02,8.02,0.05,0.05
C10018,1,23.16,23.16,0.01,0.01
C05672,2,430.49,215.245,0.11,0.065
C06294,1,279.99,279.99,0.55,0.55
C00494,1,58.92,58.92,0.08,0.08
C04914,1,226.06,226.06,0.12,0.12
C07808,1,54.52,54.52,0.09,0.09
C12849,1,209.92,209.92,0.14,0.14
C03016,1,25.01,25.01,0.81,0.81
C04057,2,165.32,82.66,0.06,0.045
C02680,1,117.09,117.09,0.05,0.05
C01626,1,349.96,349.96,0.58,0.58
C08810,4,2835.89,708.9725,0.78,0.645
C08567,2,34.269999999999996,17.134999999999998,0.14,0.07500000000000001
C05615,1,38.94,38.94,0.09,0.09
C02874,1,111.2,111.2,0.4,0.4
C03287,2,118.09,59.045,0.32,0.215
C02630,1,108.53,108.53,0.08,0.08
C00753,1,107.25,107.25,0.23,0.23
C00668,1,8.12,8.12,0.02,0.02
C02896,29,1099.76,37.922758620689656,0.49,0.14379310344827587
C03830,1,100.08,100.08,0.82,0.82
C03311,1,226.07,226.07,0.03,0.03
C08657,2,193.29,96.645,0.24,0.21
C11675,2,175.91,87.955,0.07,0.05500000000000001
C02836,1,53.91,53.91,0.09,0.09
C01303,1,47.99,47.99,0.02,0.02
C05745,2,78.07,39.035,0.08,0.055
C05768,1,150.06,150.06,0.58,0.58
C09416,1,35.99,35.99,0.3,0.3
C00119,1,68.48,68.48,0.12,0.12
C02572,1,200.07,200.07,0.73,0.73
C10581,1,159.91,159.91,0.02,0.02
C06258,1,250.08,250.08,0.45,0.45
C11775,1,488.2,488.2,0.76,0.76
C07291,2,299.9,149.95,0.54,0.28
C10140,1,47.94,47.94,0.57,0.57
C01636,2,115.9,57.95,0.04,0.025
C10286,1,299.95,299.95,0.7,0.7
C08373,1,41.15,41.15,0.01,0.01
C12963,2,134.04000000000002,67.02000000000001,0.19,0.155
C09479,2,132.45999999999998,66.22999999999999,0.14,0.085
C08325,1,17.0,17.0,0.12,0.12
C04703,1,41.41,41.41,0.07,0.07
C03164,1,40.67,40.67,0.07,0.07
C02159,2,142.89,71.445,0.24,0.16499999999999998
C11067,1,44.02,44.02,0.12,0.12
C12306,1,26.63,26.63,0.12,0.12
C08165,1,29.91,29.91,0.05,0.05
C10630,1,36.02,36.02,0.07,0.07
C02621,1,317.45,317.45,0.51,0.51
C10699,2,117.96000000000001,58.980000000000004,0.21,0.15
C12543,1,25.98,25.98,0.24,0.24
C09566,1,226.0,226.0,0.09,0.09
C03920,1,44.97,44.97,0.04,0.04
C08224,7,73.85,10.549999999999999,0.3,0.16999999999999998
C07617,1,57.9,57.9,0.45,0.45
C12728,1,150.09,150.09,0.84,0.84
C12185,1,117.08,117.08,0.49,0.49
C01490,1,25.04,25.04,0.45,0.45
C08543,1,47.77,47.77,0.25,0.25
C11377,1,185.4,185.4,0.08,0.08
C09147,1,553.92,553.92,0.55,0.55
C09122,1,594.9,594.9,0.61,0.61
C09130,1,300.09,300.09,0.31,0.31
C06896,1,59.02,59.02,0.12,0.12
C06473,1,32.04,32.04,0.03,0.03
C02289,1,132.73,132.73,0.68,0.68
C11721,1,41.26,41.26,0.19,0.19
C11170,1,37.38,37.38,0.07,0.07
C12765,1,53.67,53.67,0.02,0.02
C11986,1,75.07,75.07,0.25,0.25
C05218,3,135.02,45.00666666666667,0.14,0.09000000000000001
C06804,2,2661.95,1330.975,0.58,0.55
C04206,1,149.91,149.91,0.49,0.49
C03115,1,47.96,47.96,0.18,0.18
C09393,5,63.45,12.690000000000001,0.17,0.132
C13211,1,333.04,333.04,0.44,0.44
C13238,5,618.88,123.776,0.36,0.124
C08264,1,53.93,53.93,0.26,0.26
C05492,1,99.93,99.93,0.66,0.66
C05644,1,108.5,108.5,0.58,0.58
C05805,2,116.08,58.04,0.2,0.12000000000000001
C03289,1,97.02,97.02,0.3,0.3
C02099,1,694.97,694.97,0.54,0.54
C10726,1,49.92,49.92,0.07,0.07
C12075,1,149.93,149.93,0.76,0.76
C08248,1,29.79,29.79,0.27,0.27
C01351,1,14.37,14.37,0.51,0.51
C04680,1,66.35,66.35,0.62,0.62
C08630,1,11.97,11.97,0.77,0.77
C02744,1,335.0,335.0,0.74,0.74
C02960,1,10.05,10.05,0.13,0.13
C04441,1,117.02,117.02,0.04,0.04
C04918,1,100.0,100.0,0.11,0.11
C00714,2,88.07,44.035,0.49,0.295
C05074,1,200.91,200.91,0.01,0.01
C07911,3,123.84,41.28,0.12,0.06666666666666667
C00165,1,59.05,59.05,0.17,0.17
C10093,1,50.0,50.0,0.77,0.77
C03891,1,21.35,21.35,0.16,0.16
C04589,1,58.95,58.95,0.03,0.03
C01267,1,200.02,200.02,0.51,0.51
C07946,1,14.93,14.93,0.03,0.03
C02777,1,554.04,554.04,0.89,0.89
C02302,1,582.02,582.02,0.73,0.73
C01092,1,511.9,511.9,0.58,0.58
C12255,3,191.96,63.98666666666667,0.15,0.06333333333333334
C02157,1,58.97,58.97,0.12,0.12
C01080,2,419.82,209.91,0.14,0.095
C00475,2,222.97,111.485,0.15,0.125
C12205,1,25.04,25.04,0.29,0.29
C00486,4,95.36,23.84,0.3,0.20999999999999996
C12691,1,49.53,49.53,0.35,0.35
C10080,1,50.03,50.03,0.64,0.64
C02821,1,25.05,25.05,0.36,0.36
C03927,1,168.87,168.87,0.04,0.04
C10323,1,24.07,24.07,0.05,0.05
C13252,1,59.08,59.08,0.01,0.01
C08664,1,464.92,464.92,0.48,0.48
C01159,1,57.01,57.01,0.13,0.13
C02256,1,546.01,546.01,0.5,0.5
C01187,2,127.0,63.5,0.38,0.27
C05293,1,335.04,335.04,0.39,0.39
C09145,1,37.82,37.82,0.34,0.34
C04420,1,249.91,249.91,0.8,0.8
C09946,1,252.67,252.67,0.81,0.81
C11217,1,125.0,125.0,0.87,0.87
C09739,1,7.38,7.38,0.15,0.15
C05730,2,282.68,141.34,0.23,0.19
C12856,1,83.49,83.49,0.05,0.05
C06863,1,199.99,199.99,0.75,0.75
C09449,1,23.42,23.42,0.03,0.03
C03471,1,82.96,82.96,0.02,0.02
C05376,5,141.64,28.327999999999996,0.19,0.094
C05181,1,99.91,99.91,0.54,0.54
C02166,2,10.01,5.005,0.06,0.04
C04137,1,299.91,299.91,0.53,0.53
C04900,1,26.05,26.05,0.06,0.06
C05236,1,24.92,24.92,0.55,0.55
C06394,1,124.93,124.93,0.56,0.56
C02519,1,232.02,232.02,0.22,0.22
C00652,1,225.88,225.88,0.01,0.01
C04349,1,335.01,335.01,0.58,0.58
C10952,2,150.71,75.355,0.65,0.46
C02517,1,108.03,108.03,0.06,0.06
C08643,1,100.04,100.04,0.68,0.68
C02769,1,71.47,71.47,0.01,0.01
C07175,2,1108.02,554.01,0.61,0.605
C03801,1,269.97,269.97,0.62,0.62
C08063,1,10.0,10.0,0.12,0.12
C01556,1,49.43,49.43,0.3,0.3
C00221,1,335.06,335.06,0.5,0.5
C08931,1,225.92,225.92,0.38,0.38
C09821,1,171.08,171.08,0.17,0.17
C10425,1,29.91,29.91,0.19,0.19
C03111,1,28.91,28.91,0.06,0.06
C01052,1,15.93,15.93,0.08,0.08
C10954,1,307.98,307.98,0.29,0.29
C02654,1,35.52,35.52,0.41,0.41
C01800,1,257.42,257.42,0.21,0.21
C06722,1,279.92,279.92,0.62,0.62
C12599,1,355.61,355.61,0.63,0.63
C10595,1,59.05,59.05,0.02,0.02
C03410,1,47.88,47.88,0.06,0.06
C03068,2,670.11,335.055,0.6,0.425
C00251,4,400.05,100.0125,0.74,0.3825
C09124,1,59.08,59.08,0.02,0.02
C06759,3,221.85,73.95,0.82,0.5733333333333333
C06510,1,265.87,265.87,0.49,0.49
C13530,1,774.09,774.09,0.65,0.65
C03530,1,22.78,22.78,0.45,0.45
C05638,1,41.24,41.24,0.15,0.15
C06501,6,235.29,39.214999999999996,0.54,0.18333333333333335
C11447,1,27.89,27.89,0.01,0.01
C02558,1,309.91,309.91,0.73,0.73
C02847,1,10.65,10.65,0.1,0.1
C07764,1,83.02,83.02,0.19,0.19
C12794,1,225.98,225.98,0.19,0.19
C01644,1,2131.52,2131.52,0.78,0.78
C13050,1,184.49,184.49,0.4,0.4
C06659,2,299.87,149.935,0.09,0.08
C05534,1,32.89,32.89,0.19,0.19
C03932,1,250.07,250.07,0.64,0.64
C03183,1,47.05,47.05,0.12,0.12
C11506,1,16.55,16.55,0.24,0.24
C10698,2,284.89,142.445,0.25,0.145
C02137,1,554.0,554.0,0.93,0.93
C12759,2,149.97,74.985,0.79,0.47000000000000003
C05749,1,57.83,57.83,0.09,0.09
C06283,1,50.06,50.06,0.03,0.03
C04992,1,48.92,48.92,0.14,0.14
C10937,1,31.98,31.98,0.14,0.14
C06418,4,115.12,28.78,0.12,0.055
C13361,1,149.91,149.91,0.66,0.66
C01319,1,150.09,150.09,0.6,0.6
C10701,1,249.92,249.92,0.67,0.67
C11925,1,160.03,160.03,0.15,0.15
C10816,1,24.96,24.96,0.17,0.17
C08406,1,49.99,49.99,0.26,0.26
C12473,1,616.16,616.16,0.84,0.84
C01084,1,78.33,78.33,0.01,0.01
C12277,1,116.94,116.94,0.02,0.02
C07665,1,49.02,49.02,0.15,0.15
C06335,1,58.95,58.95,0.16,0.16
C06182,3,670.88,223.62666666666667,0.37,0.24333333333333332
C09532,1,25.0,25.0,0.16,0.16
C08818,2,142.08,71.04,0.2,0.12000000000000001
C13008,1,39.0,39.0,0.02,0.02
C02790,1,33.96,33.96,0.03,0.03
C12898,1,553.95,553.95,0.52,0.52
C07316,1,299.93,299.93,0.67,0.67
C09234,2,48.85,24.425,0.08,0.045
C01921,1,59.09,59.09,0.21,0.21
C09519,3,983.56,327.8533333333333,0.79,0.6666666666666666
C12314,1,115.04,115.04,0.03,0.03
C08836,2,63.519999999999996,31.759999999999998,0.2,0.18
C07554,2,300.03,150.015,0.69,0.665
C00148,1,58.91,58.91,0.27,0.27
C13104,1,774.09,774.09,0.74,0.74
C03051,1,103.93,103.93,0.03,0.03
C11724,1,52.15,52.15,0.1,0.1
C01299,1,24.54,24.54,0.24,0.24
C07818,1,117.06,117.06,0.28,0.28
C00476,2,50.69,25.345,0.26,0.185
C10750,1,35.97,35.97,0.15,0.15
C03689,1,199.97,199.97,0.92,0.92
C03064,1,54.43,54.43,0.01,0.01
C09572,1,34.41,34.41,0.15,0.15
C03584,1,225.91,225.91,0.25,0.25
C12175,2,71.78,35.89,0.26,0.15
C13538,1,58.19,58.19,0.11,0.11
C12107,1,58.97,58.97,0.1,0.1
C06440,2,78.38000000000001,39.190000000000005,0.35,0.18
C00298,3,999.9000000000001,333.3,0.84,0.57
C05169,1,59.09,59.09,0.21,0.21
C00624,1,67.56,67.56,0.01,0.01
C02072,2,78.1,39.05,0.23,0.13
C06787,1,60.04,60.04,0.1,0.1
C02915,3,1500.08,500.02666666666664,0.82,0.5966666666666667
C08893,1,74.98,74.98,0.35,0.35
C03987,1,116.93,116.93,0.25,0.25
C00320,1,29.07,29.07,0.13,0.13
C07819,1,17.33,17.33,0.05,0.05
C12908,1,209.89,209.89,0.16,0.16
C08659,1,249.93,249.93,0.79,0.79
C10598,1,107.93,107.93,0.62,0.62
C03196,1,49.93,49.93,0.95,0.95
C10721,1,226.03,226.03,0.02,0.02
C09591,1,40.75,40.75,0.15,0.15
C13201,1,99.98,99.98,0.54,0.54
C01405,1,100.03,100.03,0.23,0.23
C02270,1,161.04,161.04,0.04,0.04
C13029,3,1100.05,366.68333333333334,0.8,0.6
C03721,1,445.05,445.05,0.72,0.72
C11154,1,83.55,83.55,0.11,0.11
C05413,1,1124.41,1124.41,0.5,0.5
C11834,1,59.09,59.09,0.16,0.16
C06687,1,58.01,58.01,0.32,0.32
C04864,1,107.93,107.93,0.08,0.08
C05573,1,85.03,85.03,0.05,0.05
C01399,1,99.97,99.97,0.9,0.9
C12558,1,49.06,49.06,0.17,0.17
C05828,1,54.54,54.54,0.15,0.15
C11308,1,38.94,38.94,0.07,0.07
C12072,1,40.98,40.98,0.03,0.03
C11665,1,175.05,175.05,0.14,0.14
C10056,5,749.84,149.96800000000002,0.43,0.142
C09305,1,640.2,640.2,0.83,0.83
C07476,1,117.01,117.01,0.13,0.13
C01132,1,58.94,58.94,0.03,0.03
C03135,1,26.88,26.88,0.09,0.09
C05328,1,553.98,553.98,0.51,0.51
C05652,1,107.96,107.96,0.06,0.06
C07633,1,445.04,445.04,0.8,0.8
